ticker,date,shares,delta,n_obs,blips,flags
AAA,2013-01-02,19800000,,3410,2,first_obs
AAA,2014-08-26,39600000,19800000,3410,2,
AAA,2015-09-28,49500000,9900000,3410,2,
AAA,2015-10-08,49499988,-12,3410,2,tiny_delta
AAA,2016-05-13,51899988,2400000,3410,2,
AAA,2017-01-16,56964988,5065000,3410,2,
AAA,2017-06-05,58664988,1700000,3410,2,
AAA,2017-06-19,59249988,585000,3410,2,
AAA,2017-12-12,83599988,24350000,3410,2,
AAA,2018-04-09,167199976,83599988,3410,2,
AAA,2018-09-18,171199976,4000000,3410,2,
AAA,2020-07-17,211199976,40000000,3410,2,
AAA,2020-10-19,221759974,10559998,3410,2,
AAA,2021-06-02,296759974,75000000,3410,2,
AAA,2021-09-01,326435971,29675997,3410,2,
AAA,2021-09-10,326434496,-1475,3410,2,tiny_delta
AAA,2022-07-18,382274496,55840000,3410,2,
AAA,2025-08-29,393742730,11468234,3410,2,
AAH,2024-01-11,117900000,,662,0,first_obs
AAS,2020-07-23,31000000,,1532,0,first_obs
AAS,2021-07-21,80000000,49000000,1532,0,
AAS,2023-06-27,200000000,120000000,1532,0,
AAS,2023-08-17,199999969,-31,1532,0,tiny_delta
AAS,2023-11-14,229999964,29999995,1532,0,
AAS,2023-11-21,229999521,-443,1532,0,tiny_delta
AAV,2018-06-25,12500000,,2046,1,first_obs
AAV,2018-10-04,14375000,1875000,2046,1,
AAV,2018-10-12,14374996,-4,2046,1,tiny_delta
AAV,2019-03-04,31874996,17500000,2046,1,
AAV,2021-07-08,36656246,4781250,2046,1,
AAV,2021-07-16,36656180,-66,2046,1,tiny_delta
AAV,2021-12-07,66656180,30000000,2046,1,
AAV,2022-08-04,68989150,2332970,2046,1,
AAV,2022-08-11,68987661,-1489,2046,1,
ABB,2020-12-28,571311355,,1421,0,first_obs
ABB,2021-11-09,685573626,114262271,1421,0,
ABB,2022-01-27,696999853,11426227,1421,0,
ABB,2022-02-10,940949801,243949948,1421,0,
ABB,2022-02-18,940947082,-2719,1421,0,tiny_delta
ABB,2023-05-30,1035041790,94094708,1421,0,
ABB,2023-06-07,1035036762,-5028,1421,0,tiny_delta
ABB,2026-01-14,1345547790,310511028,1421,0,
ABB,2026-03-09,1397208723,51660933,1421,0,
ABB,2026-03-11,1397208685,-38,1421,0,tiny_delta
ABB,2026-07-09,1606789987,209581302,1421,0,
ABB,2026-07-17,1606783948,-6039,1421,0,tiny_delta
ABI,2013-01-02,38000000,,3415,1,first_obs
ABI,2016-07-27,36841800,-1158200,3415,1,
ABI,2021-11-05,41999652,5157852,3415,1,
ABI,2021-11-26,41999615,-37,3415,1,tiny_delta
ABI,2022-11-15,50399538,8399923,3415,1,
ABI,2022-11-29,50399217,-321,3415,1,tiny_delta
ABI,2023-11-03,71234253,20835036,3415,1,
ABI,2023-11-14,71233550,-703,3415,1,tiny_delta
ABI,2025-01-20,72153250,919700,3415,1,
ABI,2025-04-24,72391750,238500,3415,1,
ABI,2025-09-11,101348450,28956700,3415,1,
ABI,2025-09-23,101347632,-818,3415,1,tiny_delta
ABS,2020-03-18,28800000,,1620,0,first_obs
ABS,2020-09-03,36000000,7200000,1620,0,
ABS,2020-09-14,37439873,1439873,1620,0,
ABS,2021-01-13,80000000,42560127,1620,0,
ABW,2023-05-30,101150000,,821,0,first_obs
ABW,2026-06-24,301150000,200000000,821,0,
ACB,2013-01-02,937696506,,3410,3,first_obs
ACB,2013-07-09,921515375,-16181131,3410,3,
ACB,2014-05-05,909780511,-11734864,3410,3,
ACB,2015-01-16,896273898,-13506613,3410,3,
ACB,2016-12-01,985901288,89627390,3410,3,
ACB,2018-03-20,1084491417,98590129,3410,3,
ACB,2018-09-06,1247165130,162673713,3410,3,
ACB,2019-07-25,1621314669,374149539,3410,3,
ACB,2019-11-04,1656515277,35200608,3410,3,
ACB,2020-04-09,1662737277,6222000,3410,3,
ACB,2020-08-20,2161558460,498821183,3410,3,
ACB,2021-06-10,2701948075,540389615,3410,3,
ACB,2022-06-02,3377435094,675487019,3410,3,
ACB,2023-06-01,3884050358,506615264,3410,3,
ACB,2024-05-31,4466657912,582607554,3410,3,
ACB,2025-05-23,5136656599,669998687,3410,3,
ACB,2026-06-15,5804421957,667765358,3410,3,
ACV,2016-11-21,2177173236,,2447,1,first_obs
ACV,2018-01-31,2177129536,-43700,2447,1,
ACV,2019-01-17,2177057336,-72200,2447,1,
ACV,2019-10-23,2176998736,-58600,2447,1,
ACV,2020-12-08,2176950436,-48300,2447,1,
ACV,2025-07-15,2176649736,-300700,2447,1,
ACV,2025-08-07,3582330136,1405680400,2447,1,
ACV,2025-08-15,3582324023,-6113,2447,1,tiny_delta
ADS,2016-06-29,16070000,,2544,0,first_obs
ADS,2016-11-07,16873500,803500,2544,0,
ADS,2016-11-16,16873481,-19,2544,0,tiny_delta
ADS,2017-10-30,22497974,5624493,2544,0,
ADS,2017-12-07,26867974,4370000,2544,0,
ADS,2017-12-18,25517801,-1350173,2544,0,
ADS,2020-08-21,28069581,2551780,2544,0,
ADS,2020-09-09,28069450,-131,2544,0,tiny_delta
ADS,2021-10-20,38069450,10000000,2544,0,
ADS,2022-09-05,43779867,5710417,2544,0,
ADS,2022-09-12,43779034,-833,2544,0,
ADS,2023-03-22,50779034,7000000,2544,0,
ADS,2023-07-14,58395889,7616855,2544,0,
ADS,2023-07-26,58394727,-1162,2544,0,
ADS,2024-01-16,73394727,15000000,2544,0,
ADS,2024-05-22,76394727,3000000,2544,0,
AFX,2016-12-02,35000000,,2434,0,first_obs
AGG,2020-01-10,75000000,,1663,0,first_obs
AGG,2020-04-17,74925250,-74750,1663,0,
AGG,2020-08-27,82417775,7492525,1663,0,
AGG,2020-09-21,82417767,-8,1663,0,tiny_delta
AGG,2020-12-14,82393100,-24667,1663,0,
AGG,2021-02-02,82750577,357477,1663,0,
AGG,2022-01-25,111713280,28962703,1663,0,
AGG,2022-03-25,111713195,-85,1663,0,tiny_delta
AGG,2022-12-07,122884514,11171319,1663,0,
AGG,2022-12-14,125118368,2233854,1663,0,
AGG,2024-08-07,156397960,31279592,1663,0,
AGG,2024-08-15,156397281,-679,1663,0,tiny_delta
AGG,2024-10-22,162528081,6130800,1663,0,
AGG,2026-09-04,178780889,16252808,1663,0,
AGG,2026-09-11,181379982,2599093,1663,0,
AGR,2013-01-02,211200000,,3414,0,first_obs
AGR,2014-10-14,211199953,-47,3414,0,tiny_delta
AGR,2017-03-30,211189953,-10000,3414,0,
AGR,2017-07-07,211199953,10000,3414,0,
AGR,2021-08-18,211999953,800000,3414,0,
AGR,2022-12-28,215396262,3396309,3414,0,
AGR,2023-01-13,215391262,-5000,3414,0,
AGR,2025-06-02,228314738,12923476,3414,0,
AGR,2025-06-10,228311776,-2962,3414,0,
ANV,2013-01-02,65605250,,3415,1,first_obs
ANV,2017-08-09,124649975,59044725,3415,1,
ANV,2017-08-21,124649875,-100,3415,1,tiny_delta
ANV,2019-01-16,127144875,2495000,3415,1,
ANV,2019-07-23,127127875,-17000,3415,1,
ANV,2023-03-06,133127875,6000000,3415,1,
ANV,2024-11-07,266255750,133127875,3415,1,
APF,2017-06-08,10893557,,2315,1,first_obs
APF,2017-10-17,13072268,2178711,2315,1,
APF,2018-06-11,15033108,1960840,2315,1,
APF,2018-06-27,15032868,-240,2315,1,
APF,2019-05-28,16536154,1503286,2315,1,
APF,2019-07-11,16535887,-267,2315,1,
APF,2020-07-24,18189475,1653588,2315,1,
APF,2020-08-04,18189146,-329,2315,1,
APF,2021-06-15,20008060,1818914,2315,1,
APF,2021-06-23,20007784,-276,2315,1,
APF,2022-06-30,22008562,2000778,2315,1,
APF,2022-07-14,22008323,-239,2315,1,
APF,2022-09-08,22553997,545674,2315,1,
APF,2023-06-19,25937096,3383099,2315,1,
APF,2023-06-26,25936748,-348,2315,1,
APF,2024-01-17,27064447,1127699,2315,1,
APF,2024-07-09,29770891,2706444,2315,1,
APF,2024-07-15,29770578,-313,2315,1,
APF,2025-07-25,32747635,2977057,2315,1,
APF,2025-07-31,32747339,-296,2315,1,tiny_delta
APF,2026-06-01,36022072,3274733,2315,1,
APF,2026-06-09,36021756,-316,2315,1,tiny_delta
APG,2013-01-02,13528900,,3410,1,first_obs
APG,2019-01-25,34028900,20500000,3410,1,
APG,2021-06-21,73162035,39133135,3410,1,
APG,2021-07-01,73162083,48,3410,1,tiny_delta
APG,2021-07-28,73153306,-8777,3410,1,
APG,2021-12-02,146306612,73153306,3410,1,
APG,2023-08-22,153621942,7315330,3410,1,
APG,2024-05-07,223621942,70000000,3410,1,
APH,2020-07-28,146677339,,1529,0,first_obs
APH,2021-02-24,139362459,-7314880,1529,0,
APH,2021-03-03,195107442,55744983,1529,0,
APH,2022-02-10,243884302,48776860,1529,0,
APH,2022-02-16,243884268,-34,1529,0,tiny_delta
API,2013-01-02,26400000,,3415,0,first_obs
API,2015-05-19,36400000,10000000,3415,0,
API,2015-08-05,35400000,-1000000,3415,0,
API,2021-11-22,36400000,1000000,3415,0,
API,2022-01-12,38220000,1820000,3415,0,
API,2022-09-06,84084000,45864000,3415,0,
API,2022-09-13,84083976,-24,3415,0,tiny_delta
APS,2013-01-02,39000000,,3415,0,first_obs
APS,2021-07-23,78000000,39000000,3415,0,
APS,2021-11-12,83000000,5000000,3415,0,
ASM,2013-01-02,39736202,,3414,1,first_obs
ASM,2013-11-15,47683442,7947240,3414,1,
ASM,2013-12-13,47683440,-2,3414,1,tiny_delta
ASM,2014-09-18,104903568,57220128,3414,1,
ASM,2014-12-08,107287740,2384172,3414,1,
ASM,2015-07-31,219939867,112652127,3414,1,
ASM,2017-09-25,241933853,21993986,3414,1,
ASM,2019-03-19,258869222,16935369,3414,1,
ASM,2019-04-02,258867849,-1373,3414,1,tiny_delta
ASM,2022-01-14,336528203,77660354,3414,1,
ASM,2022-01-20,336526752,-1451,3414,1,tiny_delta
ASM,2024-07-15,370179427,33652675,3414,1,
ASM,2024-07-19,370178250,-1177,3414,1,tiny_delta
ASM,2025-10-07,407196075,37017825,3414,1,
ASM,2025-10-17,407194183,-1892,3414,1,tiny_delta
ASP,2013-01-02,22829609,,3414,0,first_obs
ASP,2014-10-29,37339542,14509933,3414,0,
BAF,2021-12-03,78000000,,1188,0,first_obs
BAF,2022-05-09,143520000,65520000,1188,0,
BAF,2024-05-17,236344000,92824000,1188,0,
BAF,2024-05-31,236343642,-358,1188,0,tiny_delta
BAF,2024-07-18,239021642,2678000,1188,0,
BAF,2025-03-28,304021642,65000000,1188,0,
BAF,2026-06-19,364825970,60804328,1188,0,
BAF,2026-06-29,364824906,-1064,1188,0,tiny_delta
BCM,2018-02-21,23469000,,2130,1,first_obs
BCM,2018-07-13,1012581100,989112100,2130,1,
BCM,2019-07-11,1035000000,22418900,2130,1,
BFC,2015-10-07,47640000,,2732,1,first_obs
BFC,2016-09-08,57168000,9528000,2732,1,
BFC,2016-09-15,57167993,-7,2732,1,tiny_delta
BIC,2013-01-02,65000000,,3415,0,first_obs
BIC,2013-06-10,66000000,1000000,3415,0,
BIC,2014-04-28,69300000,3300000,3415,0,
BIC,2014-07-07,76230000,6930000,3415,0,
BIC,2014-07-18,76229982,-18,3415,0,tiny_delta
BIC,2016-01-11,117276895,41046913,3415,0,
BIC,2025-09-09,202068090,84791195,3415,0,
BIC,2025-09-18,202067057,-1033,3415,0,tiny_delta
BID,2014-01-24,2811202644,,3149,1,first_obs
BID,2015-07-13,3148123744,336921100,3149,1,
BID,2015-08-13,3418715336,270591592,3149,1,
BID,2015-10-05,3418715334,-2,3149,1,tiny_delta
BID,2019-11-05,4022018040,603302706,3149,1,
BID,2021-12-23,5058540076,1036522036,3149,1,
BID,2021-12-27,5058526255,-13821,3149,1,tiny_delta
BID,2022-01-14,5058523816,-2439,3149,1,tiny_delta
BID,2023-11-28,5700450488,641926672,3149,1,
BID,2023-12-08,5700435900,-14588,3149,1,tiny_delta
BID,2024-12-23,6897527439,1197091539,3149,1,
BID,2024-12-30,6897515268,-12171,3149,1,tiny_delta
BID,2025-03-03,7021361917,123846649,3149,1,
BID,2026-03-26,7280065210,258703293,3149,1,
BID,2026-08-17,7778261912,498196702,3149,1,
BID,2026-08-25,7778229473,-32439,3149,1,tiny_delta
BIG,2022-01-10,5000000,,1163,0,first_obs
BIG,2024-10-28,14335000,9335000,1163,0,
BIG,2024-12-03,15085000,750000,1163,0,
BIG,2024-12-10,15084689,-311,1163,0,
BIG,2025-06-26,15989770,905081,1163,0,
BIG,2025-07-03,15989530,-240,1163,0,
BIG,2026-02-04,31074219,15084689,1163,0,
BIG,2026-06-04,34181640,3107421,1163,0,
BIG,2026-06-11,34181452,-188,1163,0,tiny_delta
BMI,2013-01-02,75500000,,3414,2,first_obs
BMI,2015-09-08,83050000,7550000,3414,2,
BMI,2015-10-26,83049888,-112,3414,2,tiny_delta
BMI,2016-09-21,91354876,8304988,3414,2,
BMI,2016-10-05,91354037,-839,3414,2,tiny_delta
BMI,2021-08-25,109624844,18270807,3414,2,
BMI,2021-09-06,109623985,-859,3414,2,tiny_delta
BMI,2023-10-12,120586383,10962398,3414,2,
BMI,2023-10-20,120585408,-975,3414,2,tiny_delta
BMI,2024-10-03,132643948,12058540,3414,2,
BMI,2024-10-11,132642818,-1130,3414,2,tiny_delta
BMI,2025-10-13,150549598,17906780,3414,2,
BMI,2025-10-21,150547626,-1972,3414,2,
BMP,2013-01-02,34983552,,3415,0,first_obs
BMP,2013-06-19,45478617,10495065,3415,0,
BMP,2013-07-01,45478480,-137,3415,0,tiny_delta
BMP,2017-06-13,81861264,36382784,3415,0,
BMP,2017-06-26,81860938,-326,3415,0,tiny_delta
BMS,2018-08-08,50000000,,2021,0,first_obs
BMS,2021-07-29,57000000,7000000,2021,0,
BMS,2021-08-06,56999986,-14,2021,0,tiny_delta
BMS,2022-07-14,60989985,3989999,2021,0,
BMS,2022-07-21,60989375,-610,2021,0,
BMS,2023-08-02,64648737,3659362,2021,0,
BMS,2023-08-09,64647613,-1124,2021,0,
BMS,2024-06-18,71112374,6464761,2021,0,
BMS,2024-06-26,71111425,-949,2021,0,
BMS,2025-05-29,78933681,7822256,2021,0,
BMS,2025-06-06,78932652,-1029,2021,0,
BMS,2025-12-16,203932652,125000000,2021,0,
BMS,2026-06-16,215148947,11216295,2021,0,
BMS,2026-06-26,215148036,-911,2021,0,tiny_delta
BNA,2020-10-12,8000000,,1476,0,first_obs
BNA,2021-10-07,20000000,12000000,1476,0,
BNA,2021-10-20,19999989,-11,1476,0,tiny_delta
BNA,2022-11-29,24999986,4999997,1476,0,
BNA,2022-12-14,24999855,-131,1476,0,tiny_delta
BNA,2024-11-11,31249818,6249963,1476,0,
BNA,2024-11-25,31249394,-424,1476,0,
BOT,2019-02-14,40000000,,1893,0,first_obs
BOT,2020-02-11,48500000,8500000,1893,0,
BOT,2021-01-04,59246800,10746800,1893,0,
BSI,2013-01-02,86500000,,3409,3,first_obs
BSI,2016-07-08,86494875,-5125,3409,3,
BSI,2016-09-21,90214375,3719500,3409,3,
BSI,2016-09-30,90213982,-393,3409,3,tiny_delta
BSI,2016-12-12,90213980,-2,3409,3,tiny_delta
BSI,2017-03-22,90213979,-1,3409,3,tiny_delta
BSI,2017-04-13,90213973,-6,3409,3,tiny_delta
BSI,2017-05-11,90213967,-6,3409,3,tiny_delta
BSI,2017-06-09,90213966,-1,3409,3,tiny_delta
BSI,2017-06-27,92983534,2769568,3409,3,
BSI,2017-07-11,92983343,-191,3409,3,tiny_delta
BSI,2017-11-02,97632767,4649424,3409,3,
BSI,2017-11-09,97632286,-481,3409,3,tiny_delta
BSI,2018-01-18,107632286,10000000,3409,3,
BSI,2018-06-18,110968886,3336600,3409,3,
BSI,2018-06-28,110968495,-391,3409,3,tiny_delta
BSI,2019-06-19,122065344,11096849,3409,3,
BSI,2019-06-28,122064929,-415,3409,3,tiny_delta
BSI,2020-02-14,121570689,-494240,3409,3,
BSI,2021-05-12,121570684,-5,3409,3,tiny_delta
BSI,2022-02-08,121570620,-64,3409,3,tiny_delta
BSI,2022-03-04,121570618,-2,3409,3,tiny_delta
BSI,2022-09-28,187300660,65730042,3409,3,
BSI,2023-06-22,187294460,-6200,3409,3,
BSI,2023-07-05,202278512,14984052,3409,3,
BSI,2023-07-20,202277467,-1045,3409,3,tiny_delta
BSI,2023-12-19,202783127,505660,3409,3,
BSI,2024-07-09,223061439,20278312,3409,3,
BSI,2024-07-17,223060701,-738,3409,3,tiny_delta
BSI,2025-06-11,245366771,22306070,3409,3,
BSI,2025-06-20,245365943,-828,3409,3,tiny_delta
BSI,2026-06-15,269902537,24536594,3409,3,
BSI,2026-06-22,269901549,-988,3409,3,tiny_delta
BSR,2018-03-01,241427969,,2124,0,first_obs
BSR,2018-04-05,3100499616,2859071647,2124,0,
BSR,2025-10-29,5007306879,1906807263,2124,0,
BSR,2025-11-05,5007299686,-7193,2124,0,tiny_delta
BVB,2020-07-09,317100000,,1534,0,first_obs
BVB,2020-12-31,352333333,35233333,1534,0,
BVB,2021-04-02,367090000,14756667,1534,0,
BVB,2023-03-29,513926000,146836000,1534,0,
BVB,2023-04-14,513925364,-636,1534,0,tiny_delta
BVB,2023-05-29,501680000,-12245364,1534,0,
BVB,2024-08-15,551848000,50168000,1534,0,
BVB,2024-08-26,551846215,-1785,1534,0,tiny_delta
BVB,2025-04-15,620826991,68980776,1534,0,
BVB,2025-06-24,620820000,-6991,1534,0,
BVB,2025-07-04,640820000,20000000,1534,0,
BVH,2013-01-02,680471434,,3415,1,first_obs
BVH,2018-05-18,700886434,20415000,3415,1,
BVH,2019-12-20,742322764,41436330,3415,1,
BVS,2013-01-02,72223837,,3415,2,first_obs
BVS,2016-08-02,72218737,-5100,3415,2,
BVS,2019-08-07,72200145,-18592,3415,2,
BWE,2017-07-20,150000000,,2285,0,first_obs
BWE,2020-12-03,187500000,37500000,2285,0,
BWE,2021-05-17,192920000,5420000,2285,0,
BWE,2024-05-17,219928800,27008800,2285,0,
BWE,2024-05-27,219928644,-156,2285,0,tiny_delta
BWE,2026-07-23,251347021,31418377,2285,0,
C4G,2018-12-10,100000000,,1934,0,first_obs
C4G,2021-03-02,106000000,6000000,1934,0,
C4G,2021-03-17,105999914,-86,1934,0,tiny_delta
C4G,2021-09-14,112359908,6359994,1934,0,
C4G,2021-09-22,112359101,-807,1934,0,tiny_delta
C4G,2022-01-20,224718202,112359101,1934,0,
C4G,2023-03-23,337077303,112359101,1934,0,
C4G,2023-08-30,357301941,20224638,1934,0,
C4G,2023-09-08,357300754,-1187,1934,0,tiny_delta
C69,2017-04-21,5000000,,2347,1,first_obs
C69,2018-08-29,10000000,5000000,2347,1,
C69,2019-09-03,15000000,5000000,2347,1,
C69,2020-10-16,30000000,15000000,2347,1,
C69,2021-09-16,60000000,30000000,2347,1,
C69,2023-05-25,61800000,1800000,2347,1,
C69,2023-06-05,61799972,-28,2347,1,tiny_delta
CAP,2013-01-02,1691045,,3415,2,first_obs
CAP,2013-04-23,1700045,9000,3415,2,
CAP,2013-05-14,3400090,1700045,3415,2,
CAP,2016-07-04,4760126,1360036,3415,2,
CAP,2016-08-09,4760088,-38,3415,2,tiny_delta
CAP,2019-08-29,5236096,476008,3415,2,
CAP,2019-09-09,5236023,-73,3415,2,
CAP,2022-06-14,7854035,2618012,3415,2,
CAP,2022-06-24,7853968,-67,3415,2,tiny_delta
CAP,2023-05-09,10053079,2199111,3415,2,
CAP,2023-05-16,10052920,-159,3415,2,
CAP,2024-03-18,15079380,5026460,3415,2,
CAP,2024-03-22,15079284,-96,3415,2,tiny_delta
CAP,2024-05-23,15269965,190681,3415,2,
CDC,2013-01-02,14958733,,3415,0,first_obs
CDC,2014-10-14,15706669,747936,3415,0,
CDC,2014-11-03,15706406,-263,3415,0,
CDC,2020-12-24,21988968,6282562,3415,0,
CDC,2021-01-27,21988716,-252,3415,0,
CDC,2025-03-28,43977432,21988716,3415,0,
CDC,2025-10-16,52772918,8795486,3415,0,
CDC,2025-10-22,52772661,-257,3415,0,tiny_delta
CDC,2026-04-17,105545322,52772661,3415,0,
CEO,2014-09-29,34311998,,2986,1,first_obs
CEO,2014-11-21,68623996,34311998,2986,1,
CEO,2016-02-22,102935994,34311998,2986,1,
CEO,2017-06-09,154403991,51467997,2986,1,
CEO,2019-07-04,257339985,102935994,2986,1,
CEO,2023-07-19,509533170,252193185,2986,1,
CEO,2023-08-29,514679970,5146800,2986,1,
CEO,2023-10-04,514678760,-1210,2986,1,tiny_delta
CEO,2024-07-25,540412698,25733938,2986,1,
CEO,2024-08-07,540406432,-6266,2986,1,
CEO,2025-08-07,567426753,27020321,2986,1,
CEO,2025-08-15,567416075,-10678,2986,1,
CEO,2026-06-09,595786878,28370803,2986,1,
CEO,2026-06-22,595775755,-11123,2986,1,
CII,2013-01-02,112801500,,3415,3,first_obs
CII,2013-11-26,112861500,60000,3415,3,
CII,2014-08-21,115527000,2665500,3415,3,
CII,2014-12-25,115567000,40000,3415,3,
CII,2015-01-07,186754904,71187904,3415,3,
CII,2015-01-23,195290904,8536000,3415,3,
CII,2015-07-27,202609538,7318634,3415,3,
CII,2015-07-29,212419538,9810000,3415,3,
CII,2015-08-05,212439138,19600,3415,3,
CII,2015-09-08,202629138,-9810000,3415,3,
CII,2015-09-30,217247638,14618500,3415,3,
CII,2015-12-02,218254038,1006400,3415,3,
CII,2016-01-27,250344407,32090369,3415,3,
CII,2016-06-20,264018237,13673830,3415,3,
CII,2016-08-16,240266727,-23751510,3415,3,
CII,2016-09-28,240273127,6400,3415,3,
CII,2016-11-02,241266727,993600,3415,3,
CII,2017-06-15,246244905,4978178,3415,3,
CII,2018-06-26,246481763,236858,3415,3,
CII,2018-07-25,244713403,-1768360,3415,3,
CII,2018-12-28,247713403,3000000,3415,3,
CII,2019-06-27,247838282,124879,3415,3,
CII,2020-05-08,238838282,-9000000,3415,3,
CII,2021-05-31,238879708,41426,3415,3,
CII,2021-11-15,238974901,95193,3415,3,
CII,2022-02-23,242507401,3532500,3415,3,
CII,2022-04-06,251507401,9000000,3415,3,
CII,2022-05-12,252214999,707598,3415,3,
CII,2022-11-10,252222143,7144,3415,3,
CII,2023-06-26,284019513,31797370,3415,3,
CII,2023-11-10,318364813,34345300,3415,3,
CII,2024-05-09,318778113,413300,3415,3,
CII,2024-11-11,319752413,974300,3415,3,
CII,2025-02-11,547976583,228224170,3415,3,
CII,2025-05-13,548194283,217700,3415,3,
CII,2025-08-05,624941482,76747199,3415,3,
CII,2025-08-11,624939021,-2461,3415,3,tiny_delta
CII,2025-11-04,625450421,511400,3415,3,
CII,2026-02-03,671985291,46534870,3415,3,
CLX,2017-03-01,86600000,,2383,0,first_obs
CMG,2013-01-02,67242694,,3415,1,first_obs
CMG,2013-04-17,66242694,-1000000,3415,1,
CMG,2017-12-06,67341953,1099259,3415,1,
CMG,2018-09-17,72055890,4713937,3415,1,
CMG,2018-09-28,72055210,-680,3415,1,tiny_delta
CMG,2019-07-24,75000826,2945616,3415,1,
CMG,2019-08-07,74999866,-960,3415,1,
CMG,2019-08-26,99999866,25000000,3415,1,
CMG,2022-02-10,108999853,8999987,3415,1,
CMG,2022-02-21,108998883,-970,3415,1,tiny_delta
CMG,2022-09-12,150004263,41005380,3415,1,
CMG,2022-09-21,150001432,-2831,3415,1,
CMG,2022-12-07,150596032,594600,3415,1,
CMG,2023-09-28,150577932,-18100,3415,1,
CMG,2023-12-05,190034092,39456160,3415,1,
CMG,2023-12-20,190026996,-7096,3415,1,
CMG,2024-06-06,190439296,412300,3415,1,
CMG,2024-09-06,190397496,-41800,3415,1,
CMG,2024-12-30,211341221,20943725,3415,1,
CMG,2025-01-15,211339607,-1614,3415,1,tiny_delta
CMG,2025-03-07,211300807,-38800,3415,1,
CMG,2025-08-15,211745107,444300,3415,1,
CMG,2025-12-15,211730207,-14900,3415,1,
CMG,2026-01-14,232903227,21173020,3415,1,
CMG,2026-01-30,232900908,-2319,3415,1,tiny_delta
CMG,2026-08-13,232891908,-9000,3415,1,
CRC,2018-08-20,15000000,,2013,0,first_obs
CRC,2021-09-27,30000000,15000000,2013,0,
CRC,2024-02-29,60000000,30000000,2013,0,
CRC,2025-06-13,68400000,8400000,2013,0,
CRC,2025-06-19,68399924,-76,2013,0,tiny_delta
CRC,2026-01-27,106699924,38300000,2013,0,
CRE,2018-09-05,50000000,,2002,0,first_obs
CRE,2019-02-14,80000000,30000000,2002,0,
CRE,2019-02-22,79999892,-108,2002,0,tiny_delta
CRE,2020-12-29,95999870,15999978,2002,0,
CRE,2021-01-08,95999800,-70,2002,0,tiny_delta
CRE,2021-09-14,196799590,100799790,2002,0,
CRE,2021-10-21,201599449,4799859,2002,0,
CRE,2022-08-15,463678732,262079283,2002,0,
CRE,2022-10-21,463678426,-306,2002,0,tiny_delta
CSM,2013-01-02,58516542,,3415,1,first_obs
CSM,2013-07-17,67294023,8777481,3415,1,
CSM,2013-07-31,67292000,-2023,3415,1,
CSM,2015-07-22,74021200,6729200,3415,1,
CSM,2015-08-06,74019291,-1909,3415,1,
CSM,2016-06-29,103627007,29607716,3415,1,
CSM,2016-07-14,103625262,-1745,3415,1,
CSV,2015-03-18,44200000,,2872,0,first_obs
CSV,2024-07-01,110500000,66300000,2872,0,
CSV,2024-07-05,110499910,-90,2872,0,tiny_delta
CTD,2013-01-02,42133344,,3415,3,first_obs
CTD,2015-08-21,43186344,1053000,3415,3,
CTD,2016-01-08,46790874,3604530,3415,3,
CTD,2016-08-29,49130414,2339540,3415,3,
CTD,2016-10-17,65507219,16376805,3415,3,
CTD,2016-10-28,65506593,-626,3415,3,tiny_delta
CTD,2016-11-17,76983344,11476751,3415,3,
CTD,2017-08-25,76750844,-232500,3415,3,
CTD,2017-08-30,76534844,-216000,3415,3,
CTD,2018-01-12,77839844,1305000,3415,3,
CTD,2018-02-06,78288344,448500,3415,3,
CTD,2018-11-02,78196713,-91631,3415,3,
CTD,2019-01-14,75478873,-2717840,3415,3,
CTD,2019-02-26,76378873,900000,3415,3,
CTD,2019-09-25,76292573,-86300,3415,3,
CTD,2021-02-01,74283673,-2008900,3415,3,
CTD,2021-07-21,73859473,-424200,3415,3,
CTD,2023-06-16,74414258,554785,3415,3,
CTD,2023-09-28,99219010,24804752,3415,3,
CTD,2023-10-09,99216719,-2291,3415,3,
CTD,2024-02-01,99930014,713295,3415,3,
CTD,2025-07-10,101430014,1500000,3415,3,
CTD,2025-12-24,106501515,5071501,3415,3,
CTD,2026-01-05,106500404,-1111,3415,3,
CTD,2026-04-17,111825424,5325020,3415,3,
CTD,2026-04-28,111823220,-2204,3415,3,
CTF,2017-05-30,18000000,,2322,1,first_obs
CTF,2018-12-03,39600000,21600000,2322,1,
CTF,2019-06-18,45540000,5940000,2322,1,
CTF,2019-07-02,45539968,-32,2322,1,tiny_delta
CTF,2020-12-25,68309952,22769984,2322,1,
CTF,2021-02-08,68300000,-9952,2322,1,
CTF,2021-12-06,72398000,4098000,2322,1,
CTF,2021-12-14,72397776,-224,2322,1,tiny_delta
CTF,2022-07-12,76017664,3619888,2322,1,
CTF,2022-07-19,76017542,-122,2322,1,tiny_delta
CTF,2023-07-11,79818419,3800877,2322,1,
CTF,2023-10-12,89396629,9578210,2322,1,
CTF,2023-10-16,89396463,-166,2322,1,tiny_delta
CTF,2024-12-06,95654215,6257752,2322,1,
CTF,2024-12-12,95653859,-356,2322,1,tiny_delta
CTG,2013-01-02,2621754537,,3415,0,first_obs
CTG,2013-05-17,3266144348,644389811,3415,0,
CTG,2013-09-06,3723404556,457260208,3415,0,
CTG,2021-07-07,4805779643,1082375087,3415,0,
CTG,2021-07-21,4805750609,-29034,3415,0,tiny_delta
CTG,2023-11-30,5370017816,564267207,3415,0,
CTG,2023-12-13,5369991748,-26068,3415,0,tiny_delta
CTG,2025-12-17,7766972627,2396980879,3415,0,
CTG,2025-12-25,7766944637,-27990,3415,0,tiny_delta
CTI,2013-01-02,15000000,,3415,2,first_obs
CTI,2014-10-13,33000000,18000000,3415,2,
CTI,2014-12-15,32999997,-3,3415,2,tiny_delta
CTI,2016-07-21,42999997,10000000,3415,2,
CTI,2017-05-30,60999997,18000000,3415,2,
CTI,2017-07-13,62999997,2000000,3415,2,
CTI,2020-06-26,54799997,-8200000,3415,2,
CTI,2025-07-01,62999997,8200000,3415,2,
CTI,2026-08-17,69299996,6299999,3415,2,
CTI,2026-08-24,69299861,-135,3415,2,tiny_delta
CTP,2016-07-28,10000000,,2530,1,first_obs
CTP,2018-02-02,11000000,1000000,2530,1,
CTP,2018-02-27,10999998,-2,2530,1,tiny_delta
CTP,2018-09-25,12099997,1099999,2530,1,
CTP,2018-10-03,12099992,-5,2530,1,tiny_delta
CTR,2017-10-31,47123341,,2207,1,first_obs
CTR,2018-11-16,51835675,4712334,2207,1,
CTR,2018-11-28,51835043,-632,2207,1,
CTR,2019-09-06,60698835,8863792,2207,1,
CTR,2019-10-21,60697509,-1326,2207,1,
CTR,2020-08-03,70439382,9741873,2207,1,
CTR,2020-08-24,70408125,-31257,2207,1,
CTR,2020-11-18,71781828,1373703,2207,1,
CTR,2021-06-23,92927474,21145646,2207,1,
CTR,2021-07-05,92923873,-3601,2207,1,
CTR,2022-06-17,114389287,21465414,2207,1,
CTR,2022-06-30,114385879,-3408,2207,1,
CTR,2026-07-09,128112184,13726305,2207,1,
CTR,2026-07-21,128109533,-2651,2207,1,
CTS,2013-01-02,77703400,,3411,2,first_obs
CTS,2014-10-29,78956700,1253300,3411,2,
CTS,2015-09-28,83694093,4737393,3411,2,
CTS,2015-10-12,83693490,-603,3411,2,tiny_delta
CTS,2016-07-14,90388969,6695479,3411,2,
CTS,2016-07-27,90387054,-1915,3411,2,
CTS,2017-08-08,97618018,7230964,3411,2,
CTS,2017-08-23,97616203,-1815,3411,2,
CTS,2018-09-07,106401661,8785458,3411,2,
CTS,2018-09-24,106399708,-1953,3411,2,
CTS,2018-10-12,106399669,-39,3411,2,tiny_delta
CTS,2019-04-09,106399631,-38,3411,2,tiny_delta
CTS,2020-02-07,106399614,-17,3411,2,tiny_delta
CTS,2022-03-28,114911583,8511969,3411,2,
CTS,2022-04-08,114909849,-1734,3411,2,
CTS,2022-08-24,148716325,33806476,3411,2,
CTS,2022-09-09,148701349,-14976,3411,2,
CTS,2024-05-29,148738311,36962,3411,2,
CTS,2025-06-05,212695784,63957473,3411,2,
CTS,2025-06-19,212693438,-2346,3411,2,
CTS,2026-06-12,272247600,59554162,3411,2,
CTS,2026-06-24,272244939,-2661,3411,2,tiny_delta
D2D,2013-01-02,10654984,,3415,1,first_obs
D2D,2019-07-04,21309968,10654984,3415,1,
D2D,2020-11-26,30260154,8950186,3415,1,
D2D,2020-12-07,30259742,-412,3415,1,
DBC,2013-01-02,48409960,,3407,2,first_obs
DBC,2013-02-19,62741923,14331963,3407,2,
DBC,2016-03-07,75290308,12548385,3407,2,
DBC,2016-03-14,75289959,-349,3407,2,tiny_delta
DBC,2017-03-14,82818954,7528995,3407,2,
DBC,2017-03-27,82818465,-489,3407,2,tiny_delta
DBC,2019-04-12,91100311,8281846,3407,2,
DBC,2019-04-25,91099828,-483,3407,2,tiny_delta
DBC,2020-04-06,104764801,13664973,3407,2,
DBC,2020-04-14,104763911,-890,3407,2,tiny_delta
DBC,2021-06-10,115240302,10476391,3407,2,
DBC,2021-06-16,115239430,-872,3407,2,tiny_delta
DBC,2022-04-05,230478860,115239430,3407,2,
DBC,2022-06-22,242002803,11523943,3407,2,
DBC,2022-06-29,242001859,-944,3407,2,tiny_delta
DBC,2024-07-15,322669145,80667286,3407,2,
DBC,2024-08-29,334669145,12000000,3407,2,
DBC,2025-08-07,384869516,50200371,3407,2,
DBC,2025-08-13,384866667,-2849,3407,2,tiny_delta
DBC,2026-06-05,431050667,46184000,3407,2,
DBC,2026-06-12,431046499,-4168,3407,2,tiny_delta
DBD,2017-01-16,52378915,,2405,0,first_obs
DBD,2021-01-29,52338915,-40000,2405,0,
DBD,2021-06-14,57572806,5233891,2405,0,
DBD,2021-06-23,57572359,-447,2405,0,tiny_delta
DBD,2022-06-09,74844066,17271707,2405,0,
DBD,2022-06-23,74843474,-592,2405,0,tiny_delta
DBD,2024-06-19,93554342,18710868,2405,0,
DBD,2024-06-26,93553762,-580,2405,0,tiny_delta
DBD,2025-08-27,94489262,935500,2405,0,
DC4,2013-01-02,4900500,,3409,1,first_obs
DC4,2014-06-30,5000000,99500,3409,1,
DC4,2014-09-15,5250000,250000,3409,1,
DC4,2014-10-01,5249846,-154,3409,1,
DC4,2015-10-07,5512338,262492,3409,1,
DC4,2015-10-21,5512061,-277,3409,1,
DC4,2017-11-29,14331358,8819297,3409,1,
DC4,2018-03-23,10000000,-4331358,3409,1,
DC4,2018-08-23,11000000,1000000,3409,1,
DC4,2019-05-13,12100000,1100000,3409,1,
DC4,2019-07-04,12099764,-236,3409,1,
DC4,2019-09-30,29000000,16900236,3409,1,
DC4,2020-02-04,30000000,1000000,3409,1,
DC4,2020-08-26,31500000,1500000,3409,1,
DC4,2020-09-10,31499758,-242,3409,1,tiny_delta
DC4,2020-09-14,31999758,500000,3409,1,
DC4,2021-07-09,33599745,1599987,3409,1,
DC4,2021-07-20,33599465,-280,3409,1,tiny_delta
DC4,2021-12-27,35249465,1650000,3409,1,
DC4,2022-01-04,50000000,14750535,3409,1,
DC4,2022-06-09,52500000,2500000,3409,1,
DC4,2022-06-16,52499723,-277,3409,1,tiny_delta
DC4,2024-06-27,57749695,5249972,3409,1,
DC4,2024-07-08,57749267,-428,3409,1,tiny_delta
DC4,2025-01-14,86624114,28874847,3409,1,
DC4,2025-03-21,86623900,-214,3409,1,tiny_delta
DC4,2025-06-02,95286290,8662390,3409,1,
DC4,2025-06-09,95285704,-586,3409,1,tiny_delta
DC4,2025-11-07,98235704,2950000,3409,1,
DC4,2026-06-10,108059274,9823570,3409,1,
DC4,2026-06-22,108058667,-607,3409,1,tiny_delta
DCL,2013-01-02,9913692,,3415,1,first_obs
DCL,2015-06-15,10059480,145788,3415,1,
DCL,2015-07-15,20118960,10059480,3415,1,
DCL,2016-04-19,40237920,20118960,3415,1,
DCL,2016-08-04,56333088,16095168,3415,1,
DCL,2016-08-15,56332824,-264,3415,1,tiny_delta
DCL,2017-11-03,56832824,500000,3415,1,
DCL,2021-09-09,58832824,2000000,3415,1,
DCL,2022-03-17,73041030,14208206,3415,1,
DCM,2015-03-31,529400000,,2862,0,first_obs
DDV,2015-10-27,146109900,,2718,0,first_obs
DGC,2014-08-26,33499366,,3001,2,first_obs
DGC,2015-06-05,42209132,8709766,3001,2,
DGC,2016-07-11,50009132,7800000,3001,2,
DGC,2016-08-02,50008691,-441,3001,2,tiny_delta
DGC,2016-08-25,50008259,-432,3001,2,tiny_delta
DGC,2016-08-26,50008002,-257,3001,2,tiny_delta
DGC,2018-09-17,107802938,57794936,3001,2,
DGC,2019-05-08,123973378,16170440,3001,2,
DGC,2019-05-21,123972743,-635,3001,2,tiny_delta
DGC,2019-08-14,129362743,5390000,3001,2,
DGC,2020-08-07,148767154,19404411,3001,2,
DGC,2020-08-13,148766070,-1084,3001,2,tiny_delta
DGC,2021-05-07,171080980,22314910,3001,2,
DGC,2021-05-14,171079683,-1297,3001,2,tiny_delta
DGC,2022-06-03,371242912,200163229,3001,2,
DGC,2022-06-09,371241200,-1712,3001,2,tiny_delta
DGC,2022-09-29,379778413,8537213,3001,2,
DGW,2015-08-03,23432200,,2777,2,first_obs
DGW,2015-10-09,30461860,7029660,2777,2,
DGW,2016-12-29,39600418,9138558,2777,2,
DGW,2017-01-11,39600278,-140,2777,2,tiny_delta
DGW,2017-12-26,40600278,1000000,2777,2,
DGW,2019-03-28,41800278,1200000,2777,2,
DGW,2020-04-08,43000278,1200000,2777,2,
DGW,2021-05-27,44200278,1200000,2777,2,
DGW,2021-08-24,88400556,44200278,2777,2,
DGW,2022-04-12,90600556,2200000,2777,2,
DGW,2022-06-08,90597556,-3000,2777,2,
DGW,2022-07-01,163075600,72478044,2777,2,
DGW,2022-07-08,163075474,-126,2777,2,tiny_delta
DGW,2023-01-17,167075474,4000000,2777,2,
DGW,2023-04-28,167072974,-2500,2777,2,
DGW,2024-01-03,167056274,-16700,2777,2,
DGW,2024-03-25,167053274,-3000,2777,2,
DGW,2024-09-13,217169256,50115982,2777,2,
DGW,2024-09-20,217168700,-556,2777,2,tiny_delta
DGW,2024-12-04,219168700,2000000,2777,2,
DGW,2025-10-08,221168700,2000000,2777,2,
DGW,2026-07-14,221161000,-7700,2777,2,
DGW,2026-08-28,223361000,2200000,2777,2,
DHA,2013-01-02,15061213,,3415,1,first_obs
DHA,2019-01-25,14726073,-335140,3415,1,
DHA,2025-08-14,14721073,-5000,3415,1,
DHC,2013-01-02,14999908,,3415,3,first_obs
DHC,2014-12-03,15689999,690091,3415,3,
DHC,2015-08-10,17258998,1568999,3415,3,
DHC,2015-08-21,17258888,-110,3415,3,tiny_delta
DHC,2016-03-21,23258888,6000000,3415,3,
DHC,2016-08-18,25584776,2325888,3415,3,
DHC,2016-08-30,25584603,-173,3415,3,tiny_delta
DHC,2017-09-22,33259983,7675380,3415,3,
DHC,2017-10-03,33259769,-214,3415,3,tiny_delta
DHC,2017-10-24,34459769,1200000,3415,3,
DHC,2018-11-26,44797700,10337931,3415,3,
DHC,2018-12-04,44797526,-174,3415,3,tiny_delta
DHC,2019-07-19,53757031,8959505,3415,3,
DHC,2019-07-30,53756783,-248,3415,3,tiny_delta
DHC,2019-12-27,55995783,2239000,3415,3,
DHC,2021-07-23,69994728,13998945,3415,3,
DHC,2021-08-02,69994423,-305,3415,3,tiny_delta
DHC,2022-12-14,80493586,10499163,3415,3,
DHC,2022-12-27,80493048,-538,3415,3,tiny_delta
DHC,2025-05-16,96591657,16098609,3415,3,
DHC,2025-05-27,96591206,-451,3415,3,tiny_delta
DHC,2026-06-19,106250326,9659120,3415,3,
DHC,2026-07-03,106249620,-706,3415,3,tiny_delta
DHG,2013-01-02,65366299,,3414,1,first_obs
DHG,2014-05-30,87155065,21788766,3414,1,
DHG,2014-06-16,87154200,-865,3414,1,tiny_delta
DHG,2015-07-27,86941950,-212250,3414,1,
DHG,2016-09-08,87019330,77380,3414,1,
DHG,2016-09-09,87041330,22000,3414,1,
DHG,2016-09-12,87077430,36100,3414,1,
DHG,2016-09-14,87099430,22000,3414,1,
DHG,2016-09-15,87121430,22000,3414,1,
DHG,2016-09-16,87143430,22000,3414,1,
DHG,2016-09-19,87164330,20900,3414,1,
DHG,2017-05-25,130746495,43582165,3414,1,
DHG,2017-06-06,130746071,-424,3414,1,tiny_delta
DHT,2013-01-02,6282602,,3416,2,first_obs
DHT,2015-05-07,6281153,-1449,3416,2,
DHT,2016-08-02,6262486,-18667,3416,2,
DHT,2017-05-16,6281089,18603,3416,2,
DHT,2017-05-23,12562178,6281089,3416,2,
DHT,2018-05-02,18843267,6281089,3416,2,
DHT,2018-06-04,18843433,166,3416,2,tiny_delta
DHT,2019-04-26,20727584,1884151,3416,2,
DHT,2019-05-13,20727352,-232,3416,2,
DHT,2019-06-13,21125852,398500,3416,2,
DHT,2021-01-20,26407315,5281463,3416,2,
DHT,2023-06-23,73940482,47533167,3416,2,
DHT,2023-06-30,73940260,-222,3416,2,tiny_delta
DHT,2023-12-26,82340260,8400000,3416,2,
DHT,2025-10-24,90574286,8234026,3416,2,
DHT,2025-11-03,90574038,-248,3416,2,tiny_delta
DIG,2013-01-02,142997599,,3416,1,first_obs
DIG,2013-01-22,142995587,-2012,3416,1,
DIG,2014-08-20,178744484,35748897,3416,1,
DIG,2014-09-04,178743620,-864,3416,1,tiny_delta
DIG,2015-09-14,198643620,19900000,3416,1,
DIG,2015-11-10,214535110,15891490,3416,1,
DIG,2015-11-24,214533817,-1293,3416,1,tiny_delta
DIG,2016-06-07,231696497,17162680,3416,1,
DIG,2016-06-22,231694819,-1678,3416,1,tiny_delta
DIG,2017-01-03,238194819,6500000,3416,1,
DIG,2018-08-14,306688171,68493352,3416,1,
DIG,2018-08-15,252486508,-54201663,3416,1,
DIG,2018-08-24,252484783,-1725,3416,1,tiny_delta
DIG,2019-02-28,300123747,47638964,3416,1,
DIG,2019-04-17,299948444,-175303,3416,1,
DIG,2019-08-14,314945866,14997422,3416,1,
DIG,2019-08-27,314943601,-2265,3416,1,tiny_delta
DIG,2020-04-28,306688171,-8255430,3416,1,
DIG,2020-12-07,314943601,8255430,3416,1,
DIG,2021-03-30,346792856,31849255,3416,1,
DIG,2021-05-13,350339233,3546377,3416,1,
DIG,2021-06-08,409896902,59557669,3416,1,
DIG,2021-06-17,409890962,-5940,3416,1,
DIG,2021-09-06,424890962,15000000,3416,1,
DIG,2021-10-12,499890962,75000000,3416,1,
DIG,2022-07-21,609866973,109976011,3416,1,
DIG,2022-08-02,609851995,-14978,3416,1,
DIG,2025-05-29,646443114,36591119,3416,1,
DIG,2025-06-10,646431191,-11923,3416,1,
DIG,2025-10-09,796431191,150000000,3416,1,
DIG,2026-09-08,844217062,47785871,3416,1,
DL1,2013-01-02,2483936,,3416,1,first_obs
DL1,2013-09-10,2856526,372590,3416,1,
DL1,2013-11-01,2856454,-72,3416,1,
DL1,2014-10-13,3142099,285645,3416,1,
DL1,2014-10-23,3142026,-73,3416,1,
DL1,2016-04-07,15218717,12076691,3416,1,
DL1,2016-07-28,16892708,1673991,3416,1,
DL1,2016-08-12,16892488,-220,3416,1,
DL1,2017-09-21,101354928,84462440,3416,1,
DL1,2017-11-16,101177353,-177575,3416,1,
DL1,2022-02-09,106236220,5058867,3416,1,
DL1,2022-02-18,106236094,-126,3416,1,tiny_delta
DL1,2025-12-11,180601359,74365265,3416,1,
DL1,2025-12-22,180600387,-972,3416,1,tiny_delta
DLG,2013-01-02,67085108,,3416,3,first_obs
DLG,2013-09-30,69744898,2659790,3416,3,
DLG,2014-08-05,149254080,79509182,3416,3,
DLG,2014-08-29,149253515,-565,3416,3,tiny_delta
DLG,2015-08-24,169186135,19932620,3416,3,
DLG,2016-05-30,219186117,49999982,3416,3,
DLG,2016-12-02,429331539,210145422,3416,3,
DLG,2016-12-15,429330459,-1080,3416,3,tiny_delta
DLG,2017-02-14,285057850,-144272609,3416,3,
DLG,2018-10-03,299310705,14252855,3416,3,
DLG,2018-10-15,299309720,-985,3416,3,tiny_delta
DP3,2015-07-17,5250000,,2790,1,first_obs
DP3,2015-12-31,6562500,1312500,2790,1,
DP3,2016-02-29,6800122,237622,2790,1,
DP3,2019-02-12,7650000,849878,2790,1,
DP3,2019-05-21,8600000,950000,2790,1,
DP3,2023-07-11,21500000,12900000,2790,1,
DP3,2023-07-18,21499933,-67,2790,1,tiny_delta
DPG,2017-01-12,6587652,,2409,1,first_obs
DPG,2017-08-11,11857773,5270121,2409,1,
DPG,2017-11-07,11857738,-35,2409,1,tiny_delta
DPG,2018-02-02,30000000,18142262,2409,1,
DPG,2018-02-28,30000141,141,2409,1,tiny_delta
DPG,2019-05-08,44999943,14999802,2409,1,
DPG,2019-05-20,44999810,-133,2409,1,tiny_delta
DPG,2020-04-28,43499810,-1500000,2409,1,
DPG,2021-06-01,44999810,1500000,2409,1,
DPG,2021-07-14,62999734,17999924,2409,1,
DPG,2021-08-02,62999554,-180,2409,1,tiny_delta
DPG,2025-06-11,100799286,37799732,2409,1,
DPG,2025-06-19,100799032,-254,2409,1,tiny_delta
DPG,2026-02-12,118587096,17788064,2409,1,
DPM,2013-01-02,377554320,,3416,0,first_obs
DPM,2013-03-12,379934260,2379940,3416,0,
DPM,2016-03-02,391334260,11400000,3416,0,
DPM,2025-08-07,679934260,288600000,3416,0,
DPM,2025-08-20,679925021,-9239,3416,0,
DPR,2013-01-02,43000000,,3416,0,first_obs
DPR,2013-10-15,42124790,-875210,3416,0,
DPR,2014-10-23,40124790,-2000000,3416,0,
DPR,2021-07-06,43000000,2875210,3416,0,
DPR,2023-03-10,43442966,442966,3416,0,
DPR,2023-09-27,86885932,43442966,3416,0,
DRC,2013-01-02,69228945,,3416,1,first_obs
DRC,2013-05-13,83074734,13845789,3416,1,
DRC,2013-06-12,83073849,-885,3416,1,
DRC,2015-06-03,91381233,8307384,3416,1,
DRC,2015-06-24,91380029,-1204,3416,1,
DRC,2016-06-09,118794003,27413974,3416,1,
DRC,2016-06-29,118792605,-1398,3416,1,
DRC,2025-07-23,154430386,35637781,3416,1,
DRC,2025-07-30,154429283,-1103,3416,1,tiny_delta
DRH,2013-01-02,18113852,,3416,1,first_obs
DRH,2015-03-31,18228172,114320,3416,1,
DRH,2015-07-08,18399702,171530,3416,1,
DRH,2016-04-25,49000000,30600298,3416,1,
DRH,2018-07-03,58800000,9800000,3416,1,
DRH,2018-07-13,58799938,-62,3416,1,tiny_delta
DRH,2018-08-21,60999933,2199995,3416,1,
DRH,2019-04-02,60989933,-10000,3416,1,
DRH,2019-10-29,60424933,-565000,3416,1,
DRH,2020-04-07,60364933,-60000,3416,1,
DRH,2020-09-09,60353933,-11000,3416,1,
DRH,2022-03-14,120707866,60353933,3416,1,
DRH,2022-04-28,123707866,3000000,3416,1,
DRI,2017-05-23,73200000,,2328,0,first_obs
DSE,2024-07-01,330000000,,550,0,first_obs
DSE,2025-06-16,339900000,9900000,550,0,
DSE,2025-09-25,342600000,2700000,550,0,
DSE,2026-01-09,428250000,85650000,550,0,
DSE,2026-03-25,428249806,-194,550,0,tiny_delta
DST,2013-01-02,1000000,,3416,1,first_obs
DST,2014-09-08,919000,-81000,3416,1,
DST,2015-09-10,16419000,15500000,3416,1,
DST,2016-12-07,32219000,15800000,3416,1,
DTD,2017-11-16,20000000,,2202,1,first_obs
DTD,2018-08-01,22000000,2000000,2202,1,
DTD,2019-06-27,24200000,2200000,2202,1,
DTD,2019-07-05,24199997,-3,2202,1,tiny_delta
DTD,2019-09-30,24580997,381000,2202,1,
DTD,2020-08-17,27039096,2458099,2202,1,
DTD,2020-08-27,27039053,-43,2202,1,tiny_delta
DTD,2020-10-20,27495553,456500,2202,1,
DTD,2021-07-13,30245108,2749555,2202,1,
DTD,2021-07-30,30245025,-83,2202,1,tiny_delta
DTD,2021-08-12,30736025,491000,2202,1,
DTD,2022-09-27,42415714,11679689,2202,1,
DTD,2022-10-05,42415392,-322,2202,1,tiny_delta
DTD,2022-11-15,42415289,-103,2202,1,tiny_delta
DTD,2023-02-17,42908789,493500,2202,1,
DTD,2023-10-30,49345107,6436318,2202,1,
DTD,2023-11-06,49344416,-691,2202,1,
DTD,2024-06-14,56746078,7401662,2202,1,
DTD,2024-06-24,56745285,-793,2202,1,
DTD,2024-09-05,57488785,743500,2202,1,
DTD,2025-05-30,66686990,9198205,2202,1,
DTD,2025-06-06,66686055,-935,2202,1,
DTD,2026-06-22,73354660,6668605,2202,1,
DTD,2026-06-30,73353788,-872,2202,1,
DVM,2022-07-19,35650000,,1036,0,first_obs
DVM,2024-07-19,42780000,7130000,1036,0,
DVM,2024-07-30,42779916,-84,1036,0,tiny_delta
DVM,2025-09-16,47057907,4277991,1036,0,
DVM,2025-09-26,47057787,-120,1036,0,tiny_delta
DVN,2017-05-19,237000000,,2330,0,first_obs
DVP,2013-01-02,20000000,,3416,0,first_obs
DVP,2013-10-07,40000000,20000000,3416,0,
DXG,2013-01-02,42000000,,3416,2,first_obs
DXG,2013-04-24,52500000,10500000,3416,2,
DXG,2013-05-24,52499681,-319,3416,2,tiny_delta
DXG,2013-09-23,52799681,300000,3416,2,
DXG,2013-12-11,63359617,10559936,3416,2,
DXG,2014-02-21,75000000,11640383,3416,2,
DXG,2014-07-23,74942000,-58000,3416,2,
DXG,2015-01-07,100642000,25700000,3416,2,
DXG,2015-03-04,105887940,5245940,3416,2,
DXG,2015-03-16,105887469,-471,3416,2,tiny_delta
DXG,2015-04-16,106187469,300000,3416,2,
DXG,2015-06-26,116806215,10618746,3416,2,
DXG,2015-07-06,116805570,-645,3416,2,tiny_delta
DXG,2015-10-30,117205570,400000,3416,2,
DXG,2016-10-05,251991975,134786405,3416,2,
DXG,2016-11-16,252991068,999093,3416,2,
DXG,2017-04-14,252799012,-192056,3416,2,
DXG,2017-05-15,285662883,32863871,3416,2,
DXG,2017-05-29,285661303,-1580,3416,2,tiny_delta
DXG,2017-10-31,299944368,14283065,3416,2,
DXG,2017-11-13,302942630,2998262,3416,2,
DXG,2018-05-22,342325171,39382541,3416,2,
DXG,2018-06-04,342321356,-3815,3416,2,
DXG,2018-09-18,349821356,7500000,3416,2,
DXG,2019-08-13,514237393,164416037,3416,2,
DXG,2019-09-27,519784611,5547218,3416,2,
DXG,2020-01-06,518796292,-988319,3416,2,
DXG,2020-08-18,518287181,-509111,3416,2,
DXG,2021-09-09,596030258,77743077,3416,2,
DXG,2021-09-21,596025562,-4696,3416,2,tiny_delta
DXG,2022-03-14,600529390,4503828,3416,2,
DXG,2022-03-22,607529390,7000000,3416,2,
DXG,2022-10-07,610031516,2502126,3416,2,
DXG,2023-12-14,711703435,101671919,3416,2,
DXG,2024-01-02,720703435,9000000,3416,2,
DXG,2025-01-06,870849983,150146548,3416,2,
DXG,2025-06-04,1018894480,148044497,3416,2,
DXG,2025-06-11,1018884189,-10291,3416,2,
DXG,2025-12-10,1112384189,93500000,3416,2,
DXG,2026-05-28,1268117975,155733786,3416,2,
DXG,2026-06-04,1268104965,-13010,3416,2,
DXP,2013-01-02,7874972,,3416,1,first_obs
DXP,2016-07-28,23624916,15749944,3416,1,
DXP,2016-09-08,23624656,-260,3416,1,
DXP,2017-07-07,25987121,2362465,3416,1,
DXP,2017-08-28,25987027,-94,3416,1,tiny_delta
DXP,2022-02-18,27282027,1295000,3416,1,
DXP,2023-01-31,29464589,2182562,3416,1,
DXP,2023-02-07,29464334,-255,3416,1,tiny_delta
DXP,2023-07-07,54464334,25000000,3416,1,
DXP,2023-10-03,59910767,5446433,3416,1,
DXP,2023-10-10,59910133,-634,3416,1,
DXS,2021-07-15,358201208,,1285,0,first_obs
DXS,2022-05-26,411931389,53730181,1285,0,
DXS,2022-06-03,411930113,-1276,1285,0,tiny_delta
DXS,2022-10-17,453123124,41193011,1285,0,
DXS,2022-10-25,453122377,-747,1285,0,tiny_delta
DXS,2023-10-13,574122377,121000000,1285,0,
DXS,2023-11-10,574103124,-19253,1285,0,
DXS,2024-02-27,579103124,5000000,1285,0,
EIB,2013-01-02,1235522904,,3416,0,first_obs
EIB,2014-01-20,1229432904,-6090000,3416,0,
EIB,2023-02-17,1475319484,245886580,3416,0,
EIB,2023-03-03,1475314859,-4625,3416,0,tiny_delta
EIB,2023-09-22,1740871534,265556675,3416,0,
EIB,2023-09-29,1740866148,-5386,3416,0,tiny_delta
EIB,2024-09-19,1862726778,121860630,3416,0,
EIB,2024-09-25,1862720607,-6171,3416,0,tiny_delta
ELC,2013-01-02,36624909,,3416,2,first_obs
ELC,2013-11-25,37339909,715000,3416,2,
ELC,2014-02-14,37939909,600000,3416,2,
ELC,2014-04-29,37933409,-6500,3416,2,
ELC,2015-06-05,37903409,-30000,3416,2,
ELC,2015-06-26,40926681,3023272,3416,2,
ELC,2015-07-08,40935498,8817,3416,2,
ELC,2015-08-19,40855498,-80000,3416,2,
ELC,2016-01-04,41455498,600000,3416,2,
ELC,2016-04-13,42255498,800000,3416,2,
ELC,2016-07-06,46481047,4225549,3416,2,
ELC,2016-07-18,46480875,-172,3416,2,tiny_delta
ELC,2017-02-06,46474375,-6500,3416,2,
ELC,2017-03-30,47474375,1000000,3416,2,
ELC,2017-07-04,47471385,-2990,3416,2,
ELC,2017-07-20,47587885,116500,3416,2,
ELC,2017-09-20,50919036,3331151,3416,2,
ELC,2017-10-02,50918753,-283,3416,2,tiny_delta
ELC,2017-11-20,50916853,-1900,3416,2,
ELC,2018-06-15,50618648,-298205,3416,2,
ELC,2021-09-07,50818648,200000,3416,2,
ELC,2022-03-09,50928243,109595,3416,2,
ELC,2022-09-14,69771692,18843449,3416,2,
ELC,2022-11-18,58778843,-10992849,3416,2,
ELC,2023-12-06,82290380,23511537,3416,2,
ELC,2023-12-14,82290077,-303,3416,2,tiny_delta
ELC,2024-05-03,83290077,1000000,3416,2,
ELC,2025-02-21,99948091,16658014,3416,2,
ELC,2025-03-05,99947436,-655,3416,2,tiny_delta
ELC,2025-08-25,104847436,4900000,3416,2,
ELC,2025-10-17,110089807,5242371,3416,2,
ELC,2025-10-23,110088903,-904,3416,2,tiny_delta
ELC,2026-01-09,110073783,-15120,3416,2,
ELC,2026-03-20,110067693,-6090,3416,2,
ELC,2026-04-20,110051943,-15750,3416,2,
ELC,2026-06-19,110047218,-4725,3416,2,
ELC,2026-09-10,117750522,7703304,3416,2,
EVF,2018-08-07,250000000,,2015,1,first_obs
EVF,2020-02-18,265000000,15000000,2015,1,
EVF,2020-03-05,264981265,-18735,2015,1,
EVF,2021-07-16,304728455,39747190,2015,1,
EVF,2021-07-27,304707628,-20827,2015,1,
EVF,2022-03-03,324513623,19805995,2015,1,
EVF,2022-03-10,324486958,-26665,2015,1,
EVF,2022-08-22,351094888,26607930,2015,1,
EVF,2022-08-30,351064031,-30857,2015,1,
EVF,2023-09-21,702128062,351064031,2015,1,
EVF,2023-12-07,704248289,2120227,2015,1,
EVF,2024-10-17,760588152,56339863,2015,1,
EVF,2024-10-24,760565802,-22350,2015,1,
EVG,2017-06-08,30000000,,2314,0,first_obs
EVG,2018-07-09,60000000,30000000,2314,0,
EVG,2021-01-15,105000000,45000000,2314,0,
EVG,2022-01-17,215250000,110250000,2314,0,
EVG,2022-01-25,215249836,-164,2314,0,tiny_delta
EVG,2026-06-25,226012328,10762492,2314,0,
EVG,2026-07-06,226011737,-591,2314,0,tiny_delta
EVS,2018-08-01,60000000,,2019,1,first_obs
EVS,2018-11-13,100000000,40000000,2019,1,
EVS,2019-03-22,60000400,-39999600,2019,1,
EVS,2021-08-19,63000400,3000000,2019,1,
EVS,2021-10-15,103000400,40000000,2019,1,
EVS,2023-07-31,164800640,61800240,2019,1,
EVS,2023-08-17,164800618,-22,2019,1,tiny_delta
FCN,2013-01-02,17100000,,3415,2,first_obs
FCN,2013-01-21,16566328,-533672,3415,2,
FCN,2013-08-08,39759186,23192858,3415,2,
FCN,2013-10-02,39759118,-68,3415,2,tiny_delta
FCN,2014-04-23,43735029,3975911,3415,2,
FCN,2014-06-12,45722854,1987825,3415,2,
FCN,2016-10-14,47722854,2000000,3415,2,
FCN,2017-02-09,49499422,1776568,3415,2,
FCN,2017-07-04,54352916,4853494,3415,2,
FCN,2018-01-12,87352916,33000000,3415,2,
FCN,2018-04-10,89852916,2500000,3415,2,
FCN,2018-10-12,94345561,4492645,3415,2,
FCN,2018-10-24,94344562,-999,3415,2,
FCN,2019-04-17,113847742,19503180,3415,2,
FCN,2019-08-29,119540129,5692387,3415,2,
FCN,2019-09-11,119538893,-1236,3415,2,
FCN,2020-06-09,118029323,-1509570,3415,2,
FCN,2020-12-10,123930789,5901466,3415,2,
FCN,2020-12-18,123929435,-1354,3415,2,
FCN,2021-02-02,125439005,1509570,3415,2,
FCN,2021-11-26,157439005,32000000,3415,2,
FIR,2018-10-18,13000000,,1972,0,first_obs
FIR,2020-01-13,20800000,7800000,1972,0,
FIR,2020-01-21,20799997,-3,1972,0,tiny_delta
FIR,2020-11-02,27039996,6239999,1972,0,
FIR,2020-11-12,27039864,-132,1972,0,tiny_delta
FIR,2022-05-12,44615742,17575878,1972,0,
FIR,2022-06-22,44615015,-727,1972,0,
FIR,2023-02-13,53538018,8923003,1972,0,
FIR,2023-02-21,53537860,-158,1972,0,tiny_delta
FIR,2023-06-27,64245432,10707572,1972,0,
FIR,2023-07-04,64245281,-151,1972,0,tiny_delta
FIR,2025-07-29,70669809,6424528,1972,0,
FIR,2025-08-05,70669620,-189,1972,0,tiny_delta
FIT,2013-07-26,15000000,,3274,1,first_obs
FIT,2013-09-19,15750000,750000,3274,1,
FIT,2014-03-26,29137500,13387500,3274,1,
FIT,2014-05-21,29137496,-4,3274,1,tiny_delta
FIT,2014-05-30,34649996,5512500,3274,1,
FIT,2014-06-12,34649992,-4,3274,1,tiny_delta
FIT,2014-06-25,46777490,12127498,3274,1,
FIT,2014-06-27,46777494,4,3274,1,tiny_delta
FIT,2014-11-24,49999994,3222500,3274,1,
FIT,2015-01-05,87499989,37499995,3274,1,
FIT,2015-01-26,89212488,1712499,3274,1,
FIT,2015-04-10,178424976,89212488,3274,1,
FIT,2015-07-06,179212477,787501,3274,1,
FIT,2016-06-15,193549475,14336998,3274,1,
FIT,2016-06-30,193548962,-513,3274,1,tiny_delta
FIT,2016-11-09,223548962,30000000,3274,1,
FIT,2017-01-13,254730247,31181285,3274,1,
FIT,2021-10-08,262730247,8000000,3274,1,
FIT,2022-04-25,339949320,77219073,3274,1,
FIT,2022-05-06,339948689,-631,3274,1,tiny_delta
FIT,2022-06-14,339933034,-15655,3274,1,
FMC,2013-01-02,7222630,,3416,1,first_obs
FMC,2013-04-01,12222630,5000000,3416,1,
FMC,2014-06-26,13000000,777370,3416,1,
FMC,2014-10-13,19500000,6500000,3416,1,
FMC,2015-02-13,20000000,500000,3416,1,
FMC,2016-01-14,30000000,10000000,3416,1,
FMC,2017-06-08,39000000,9000000,3416,1,
FMC,2018-07-18,40200000,1200000,3416,1,
FMC,2019-08-26,48240000,8040000,3416,1,
FMC,2019-09-12,49044000,804000,3416,1,
FMC,2021-01-18,58852800,9808800,3416,1,
FMC,2021-03-15,58850000,-2800,3416,1,
FMC,2021-12-30,65388889,6538889,3416,1,
FOC,2018-12-10,14040195,,1935,0,first_obs
FOC,2019-01-28,14742195,702000,1935,0,
FOC,2019-04-09,14739825,-2370,1935,0,
FOC,2019-08-09,14735945,-3880,1935,0,
FOC,2020-05-29,18419931,3683986,1935,0,
FOC,2020-06-15,18419884,-47,1935,0,tiny_delta
FOX,2017-01-13,137048594,,2411,1,first_obs
FOX,2017-06-02,150753453,13704859,2411,1,
FOX,2017-06-14,150753244,-209,2411,1,tiny_delta
FOX,2018-04-19,226129866,75376622,2411,1,
FOX,2018-05-02,226129904,38,2411,1,tiny_delta
FOX,2019-05-30,248742680,22612776,2411,1,
FOX,2019-07-29,248742469,-211,2411,1,tiny_delta
FOX,2020-06-29,273616715,24874246,2411,1,
FOX,2020-07-10,273616446,-269,2411,1,tiny_delta
FOX,2021-06-30,328339735,54723289,2411,1,
FOX,2021-08-09,328339538,-197,2411,1,tiny_delta
FOX,2023-10-19,492509307,164169769,2411,1,
FOX,2023-11-01,492509164,-143,2411,1,tiny_delta
FOX,2025-06-09,738763746,246254582,2411,1,
FOX,2025-06-19,738763463,-283,2411,1,tiny_delta
FPT,2013-01-02,273769839,,3416,2,first_obs
FPT,2013-01-03,273769399,-440,3416,2,tiny_delta
FPT,2013-02-05,273768627,-772,3416,2,tiny_delta
FPT,2013-03-06,273768110,-517,3416,2,tiny_delta
FPT,2013-04-03,273767643,-467,3416,2,tiny_delta
FPT,2013-06-05,273767157,-486,3416,2,tiny_delta
FPT,2013-06-10,275120079,1352922,3416,2,
FPT,2013-07-03,275119379,-700,3416,2,tiny_delta
FPT,2014-05-07,343899223,68779844,3416,2,
FPT,2014-05-21,343894224,-4999,3416,2,
FPT,2015-05-21,345613541,1719317,3416,2,
FPT,2015-05-28,397455572,51842031,3416,2,
FPT,2015-06-09,397449264,-6308,3416,2,
FPT,2016-04-28,399436110,1986846,3416,2,
FPT,2016-05-27,459351506,59915396,3416,2,
FPT,2016-06-10,459344308,-7198,3416,2,
FPT,2017-04-07,461640678,2296370,3416,2,
FPT,2017-05-25,530886779,69246101,3416,2,
FPT,2017-06-09,530878729,-8050,3416,2,
FPT,2018-04-06,533533285,2654556,3416,2,
FPT,2018-05-25,613563277,80029992,3416,2,
FPT,2018-06-07,613554556,-8721,3416,2,
FPT,2019-04-05,616621596,3067040,3416,2,
FPT,2019-05-17,678283755,61662159,3416,2,
FPT,2019-05-28,678276312,-7443,3416,2,
FPT,2020-04-01,681668102,3391790,3416,2,
FPT,2020-05-13,783918317,102250215,3416,2,
FPT,2020-05-21,783905110,-13207,3416,2,
FPT,2021-04-14,789114878,5209768,3416,2,
FPT,2021-06-01,907482109,118367231,3416,2,
FPT,2021-06-09,907469273,-12836,3416,2,
FPT,2022-01-17,907551649,82376,3416,2,
FPT,2022-05-11,914195914,6644265,3416,2,
FPT,2022-06-13,1097035096,182839182,3416,2,
FPT,2022-06-23,1097026572,-8524,3416,2,tiny_delta
FPT,2023-05-11,1104331622,7305050,3416,2,
FPT,2023-07-05,1269981365,165649743,3416,2,
FPT,2023-07-12,1269968875,-12490,3416,2,tiny_delta
FPT,2024-06-12,1460464206,190495331,3416,2,
FPT,2024-06-19,1460448066,-16140,3416,2,
FPT,2024-10-14,1471069183,10621117,3416,2,
FPT,2025-05-12,1481330122,10260939,3416,2,
FPT,2025-07-21,1703529640,222199518,3416,2,
FPT,2025-07-28,1703507121,-22519,3416,2,
FPT,2026-06-29,1714326422,10819301,3416,2,
FRT,2018-04-26,40000000,,2093,1,first_obs
FRT,2018-05-24,68000181,28000181,2093,1,
FRT,2019-05-10,68680000,679819,2093,1,
FRT,2019-07-31,78982000,10302000,2093,1,
FRT,2019-08-07,78981792,-208,2093,1,tiny_delta
FRT,2022-06-07,118472688,39490896,2093,1,
FRT,2022-06-17,118472535,-153,2093,1,tiny_delta
FRT,2023-06-06,136243415,17770880,2093,1,
FRT,2023-06-13,136242389,-1026,2093,1,tiny_delta
FRT,2025-07-16,170302986,34060597,2093,1,
FRT,2025-07-29,170301785,-1201,2093,1,tiny_delta
FRT,2026-06-29,178816874,8515089,2093,1,
FRT,2026-07-10,178815054,-1820,2093,1,
FTS,2017-01-13,90343727,,2412,1,first_obs
FTS,2017-05-08,99378099,9034372,2412,1,
FTS,2017-05-18,99376952,-1147,2412,1,
FTS,2017-09-08,99376789,-163,2412,1,tiny_delta
FTS,2017-10-03,99376809,20,2412,1,tiny_delta
FTS,2017-11-03,99376773,-36,2412,1,tiny_delta
FTS,2017-12-06,99376731,-42,2412,1,tiny_delta
FTS,2018-01-05,99376673,-58,2412,1,tiny_delta
FTS,2018-02-07,99376575,-98,2412,1,tiny_delta
FTS,2018-04-05,99376468,-107,2412,1,tiny_delta
FTS,2018-05-07,99376416,-52,2412,1,tiny_delta
FTS,2018-05-17,109314111,9937695,2412,1,
FTS,2018-05-30,109313676,-435,2412,1,tiny_delta
FTS,2018-07-05,109313640,-36,2412,1,tiny_delta
FTS,2018-08-07,109313633,-7,2412,1,tiny_delta
FTS,2018-10-04,109313560,-73,2412,1,tiny_delta
FTS,2018-11-06,109313505,-55,2412,1,tiny_delta
FTS,2018-12-06,109313483,-22,2412,1,tiny_delta
FTS,2019-01-11,109313434,-49,2412,1,tiny_delta
FTS,2019-02-15,109313421,-13,2412,1,tiny_delta
FTS,2019-03-11,109313411,-10,2412,1,tiny_delta
FTS,2019-04-05,109313374,-37,2412,1,tiny_delta
FTS,2019-05-07,120244706,10931332,2412,1,
FTS,2019-05-24,120243701,-1005,2412,1,tiny_delta
FTS,2019-06-10,120243685,-16,2412,1,tiny_delta
FTS,2019-07-04,120243678,-7,2412,1,tiny_delta
FTS,2019-08-06,120243619,-59,2412,1,tiny_delta
FTS,2019-09-06,120243584,-35,2412,1,tiny_delta
FTS,2019-10-03,120243548,-36,2412,1,tiny_delta
FTS,2019-11-05,120243523,-25,2412,1,tiny_delta
FTS,2019-12-09,120243487,-36,2412,1,tiny_delta
FTS,2020-01-06,120243453,-34,2412,1,tiny_delta
FTS,2020-03-05,120243405,-48,2412,1,tiny_delta
FTS,2020-04-09,120243389,-16,2412,1,tiny_delta
FTS,2020-05-07,120244051,662,2412,1,tiny_delta
FTS,2020-05-20,132268456,12024405,2412,1,
FTS,2020-06-04,132267349,-1107,2412,1,tiny_delta
FTS,2020-07-06,132267274,-75,2412,1,tiny_delta
FTS,2020-08-06,132267226,-48,2412,1,tiny_delta
FTS,2020-09-09,132267147,-79,2412,1,tiny_delta
FTS,2020-11-09,132266970,-177,2412,1,tiny_delta
FTS,2020-12-08,132266933,-37,2412,1,tiny_delta
FTS,2021-01-11,132266857,-76,2412,1,tiny_delta
FTS,2021-02-08,132265103,-1754,2412,1,
FTS,2021-03-24,132264856,-247,2412,1,tiny_delta
FTS,2021-04-09,132264552,-304,2412,1,tiny_delta
FTS,2021-05-12,132264054,-498,2412,1,tiny_delta
FTS,2021-05-31,145490788,13226734,2412,1,
FTS,2021-06-04,145494009,3221,2412,1,
FTS,2021-06-16,145493023,-986,2412,1,tiny_delta
FTS,2021-07-08,147566193,2073170,2412,1,
FTS,2021-08-09,147565544,-649,2412,1,tiny_delta
FTS,2021-09-10,147562266,-3278,2412,1,
FTS,2021-10-07,147561307,-959,2412,1,tiny_delta
FTS,2021-11-09,147565471,4164,2412,1,
FTS,2021-12-08,147563892,-1579,2412,1,
FTS,2022-01-06,147563091,-801,2412,1,tiny_delta
FTS,2022-02-11,147562418,-673,2412,1,tiny_delta
FTS,2022-03-07,147561964,-454,2412,1,tiny_delta
FTS,2022-04-07,147566798,4834,2412,1,
FTS,2022-05-09,147566810,12,2412,1,tiny_delta
FTS,2022-06-06,147566771,-39,2412,1,tiny_delta
FTS,2022-07-07,147566909,138,2412,1,tiny_delta
FTS,2022-07-25,191837097,44270188,2412,1,
FTS,2022-08-10,191837339,242,2412,1,tiny_delta
FTS,2022-08-26,195061356,3224017,2412,1,
FTS,2022-08-31,195059685,-1671,2412,1,tiny_delta
FTS,2022-10-07,195059951,266,2412,1,tiny_delta
FTS,2023-05-11,214565946,19505995,2412,1,
FTS,2023-05-26,214564987,-959,2412,1,tiny_delta
FTS,2024-05-15,300390981,85825994,2412,1,
FTS,2024-05-24,300389416,-1565,2412,1,tiny_delta
FTS,2024-06-12,305919366,5529950,2412,1,
FTS,2025-05-14,336511302,30591936,2412,1,
FTS,2025-05-21,336509609,-1693,2412,1,tiny_delta
FTS,2025-06-26,346498009,9988400,2412,1,
FTS,2026-05-21,381147809,34649800,2412,1,
FTS,2026-06-02,381145750,-2059,2412,1,tiny_delta
G36,2016-12-26,43000000,,2425,0,first_obs
G36,2017-06-14,100000800,57000800,2425,0,
G36,2017-08-03,93600000,-6400800,2425,0,
G36,2020-11-19,96564493,2964493,2425,0,
G36,2020-12-02,96563749,-744,2425,0,tiny_delta
G36,2021-05-27,101758878,5195129,2425,0,
G36,2021-06-09,101756575,-2303,2425,0,
G36,2023-08-14,103751003,1994428,2425,0,
G36,2023-08-23,103745067,-5936,2425,0,
GAS,2013-01-02,1895000000,,3416,0,first_obs
GAS,2015-04-02,1894398070,-601930,3416,0,
GAS,2016-03-01,1913348070,18950000,3416,0,
GAS,2018-01-23,1913950000,601930,3416,0,
GAS,2023-09-22,2296740000,382790000,3416,0,
GAS,2023-10-04,2296739847,-153,3416,0,tiny_delta
GAS,2024-09-13,2342674643,45934796,3416,0,
GAS,2024-09-24,2342672919,-1724,3416,0,tiny_delta
GAS,2025-08-28,2412953106,70280187,3416,0,
GAS,2025-09-09,2412949756,-3350,3416,0,tiny_delta
GDA,2023-09-07,114691510,,752,0,first_obs
GDA,2025-08-26,149098963,34407453,752,0,
GDA,2025-09-05,149098851,-112,752,0,tiny_delta
GEE,2022-03-08,300000000,,1110,0,first_obs
GEE,2025-02-26,305000000,5000000,1110,0,
GEE,2025-04-28,366000000,61000000,1110,0,
GEE,2025-05-13,365999956,-44,1110,0,tiny_delta
GEE,2026-05-05,640499923,274499967,1110,0,
GEE,2026-05-13,640499211,-712,1110,0,tiny_delta
GEG,2017-03-21,74490339,,2364,1,first_obs
GEG,2017-06-07,89388399,14898060,2364,1,
GEG,2017-06-14,89388324,-75,2364,1,tiny_delta
GEG,2017-11-10,97091287,7702963,2364,1,
GEG,2018-08-30,194182550,97091263,2364,1,
GEG,2019-07-02,203891677,9709127,2364,1,
GEG,2020-09-18,271175930,67284253,2364,1,
GEG,2020-10-05,271175188,-742,2364,1,tiny_delta
GEG,2021-08-23,298292706,27117518,2364,1,
GEG,2021-10-01,303715526,5422820,2364,1,
GEG,2022-06-16,321938458,18222932,2364,1,
GEG,2022-06-23,321936902,-1556,2364,1,tiny_delta
GEG,2023-07-06,341253116,19316214,2364,1,
GEG,2023-07-13,341249401,-3715,2364,1,
GEG,2024-08-29,358311871,17062470,2364,1,
GEG,2024-09-10,358308371,-3500,2364,1,tiny_delta
GEG,2026-06-10,376223789,17915418,2364,1,
GEG,2026-06-18,376220525,-3264,2364,1,tiny_delta
GEX,2015-10-26,154500122,,2717,2,first_obs
GEX,2016-10-24,231750000,77249878,2717,2,
GEX,2017-01-24,231500000,-250000,2717,2,
GEX,2017-05-22,232000000,500000,2717,2,
GEX,2017-07-04,266800000,34800000,2717,2,
GEX,2018-07-02,338800002,72000002,2717,2,
GEX,2018-08-16,406560000,67759998,2717,2,
GEX,2019-06-24,424560000,18000000,2717,2,
GEX,2019-08-16,488244000,63684000,2717,2,
GEX,2019-09-05,488243900,-100,2717,2,tiny_delta
GEX,2019-09-19,488244000,100,2717,2,tiny_delta
GEX,2020-05-27,469969050,-18274950,2717,2,
GEX,2021-01-07,481969050,12000000,2717,2,
GEX,2021-04-09,488244000,6274950,2717,2,
GEX,2021-06-03,781190400,292946400,2717,2,
GEX,2021-11-29,851497536,70307136,2717,2,
GEX,2021-12-06,851495793,-1743,2717,2,tiny_delta
GEX,2024-09-05,859429793,7934000,2717,2,
GEX,2025-05-14,902401282,42971489,2717,2,
GEX,2025-05-22,902398948,-2334,2717,2,tiny_delta
GEX,2026-05-05,1308478474,406079526,2717,2,
GEX,2026-05-13,1308471358,-7116,2717,2,tiny_delta
GIL,2013-01-02,13909588,,3414,2,first_obs
GIL,2013-04-23,13834588,-75000,3414,2,
GIL,2013-08-29,13804588,-30000,3414,2,
GIL,2013-11-14,13712088,-92500,3414,2,
GIL,2014-06-09,13698338,-13750,3414,2,
GIL,2014-09-04,13682588,-15750,3414,2,
GIL,2015-08-03,13924588,242000,3414,2,
GIL,2015-10-23,13912588,-12000,3414,2,
GIL,2016-01-26,13904588,-8000,3414,2,
GIL,2016-04-19,13894645,-9943,3414,2,
GIL,2016-07-22,13892588,-2057,3414,2,
GIL,2016-10-07,13889918,-2670,3414,2,
GIL,2017-06-20,13887248,-2670,3414,2,
GIL,2017-10-16,13885908,-1340,3414,2,
GIL,2018-08-08,13924612,38704,3414,2,
GIL,2018-09-18,19076685,5152073,3414,2,
GIL,2018-09-27,19075825,-860,3414,2,
GIL,2019-06-18,23081748,4005923,3414,2,
GIL,2019-07-12,23080801,-947,3414,2,
GIL,2019-08-22,24000000,919199,3414,2,
GIL,2020-04-14,36000000,12000000,3414,2,
GIL,2020-09-29,35983800,-16200,3414,2,
GIL,2021-06-24,36000000,16200,3414,2,
GIL,2021-08-18,43200000,7200000,3414,2,
GIL,2022-04-26,60000000,16800000,3414,2,
GIL,2022-09-09,69000000,9000000,3414,2,
GIL,2022-09-21,68999286,-714,3414,2,
GIL,2023-01-16,69999286,1000000,3414,2,
GIL,2024-06-04,69949286,-50000,3414,2,
GIL,2024-09-13,69950000,714,3414,2,
GIL,2024-11-08,101600066,31650066,3414,2,
GIL,2024-11-15,101596218,-3848,3414,2,
GMD,2013-01-02,109447309,,3415,2,first_obs
GMD,2013-04-03,112730709,3283400,3415,2,
GMD,2013-06-21,114421669,1690960,3415,2,
GMD,2013-08-07,114777919,356250,3415,2,
GMD,2013-10-02,114421669,-356250,3415,2,
GMD,2014-07-21,116137994,1716325,3415,2,
GMD,2015-11-13,119622011,3484017,3415,2,
GMD,2016-05-27,179432991,59810980,3415,2,
GMD,2016-06-08,179432281,-710,3415,2,tiny_delta
GMD,2017-06-28,288276968,108844687,3415,2,
GMD,2018-08-29,296924957,8647989,3415,2,
GMD,2021-01-05,301377957,4453000,3415,2,
GMD,2023-09-06,305898557,4520600,3415,2,
GMD,2024-04-08,310486957,4588400,3415,2,
GMD,2024-10-22,413982609,103495652,3415,2,
GMD,2025-03-05,420192309,6209700,3415,2,
GMD,2025-10-06,426495109,6302800,3415,2,
GMD,2026-08-04,432892509,6397400,3415,2,
GSP,2013-01-02,30000326,,3415,1,first_obs
GSP,2019-12-02,36000000,5999674,3415,1,
GSP,2021-08-20,56000000,20000000,3415,1,
GSP,2021-12-06,55799445,-200555,3415,1,
GSP,2024-06-27,61379389,5579944,3415,1,
GSP,2024-07-05,61379265,-124,3415,1,tiny_delta
GSP,2025-08-13,67517191,6137926,3415,1,
GSP,2025-08-21,67517050,-141,3415,1,tiny_delta
GSP,2026-08-06,74268755,6751705,3415,1,
GSP,2026-08-14,74268420,-335,3415,1,tiny_delta
GVR,2018-03-21,99140960,,2110,0,first_obs
GVR,2018-06-11,4000000000,3900859040,2110,0,
HAG,2013-01-02,537371049,,3415,0,first_obs
HAG,2013-04-04,644845259,107474210,3415,0,
HAG,2013-06-20,718154693,73309434,3415,0,
HAG,2014-08-27,789970162,71815469,3415,0,
HAG,2014-09-09,789967947,-2215,3415,0,tiny_delta
HAG,2014-09-25,789899283,-68664,3415,0,
HAG,2017-06-09,927399283,137500000,3415,0,
HAG,2024-04-23,1057399283,130000000,3415,0,
HAG,2025-09-26,1267399283,210000000,3415,0,
HAH,2015-03-11,23196232,,2877,2,first_obs
HAH,2015-05-07,22939305,-256927,2877,2,
HAH,2017-01-09,22623179,-316126,2877,2,
HAH,2017-05-15,33934768,11311589,2877,2,
HAH,2017-05-31,33934765,-3,2877,2,tiny_delta
HAH,2018-05-02,50902149,16967384,2877,2,
HAH,2018-07-09,48210126,-2692023,2877,2,
HAH,2020-05-05,47392798,-817328,2877,2,
HAH,2021-11-26,48782751,1389953,2877,2,
HAH,2022-04-25,68295851,19513100,2877,2,
HAH,2022-05-04,68295817,-34,2877,2,tiny_delta
HAH,2022-10-31,70344667,2048850,2877,2,
HAH,2023-08-07,105517000,35172333,2877,2,
HAH,2023-08-11,105516881,-119,2877,2,tiny_delta
HAH,2024-06-21,121344413,15827532,2877,2,
HAH,2024-06-27,121343091,-1322,2877,2,
HAH,2025-03-21,129894418,8551327,2877,2,
HAH,2025-08-07,168862743,38968325,2877,2,
HAH,2025-08-14,168861212,-1531,2877,2,tiny_delta
HAH,2026-03-16,185840401,16979189,2877,2,
HAH,2026-04-22,188340401,2500000,2877,2,
HAH,2026-08-03,191840401,3500000,2877,2,
HAX,2013-01-02,11116273,,3415,2,first_obs
HAX,2016-09-28,14231534,3115261,3415,2,
HAX,2017-06-13,22770454,8538920,3415,2,
HAX,2017-06-21,23342433,571979,3415,2,
HAX,2018-04-05,35013649,11671216,3415,2,
HAX,2018-04-18,35013548,-101,3415,2,tiny_delta
HAX,2019-03-21,34879129,-134419,3415,2,
HAX,2019-07-24,36610129,1731000,3415,2,
HAX,2021-01-29,36744399,134270,3415,2,
HAX,2021-05-27,47767718,11023319,3415,2,
HAX,2021-06-01,47766982,-736,3415,2,
HAX,2021-11-12,49516982,1750000,3415,2,
HAX,2022-07-21,56944529,7427547,3415,2,
HAX,2022-07-26,56943434,-1095,3415,2,
HAX,2023-02-14,71943434,15000000,3415,2,
HAX,2023-06-21,89929292,17985858,3415,2,
HAX,2023-06-27,89927565,-1727,3415,2,
HAX,2023-10-04,93427565,3500000,3415,2,
HAX,2024-05-09,107441699,14014134,3415,2,
HAX,2024-05-15,107439681,-2018,3415,2,
HBC,2013-01-02,37333644,,3406,2,first_obs
HBC,2013-02-28,37608174,274530,3406,2,
HBC,2013-05-09,47608174,10000000,3406,2,
HBC,2013-11-12,47903004,294830,3406,2,
HBC,2014-08-13,52693304,4790300,3406,2,
HBC,2014-08-28,52692487,-817,3406,2,
HBC,2014-11-21,53396077,703590,3406,2,
HBC,2015-06-02,57368567,3972490,3406,2,
HBC,2015-07-15,74579137,17210570,3406,2,
HBC,2015-08-03,74578007,-1130,3406,2,
HBC,2015-12-04,75559873,981866,3406,2,
HBC,2016-06-23,94449795,18889922,3406,2,
HBC,2016-07-08,94447467,-2328,3406,2,
HBC,2017-01-13,95446457,998990,3406,2,
HBC,2017-06-30,128852716,33406259,3406,2,
HBC,2017-07-13,128850757,-1959,3406,2,
HBC,2017-10-19,129850757,1000000,3406,2,
HBC,2018-05-29,194776135,64925378,3406,2,
HBC,2018-06-07,194775058,-1077,3406,2,tiny_delta
HBC,2018-12-06,196074977,1299919,3406,2,
HBC,2019-05-14,205878725,9803748,3406,2,
HBC,2019-06-03,205875398,-3327,3406,2,
HBC,2019-07-11,230875398,25000000,3406,2,
HBC,2021-09-29,242419167,11543769,3406,2,
HBC,2021-10-14,242415784,-3383,3406,2,
HBC,2022-01-24,245654354,3238570,3406,2,
HBC,2022-08-24,262850158,17195804,3406,2,
HBC,2022-08-30,262841770,-8388,3406,2,
HBC,2022-10-17,267841770,5000000,3406,2,
HBC,2022-11-04,274133270,6291500,3406,2,
HBC,2024-07-01,347213270,73080000,3406,2,
HCM,2013-01-02,100565957,,3415,2,first_obs
HCM,2013-04-02,100519348,-46609,3415,2,
HCM,2013-05-03,100519072,-276,3415,2,tiny_delta
HCM,2013-06-05,100512063,-7009,3415,2,
HCM,2013-07-03,100512057,-6,3415,2,tiny_delta
HCM,2013-08-08,100841614,329557,3415,2,
HCM,2013-10-25,126052015,25210401,3415,2,
HCM,2013-11-08,126049735,-2280,3415,2,
HCM,2013-12-06,127249735,1200000,3415,2,
HCM,2014-01-07,127249720,-15,3415,2,tiny_delta
HCM,2014-01-13,127249728,8,3415,2,tiny_delta
HCM,2014-02-07,127249696,-32,3415,2,tiny_delta
HCM,2014-03-05,127229679,-20017,3415,2,
HCM,2014-04-03,127229646,-33,3415,2,tiny_delta
HCM,2014-05-07,127229624,-22,3415,2,tiny_delta
HCM,2014-06-03,127229617,-7,3415,2,tiny_delta
HCM,2014-07-04,127229616,-1,3415,2,tiny_delta
HCM,2014-08-06,127229601,-15,3415,2,tiny_delta
HCM,2014-11-05,127229592,-9,3415,2,tiny_delta
HCM,2014-12-04,127229590,-2,3415,2,tiny_delta
HCM,2015-01-06,127229583,-7,3415,2,tiny_delta
HCM,2015-02-05,127229581,-2,3415,2,tiny_delta
HCM,2015-04-09,127229569,-12,3415,2,tiny_delta
HCM,2015-05-08,127191069,-38500,3415,2,
HCM,2015-06-01,127191067,-2,3415,2,tiny_delta
HCM,2015-07-08,127191054,-13,3415,2,tiny_delta
HCM,2015-08-05,127191048,-6,3415,2,tiny_delta
HCM,2015-09-10,127191034,-14,3415,2,tiny_delta
HCM,2015-10-05,127185434,-5600,3415,2,
HCM,2015-11-06,127185422,-12,3415,2,tiny_delta
HCM,2015-12-04,127185417,-5,3415,2,tiny_delta
HCM,2016-03-04,127185410,-7,3415,2,tiny_delta
HCM,2016-04-11,127185398,-12,3415,2,tiny_delta
HCM,2016-05-09,127159388,-26010,3415,2,
HCM,2016-06-06,127159385,-3,3415,2,tiny_delta
HCM,2016-11-30,127155385,-4000,3415,2,
HCM,2017-02-08,129655368,2499983,3415,2,
HCM,2017-08-29,129575368,-80000,3415,2,
HCM,2017-12-06,129570368,-5000,3415,2,
HCM,2018-05-11,129569168,-1200,3415,2,tiny_delta
HCM,2018-07-12,129554296,-14872,3415,2,
HCM,2019-02-20,302293058,172738762,3415,2,
HCM,2019-05-22,302203058,-90000,3415,2,
HCM,2019-05-24,305589673,3386615,3415,2,
HCM,2019-09-17,305516173,-73500,3415,2,
HCM,2020-02-17,305350173,-166000,3415,2,
HCM,2020-04-10,305256893,-93280,3415,2,
HCM,2020-06-22,305097813,-159080,3415,2,
HCM,2020-09-10,305041845,-55968,3415,2,
HCM,2021-10-11,457562768,152520923,3415,2,
HCM,2021-12-17,457211949,-350819,3415,2,
HCM,2024-01-02,754399715,297187766,3415,2,
HCM,2024-01-10,754397854,-1861,3415,2,tiny_delta
HCM,2024-04-09,703971114,-50426740,3415,2,
HCM,2024-10-11,719971114,16000000,3415,2,
HCM,2025-06-24,1079956671,359985557,3415,2,
HCM,2026-07-16,1349945838,269989167,3415,2,
HDB,2018-01-05,981000127,,2165,1,first_obs
HDB,2020-01-14,962629771,-18370356,2165,1,
HDB,2020-04-07,965921291,3291520,2165,1,
HDB,2020-10-01,1255697677,289776386,2165,1,
HDB,2020-10-08,1255694843,-2834,2165,1,tiny_delta
HDB,2020-11-27,1593767296,338072453,2165,1,
HDB,2021-08-26,1992209120,398441824,2165,1,
HDB,2021-08-31,1992208949,-171,2165,1,tiny_delta
HDB,2021-09-21,1992209120,171,2165,1,tiny_delta
HDB,2022-01-07,2012209120,20000000,2165,1,
HDB,2022-09-27,2515261400,503052280,2165,1,
HDB,2023-07-19,2892550610,377289210,2165,1,
HDB,2024-03-25,2912550610,20000000,2165,1,
HDB,2024-12-11,3495060732,582510122,2165,1,
HDB,2025-10-14,3844334315,349273583,2165,1,
HDB,2025-11-04,3859415837,15081522,2165,1,
HDB,2025-12-18,5005276398,1145860561,2165,1,
HDB,2025-12-24,5005276323,-75,2165,1,tiny_delta
HDC,2013-01-02,26908212,,3415,2,first_obs
HDC,2014-10-03,27408212,500000,3415,2,
HDC,2014-12-17,41112317,13704105,3415,2,
HDC,2015-01-22,41111189,-1128,3415,2,
HDC,2016-10-11,39657276,-1453913,3415,2,
HDC,2016-12-01,43623003,3965727,3415,2,
HDC,2016-12-14,43622527,-476,3415,2,
HDC,2017-09-26,45077847,1455320,3415,2,
HDC,2018-05-11,44602847,-475000,3415,2,
HDC,2018-06-27,49955188,5352341,3415,2,
HDC,2018-07-09,49954686,-502,3415,2,
HDC,2019-06-05,57447660,7492974,3415,2,
HDC,2019-06-17,57446831,-829,3415,2,
HDC,2019-06-27,57923611,476780,3415,2,
HDC,2020-05-04,57283611,-640000,3415,2,
HDC,2020-05-28,65876152,8592541,3415,2,
HDC,2020-06-09,65875008,-1144,3415,2,
HDC,2021-02-04,66515837,640829,3415,2,
HDC,2021-06-28,83144796,16628959,3415,2,
HDC,2021-07-07,83143874,-922,3415,2,
HDC,2021-08-31,86469664,3325790,3415,2,
HDC,2022-06-21,108087080,21617416,3415,2,
HDC,2022-06-27,108085693,-1387,3415,2,
HDC,2023-06-16,135107116,27021423,3415,2,
HDC,2023-06-26,135104881,-2235,3415,2,
HDC,2024-04-26,155104881,20000000,3415,2,
HDC,2024-06-21,155095125,-9756,3415,2,
HDC,2024-09-16,178359393,23264268,3415,2,
HDC,2024-09-23,178354966,-4427,3415,2,
HDC,2025-11-11,199757561,21402595,3415,2,
HDC,2025-11-19,199754571,-2990,3415,2,
HDC,2026-06-19,229717756,29963185,3415,2,
HDC,2026-06-29,229712443,-5313,3415,2,
HDG,2013-01-02,50624777,,3415,2,first_obs
HDG,2013-06-06,55687254,5062477,3415,2,
HDG,2014-03-05,55687096,-158,3415,2,tiny_delta
HDG,2014-07-08,65153953,9466857,3415,2,
HDG,2014-07-23,65153584,-369,3415,2,tiny_delta
HDG,2015-11-16,68411294,3257710,3415,2,
HDG,2015-12-03,68411028,-266,3415,2,tiny_delta
HDG,2016-03-17,69062617,651589,3415,2,
HDG,2016-07-12,69046568,-16049,3415,2,
HDG,2016-08-19,75951224,6904656,3415,2,
HDG,2016-09-01,75950902,-322,3415,2,tiny_delta
HDG,2018-05-03,75935902,-15000,3415,2,
HDG,2018-08-07,94919905,18984003,3415,2,
HDG,2018-09-20,94919409,-496,3415,2,tiny_delta
HDG,2019-06-14,118661162,23741753,3415,2,
HDG,2019-06-28,118648662,-12500,3415,2,
HDG,2020-06-15,154243261,35594599,3415,2,
HDG,2020-06-23,154242391,-870,3415,2,tiny_delta
HDG,2020-11-27,154275018,32627,3415,2,
HDG,2021-07-06,163631718,9356700,3415,2,
HDG,2021-12-21,196358062,32726344,3415,2,
HDG,2021-12-28,196357415,-647,3415,2,tiny_delta
HDG,2022-02-10,203838815,7481400,3415,2,
HDG,2022-07-06,244606578,40767763,3415,2,
HDG,2022-07-13,244605898,-680,3415,2,tiny_delta
HDG,2023-07-04,305757372,61151474,3415,2,
HDG,2023-07-11,305756841,-531,3415,2,tiny_delta
HDG,2024-06-24,336332525,30575684,3415,2,
HDG,2024-07-03,336331529,-996,3415,2,tiny_delta
HDG,2025-06-13,369964681,33633152,3415,2,
HDG,2025-06-24,369963035,-1646,3415,2,tiny_delta
HDG,2026-06-08,406959338,36996303,3415,2,
HDG,2026-06-12,406957333,-2005,3415,2,tiny_delta
HGM,2013-01-02,6300000,,3415,0,first_obs
HGM,2013-07-23,12600000,6300000,3415,0,
HGM,2014-06-09,12314620,-285380,3415,0,
HGM,2015-03-03,11920720,-393900,3415,0,
HGM,2024-10-09,12600000,679280,3415,0,
HHP,2018-08-08,10000244,,2013,1,first_obs
HHP,2019-08-07,11500000,1499756,2013,1,
HHP,2019-08-23,18000000,6500000,2013,1,
HHP,2021-04-02,19170000,1170000,2013,1,
HHP,2021-04-12,20069824,899824,2013,1,
HHP,2021-11-23,30069824,10000000,2013,1,
HHP,2022-12-09,32024362,1954538,2013,1,
HHP,2022-12-16,32023810,-552,2013,1,
HHP,2023-02-28,62023810,30000000,2013,1,
HHP,2024-01-17,66055357,4031547,2013,1,
HHP,2024-01-24,66054343,-1014,2013,1,
HHP,2024-04-22,86054343,20000000,2013,1,
HHP,2024-05-09,86554343,500000,2013,1,
HHP,2026-08-18,92180375,5626032,2013,1,
HHP,2026-08-26,92179685,-690,2013,1,tiny_delta
HHS,2013-01-02,22499981,,3415,3,first_obs
HHS,2013-04-18,38249967,15749986,3415,3,
HHS,2013-06-13,38249948,-19,3415,3,tiny_delta
HHS,2014-07-23,57374921,19124973,3415,3,
HHS,2014-09-17,57364241,-10680,3415,3,
HHS,2015-03-06,63100665,5736424,3415,3,
HHS,2015-03-31,110995566,47894901,3415,3,
HHS,2015-08-26,233090669,122095103,3415,3,
HHS,2015-10-26,233090428,-241,3415,3,tiny_delta
HHS,2016-03-14,244744949,11654521,3415,3,
HHS,2016-03-31,274744082,29999133,3415,3,
HHS,2016-05-31,269744063,-5000019,3415,3,
HHS,2018-05-28,249744480,-19999583,3415,3,
HHS,2020-04-16,274744063,24999583,3415,3,
HHS,2021-12-22,321450553,46706490,3415,3,
HHS,2021-12-31,321448153,-2400,3415,3,tiny_delta
HHS,2023-06-30,347164005,25715852,3415,3,
HHS,2023-07-06,347160713,-3292,3415,3,tiny_delta
HHS,2024-08-01,367990355,20829642,3415,3,
HHS,2024-08-08,367985968,-4387,3415,3,
HHS,2025-06-06,431985968,64000000,3415,3,
HHV,2015-12-18,3160000,,2670,1,first_obs
HHV,2015-12-23,4937500,1777500,2670,1,
HHV,2018-01-23,7937857,3000357,2670,1,
HHV,2020-01-15,227009090,219071233,2670,1,
HHV,2020-08-06,267384090,40375000,2670,1,
HHV,2022-10-19,534768180,267384090,2670,1,
HHV,2022-12-12,307804450,-226963730,2670,1,
HHV,2023-06-07,329350762,21546312,2670,1,
HHV,2023-06-23,329350351,-411,2670,1,tiny_delta
HHV,2023-11-28,411687938,82337587,2670,1,
HHV,2024-01-19,411680169,-7769,2670,1,
HHV,2024-07-19,432264177,20584008,2670,1,
HHV,2024-08-05,432255528,-8649,2670,1,
HHV,2025-05-09,473755528,41500000,2670,1,
HHV,2025-07-18,497443304,23687776,2670,1,
HHV,2025-07-31,497433003,-10301,2670,1,
HHV,2025-12-25,547176303,49743300,2670,1,
HHV,2026-03-12,547166296,-10007,2670,1,
HHV,2026-07-09,574524610,27358314,2670,1,
HHV,2026-07-17,574511888,-12722,2670,1,
HID,2016-07-11,29994359,,2535,1,first_obs
HID,2016-09-19,31601364,1607005,2535,1,
HID,2016-10-06,31600980,-384,2535,1,
HID,2018-03-12,32549178,948198,2535,1,
HID,2018-04-12,32548704,-474,2535,1,
HID,2018-10-19,57048657,24499953,2535,1,
HID,2019-07-09,58760116,1711459,2535,1,
HID,2019-07-19,58759391,-725,2535,1,
HID,2022-07-20,76756321,17996930,2535,1,
HII,2017-06-22,13600000,,2305,0,first_obs
HII,2018-05-03,27200000,13600000,2305,0,
HII,2018-06-12,27850000,650000,2305,0,
HII,2020-10-14,32027500,4177500,2305,0,
HII,2021-07-23,36831625,4804125,2305,0,
HII,2021-08-02,36831508,-117,2305,0,tiny_delta
HII,2022-03-11,73663016,36831508,2305,0,
HNG,2015-07-20,708143895,,2780,1,first_obs
HNG,2016-02-25,767143895,59000000,2780,1,
HNG,2018-03-08,886844143,119700248,2780,1,
HNG,2019-08-13,1108553895,221709752,2780,1,
HNM,2013-01-02,12500000,,3410,0,first_obs
HNM,2015-06-19,20000000,7500000,3410,0,
HNM,2023-07-07,44400000,24400000,3410,0,
HPG,2013-01-02,419052533,,3415,3,first_obs
HPG,2014-04-24,481910412,62857879,3415,3,
HPG,2014-05-20,481908175,-2237,3415,3,tiny_delta
HPG,2015-02-24,488643175,6735000,3415,3,
HPG,2015-04-27,488625075,-18100,3415,3,
HPG,2015-05-08,732946662,244321587,3415,3,
HPG,2015-06-03,732933319,-13343,3415,3,
HPG,2015-08-21,732917569,-15750,3415,3,
HPG,2015-11-10,732887569,-30000,3415,3,
HPG,2016-01-19,732880219,-7350,3415,3,
HPG,2016-05-11,732855319,-24900,3415,3,
HPG,2016-08-25,842784831,109929512,3415,3,
HPG,2016-09-16,842765656,-19175,3415,3,
HPG,2017-03-30,1264148484,421382828,3415,3,
HPG,2017-04-11,1264146117,-2367,3415,3,tiny_delta
HPG,2017-06-12,1264117915,-28202,3415,3,
HPG,2017-06-16,1516947138,252829223,3415,3,
HPG,2017-07-31,1516941498,-5640,3415,3,tiny_delta
HPG,2017-10-03,1516909673,-31825,3415,3,
HPG,2018-01-19,1516872673,-37000,3415,3,
HPG,2018-05-18,1517079000,206327,3415,3,
HPG,2018-06-12,2123910600,606831600,3415,3,
HPG,2018-06-20,2123907166,-3434,3415,3,tiny_delta
HPG,2019-06-04,2761079315,637172149,3415,3,
HPG,2019-06-24,2761074115,-5200,3415,3,tiny_delta
HPG,2020-07-29,3313288938,552214823,3415,3,
HPG,2020-08-10,3313282659,-6279,3415,3,tiny_delta
HPG,2021-05-31,4472931589,1159648930,3415,3,
HPG,2021-06-07,4472922706,-8883,3415,3,tiny_delta
HPG,2022-06-17,5814799517,1341876811,3415,3,
HPG,2022-06-27,5814785700,-13817,3415,3,tiny_delta
HPG,2024-05-23,6396264270,581478570,3415,3,
HPG,2024-06-03,6396250200,-14070,3415,3,tiny_delta
HPG,2025-06-26,7675500240,1279250040,3415,3,
HPG,2025-07-03,7675465855,-34385,3415,3,tiny_delta
HPG,2026-05-25,8443012440,767546585,3415,3,
HPG,2026-06-05,8442964520,-47920,3415,3,tiny_delta
HPX,2018-07-24,150000000,,2032,1,first_obs
HPX,2018-11-01,172500000,22500000,2032,1,
HPX,2018-11-12,172499985,-15,2032,1,tiny_delta
HPX,2018-12-21,199996482,27496497,2032,1,
HPX,2018-12-28,199996305,-177,2032,1,tiny_delta
HPX,2020-03-27,229995750,29999445,2032,1,
HPX,2020-04-07,229995506,-244,2032,1,tiny_delta
HPX,2020-09-24,264494831,34499325,2032,1,
HPX,2020-09-30,264494582,-249,2032,1,tiny_delta
HPX,2021-09-06,304168769,39674187,2032,1,
HPX,2021-09-14,304168581,-188,2032,1,tiny_delta
HQC,2013-01-02,60000000,,3415,1,first_obs
HQC,2013-05-24,72000000,12000000,3415,1,
HQC,2013-07-19,90000000,18000000,3415,1,
HQC,2014-09-15,120000000,30000000,3415,1,
HQC,2014-10-16,170000000,50000000,3415,1,
HQC,2014-11-14,200000000,30000000,3415,1,
HQC,2015-07-09,263000000,63000000,3415,1,
HQC,2015-10-12,395000000,132000000,3415,1,
HQC,2016-05-17,426600000,31600000,3415,1,
HQC,2016-05-24,426599241,-759,3415,1,tiny_delta
HQC,2016-06-09,426599274,33,3415,1,tiny_delta
HQC,2017-05-25,476599274,50000000,3415,1,
HQC,2024-03-05,576599274,100000000,3415,1,
HQC,2026-04-02,626599274,50000000,3415,1,
HSG,2013-01-02,96931578,,3415,2,first_obs
HSG,2013-08-27,96313098,-618480,3415,2,
HSG,2015-03-18,96931578,618480,3415,2,
HSG,2015-05-06,96313098,-618480,3415,2,
HSG,2015-10-13,100790790,4477692,3415,2,
HSG,2015-11-26,131028027,30237237,3415,2,
HSG,2015-12-14,131027067,-960,3415,2,tiny_delta
HSG,2016-05-31,196540600,65513533,3415,2,
HSG,2016-06-09,196539829,-771,3415,2,tiny_delta
HSG,2017-04-12,200000000,3460171,3415,2,
HSG,2017-05-29,350000000,150000000,3415,2,
HSG,2017-06-09,349996683,-3317,3415,2,tiny_delta
HSG,2017-12-29,349992883,-3800,3415,2,
HSG,2018-03-08,349957383,-35500,3415,2,
HSG,2018-05-31,384953121,34995738,3415,2,
HSG,2018-06-11,384951028,-2093,3415,2,tiny_delta
HSG,2018-07-12,384933528,-17500,3415,2,
HSG,2018-08-30,384871028,-62500,3415,2,
HSG,2018-10-29,384856028,-15000,3415,2,
HSG,2018-12-26,384844728,-11300,3415,2,
HSG,2019-03-19,384828828,-15900,3415,2,
HSG,2019-04-22,423311710,38482882,3415,2,
HSG,2019-04-26,423307989,-3721,3415,2,tiny_delta
HSG,2019-06-26,423266389,-41600,3415,2,
HSG,2019-08-23,423240089,-26300,3415,2,
HSG,2019-10-30,423223589,-16500,3415,2,
HSG,2020-04-23,444384768,21161179,3415,2,
HSG,2020-05-06,444379313,-5455,3415,2,
HSG,2020-07-09,444338113,-41200,3415,2,
HSG,2020-10-20,444298113,-40000,3415,2,
HSG,2021-04-01,444625213,327100,3415,2,
HSG,2021-06-15,489087734,44462521,3415,2,
HSG,2021-06-21,489081896,-5838,3415,2,
HSG,2021-09-17,493481896,4400000,3415,2,
HSG,2022-07-06,498382696,4900800,3415,2,
HSG,2022-09-14,598059235,99676539,3415,2,
HSG,2022-09-21,598054986,-4249,3415,2,tiny_delta
HSG,2023-06-26,615996635,17941649,3415,2,
HSG,2023-07-03,615982309,-14326,3415,2,
HSG,2024-10-10,620982309,5000000,3415,2,
HSG,2026-05-04,807277001,186294692,3415,2,
HSG,2026-05-11,807262704,-14297,3415,2,
HSL,2018-05-10,12600000,,2085,1,first_obs
HSL,2018-09-19,15750000,3150000,2085,1,
HSL,2018-09-28,15749956,-44,2085,1,tiny_delta
HSL,2020-11-19,17167452,1417496,2085,1,
HSL,2020-11-30,17167144,-308,2085,1,
HSL,2022-03-15,32167144,15000000,2085,1,
HSL,2022-07-22,35383858,3216714,2085,1,
HSL,2022-07-28,35383508,-350,2085,1,tiny_delta
HSL,2024-08-15,38568023,3184515,2085,1,
HSL,2024-08-22,38567363,-660,2085,1,
HT1,2013-01-02,197952000,,3415,1,first_obs
HT1,2013-12-31,317952000,120000000,3415,1,
HT1,2016-10-26,381542400,63590400,3415,1,
HT1,2016-11-09,381541911,-489,3415,1,tiny_delta
HT1,2022-02-21,381589911,48000,3415,1,
HTN,2018-11-12,25000000,,1954,0,first_obs
HTN,2018-11-30,28750000,3750000,1954,0,
HTN,2018-12-19,28749924,-76,1954,0,tiny_delta
HTN,2019-10-09,33062412,4312488,1954,0,
HTN,2019-10-28,33062221,-191,1954,0,tiny_delta
HTN,2021-01-29,49593326,16531105,1954,0,
HTN,2021-03-18,49509201,-84125,1954,0,
HTN,2021-12-06,89116562,39607361,1954,0,
HTN,2021-12-10,89116561,-1,1954,0,tiny_delta
HTN,2021-12-13,89116411,-150,1954,0,tiny_delta
HTN,2026-09-10,133674616,44558205,1954,0,
HUT,2013-01-02,34997600,,3415,2,first_obs
HUT,2013-05-10,41997120,6999520,3415,2,
HUT,2013-05-24,41997071,-49,3415,2,tiny_delta
HUT,2013-07-04,64647491,22650420,3415,2,
HUT,2014-04-22,84647491,20000000,3415,2,
HUT,2015-01-27,94647491,10000000,3415,2,
HUT,2015-05-06,114647491,20000000,3415,2,
HUT,2015-06-10,128405190,13757699,3415,2,
HUT,2015-06-22,128404733,-457,3415,2,tiny_delta
HUT,2016-02-24,218288046,89883313,3415,2,
HUT,2016-06-06,168417416,-49870630,3415,2,
HUT,2016-10-18,176329416,7912000,3415,2,
HUT,2017-05-23,190435769,14106353,3415,2,
HUT,2017-06-16,190434913,-856,3415,2,tiny_delta
HUT,2017-08-23,240434913,50000000,3415,2,
HUT,2017-09-26,251058913,10624000,3415,2,
HUT,2018-11-02,268633037,17574124,3415,2,
HUT,2018-11-23,268631965,-1072,3415,2,tiny_delta
HUT,2021-12-22,348631965,80000000,3415,2,
HUT,2023-09-06,892511965,543880000,3415,2,
HUT,2025-06-27,1071014358,178502393,3415,2,
HUT,2025-08-29,1068285581,-2728777,3415,2,
HVH,2018-11-30,20000000,,1940,0,first_obs
HVH,2019-12-10,19500000,-500000,1940,0,
HVH,2020-08-06,21450000,1950000,1940,0,
HVH,2020-08-14,21449995,-5,1940,0,tiny_delta
HVH,2020-10-09,21949995,500000,1940,0,
HVH,2021-01-19,36949995,15000000,1940,0,
HVH,2023-07-10,40644994,3694999,1940,0,
HVH,2023-07-18,40644830,-164,1940,0,tiny_delta
HVH,2025-05-20,43489968,2845138,1940,0,
HVH,2025-05-27,43489334,-634,1940,0,
HVH,2026-01-13,63489334,20000000,1940,0,
HVH,2026-05-29,69838267,6348933,1940,0,
HVH,2026-06-10,69837754,-513,1940,0,tiny_delta
HVH,2026-08-06,71742434,1904680,1940,0,
HVN,2017-01-03,1227533778,,2412,1,first_obs
HVN,2018-04-19,1418725155,191191377,2412,1,
HVN,2019-01-10,1418290847,-434308,2412,1,
HVN,2021-07-29,2218290847,800000000,2412,1,
HVN,2021-10-22,2214394174,-3896673,2412,1,
HVN,2025-07-21,3114394174,900000000,2412,1,
HVN,2025-09-29,3111498211,-2895963,2412,1,
HVT,2013-01-02,7234212,,3414,1,first_obs
HVT,2013-06-17,7849120,614908,3414,1,
HVT,2013-08-16,7848772,-348,3414,1,
HVT,2016-11-07,10988280,3139508,3414,1,
HVT,2016-11-28,10988059,-221,3414,1,
HVT,2025-01-15,27470148,16482089,3414,1,
HVT,2025-02-24,27470046,-102,3414,1,tiny_delta
IDC,2017-11-24,55305500,,2189,0,first_obs
IDC,2018-05-17,300000000,244694500,2189,0,
IDC,2022-06-27,330000000,30000000,2189,0,
IDC,2022-07-07,329999929,-71,2189,0,tiny_delta
IDC,2025-08-14,379499918,49499989,2189,0,
IDC,2025-08-21,379498823,-1095,2189,0,tiny_delta
IDC,2026-07-23,417448705,37949882,2189,0,
IDC,2026-08-07,417446864,-1841,2189,0,tiny_delta
IDI,2013-01-02,38000000,,3415,1,first_obs
IDI,2014-07-11,45600000,7600000,3415,1,
IDI,2014-11-27,83600000,38000000,3415,1,
IDI,2015-03-05,85500000,1900000,3415,1,
IDI,2015-07-22,98325000,12825000,3415,1,
IDI,2016-01-27,196650000,98325000,3415,1,
IDI,2016-04-27,181609671,-15040329,3415,1,
IDI,2018-11-08,197954541,16344870,3415,1,
IDI,2018-11-23,197953420,-1121,3415,1,tiny_delta
IDI,2019-10-25,227646433,29693013,3415,1,
IDI,2019-11-07,227644608,-1825,3415,1,tiny_delta
IDI,2024-07-15,273173529,45528921,3415,1,
IDI,2024-07-19,273172668,-861,3415,1,tiny_delta
IDJ,2013-01-02,32600000,,3415,0,first_obs
IDJ,2020-12-30,65200000,32600000,3415,0,
IDJ,2021-03-29,66830000,1630000,3415,0,
IDJ,2021-06-03,73513000,6683000,3415,0,
IDJ,2021-06-10,73512976,-24,3415,0,tiny_delta
IDJ,2022-01-21,147025952,73512976,3415,0,
IDJ,2022-07-05,166139352,19113400,3415,0,
IDJ,2022-07-11,166138903,-449,3415,0,tiny_delta
IDJ,2022-08-12,173490193,7351290,3415,0,
IJC,2013-01-02,274194525,,3415,0,first_obs
IJC,2017-04-03,137097323,-137097202,3415,0,
IJC,2021-01-07,217097323,80000000,3415,0,
IJC,2023-02-03,251832894,34735571,3415,0,
IJC,2023-02-09,251832509,-385,3415,0,tiny_delta
IJC,2024-02-26,377748763,125916254,3415,0,
IJC,2024-04-08,377748384,-379,3415,0,tiny_delta
IJC,2025-09-16,629580640,251832256,3415,0,
IMP,2013-01-02,16405810,,3415,2,first_obs
IMP,2014-06-24,16495810,90000,3415,2,
IMP,2014-07-25,16705810,210000,3415,2,
IMP,2014-08-27,25058715,8352905,3415,2,
IMP,2014-09-09,25058586,-129,3415,2,tiny_delta
IMP,2014-11-26,26311486,1252900,3415,2,
IMP,2015-01-28,28942646,2631160,3415,2,
IMP,2016-10-28,28932346,-10300,3415,2,
IMP,2016-12-16,37615139,8682793,3415,2,
IMP,2017-03-16,39062139,1447000,3415,2,
IMP,2017-05-24,42968352,3906213,3415,2,
IMP,2017-06-02,42967851,-501,3415,2,
IMP,2017-11-30,42958351,-9500,3415,2,
IMP,2018-06-04,49402103,6443752,3415,2,
IMP,2018-06-13,49401359,-744,3415,2,
IMP,2019-08-22,49390359,-11000,3415,2,
IMP,2019-09-30,49387359,-3000,3415,2,
IMP,2020-07-14,64203565,14816206,3415,2,
IMP,2020-07-21,64202270,-1295,3415,2,
IMP,2020-10-08,66671570,2469300,3415,2,
IMP,2023-10-05,70005148,3333578,3415,2,
IMP,2023-10-13,70004649,-499,3415,2,tiny_delta
IMP,2024-07-11,77005113,7000464,3415,2,
IMP,2024-07-18,77004481,-632,3415,2,tiny_delta
IMP,2024-09-17,154008962,77004481,3415,2,
IPA,2016-06-17,60000000,,2554,0,first_obs
IPA,2017-01-12,58196500,-1803500,2554,0,
IPA,2017-01-20,87294750,29098250,2554,0,
IPA,2017-02-17,87294748,-2,2554,0,tiny_delta
IPA,2021-10-21,89098248,1803500,2554,0,
IPA,2021-11-18,178196496,89098248,2554,0,
IPA,2022-06-16,213835795,35639299,2554,0,
IPA,2022-06-28,213835775,-20,2554,0,tiny_delta
IPA,2026-08-21,245911141,32075366,2554,0,
IPA,2026-09-09,245911033,-108,2554,0,tiny_delta
ITC,2013-01-02,68646328,,3415,1,first_obs
ITC,2020-04-03,72078644,3432316,3415,1,
ITC,2020-04-21,72078443,-201,3415,1,tiny_delta
ITC,2020-10-30,79286287,7207844,3415,1,
ITC,2020-11-06,79285934,-353,3415,1,tiny_delta
ITC,2021-11-22,87214527,7928593,3415,1,
ITC,2021-11-29,87214067,-460,3415,1,tiny_delta
ITC,2022-09-30,95935473,8721406,3415,1,
ITC,2022-10-07,95935049,-424,3415,1,tiny_delta
ITC,2026-09-07,101691151,5756102,3415,1,
JVC,2013-01-02,35419999,,3415,0,first_obs
JVC,2013-02-06,45337599,9917600,3415,0,
JVC,2013-05-06,49407599,4070000,3415,0,
JVC,2013-10-08,56818738,7411139,3415,0,
JVC,2013-10-25,56818530,-208,3415,0,tiny_delta
JVC,2014-08-07,62500383,5681853,3415,0,
JVC,2014-09-17,62500095,-288,3415,0,tiny_delta
JVC,2014-10-31,112500171,50000076,3415,0,
KBC,2013-01-02,289760512,,3415,0,first_obs
KBC,2014-05-28,389760188,99999676,3415,0,
KBC,2015-03-09,469760189,80000001,3415,0,
KBC,2021-10-06,569760189,100000000,3415,0,
KBC,2022-03-18,575711167,5950978,3415,0,
KBC,2022-06-21,767614889,191903722,3415,0,
KBC,2022-06-28,767604759,-10130,3415,0,
KBC,2025-06-24,941754759,174150000,3415,0,
KDC,2013-01-02,158429369,,3415,0,first_obs
KDC,2013-02-21,165030369,6601000,3415,0,
KDC,2013-07-18,166136014,1105645,3415,0,
KDC,2014-05-21,172636014,6500000,3415,0,
KDC,2014-06-02,212636014,40000000,3415,0,
KDC,2014-09-11,255163216,42527202,3415,0,
KDC,2014-09-30,255161141,-2075,3415,0,tiny_delta
KDC,2015-01-14,235161141,-20000000,3415,0,
KDC,2015-12-22,205661141,-29500000,3415,0,
KDC,2020-12-21,228749100,23087959,3415,0,
KDC,2021-11-30,251624010,22874910,3415,0,
KDC,2022-08-30,257224010,5600000,3415,0,
KDC,2023-12-07,267288970,10064960,3415,0,
KDC,2024-06-13,289806316,22517346,3415,0,
KDC,2026-07-06,276345300,-13461016,3415,0,
KDH,2013-01-02,45870000,,3415,2,first_obs
KDH,2013-01-16,45869974,-26,3415,2,tiny_delta
KDH,2013-09-16,43738734,-2131240,3415,2,
KDH,2014-04-02,48069974,4331240,3415,2,
KDH,2014-06-02,75000000,26930026,3415,2,
KDH,2015-02-11,126000000,51000000,3415,2,
KDH,2015-10-28,176400000,50400000,3415,2,
KDH,2015-12-15,180000121,3600121,3415,2,
KDH,2016-10-21,234000000,53999879,3415,2,
KDH,2016-11-02,233999892,-108,3415,2,tiny_delta
KDH,2017-09-19,327599849,93599957,3415,2,
KDH,2017-10-23,336000000,8400151,3415,2,
KDH,2018-03-05,387832344,51832344,3415,2,
KDH,2018-09-21,407223932,19391588,3415,2,
KDH,2018-10-01,407223353,-579,3415,2,tiny_delta
KDH,2018-10-12,414023353,6800000,3415,2,
KDH,2019-06-14,538230358,124207005,3415,2,
KDH,2019-06-28,538229109,-1249,3415,2,tiny_delta
KDH,2019-07-15,544429109,6200000,3415,2,
KDH,2020-05-18,524578469,-19850640,3415,2,
KDH,2020-08-19,550807392,26228923,3415,2,
KDH,2020-08-28,558806579,7999187,3415,2,
KDH,2021-06-11,614687236,55880657,3415,2,
KDH,2021-06-21,623086429,8399193,3415,2,
KDH,2021-09-28,642937069,19850640,3415,2,
KDH,2022-07-04,707230775,64293706,3415,2,
KDH,2022-07-19,716829995,9599220,3415,2,
KDH,2023-10-03,788512994,71682999,3415,2,
KDH,2023-10-11,799311971,10798977,3415,2,
KDH,2024-08-02,909403715,110091744,3415,2,
KDH,2024-10-17,1000344086,90940371,3415,2,
KDH,2024-10-24,1011142565,10798479,3415,2,
KDH,2025-07-17,1112256821,101114256,3415,2,
KDH,2025-07-30,1122214899,9958078,3415,2,
KHG,2021-07-19,174817547,,1282,0,first_obs
KHG,2021-12-01,318817547,144000000,1282,0,
KHG,2022-04-21,443156389,124338842,1282,0,
KHG,2022-04-29,443156205,-184,1282,0,tiny_delta
KHG,2022-11-08,449435205,6279000,1282,0,
KLB,2017-06-29,296200022,,2294,1,first_obs
KLB,2018-09-14,319896000,23695978,2294,1,
KLB,2018-09-27,319895796,-204,2294,1,tiny_delta
KLB,2021-10-28,361482249,41586453,2294,1,
KLB,2021-11-04,361481878,-371,2294,1,tiny_delta
KLB,2025-09-24,578371004,216889126,2294,1,
KLB,2025-10-01,578370526,-478,2294,1,tiny_delta
KLB,2026-07-03,748989831,170619305,2294,1,
KLB,2026-07-10,748988337,-1494,2294,1,tiny_delta
KOS,2017-12-08,41500000,,2180,0,first_obs
KOS,2018-07-27,103750000,62250000,2180,0,
KOS,2020-12-28,166576388,62826388,2180,0,
KOS,2021-01-11,166576356,-32,2180,0,tiny_delta
KOS,2021-02-05,165031335,-1545021,2180,0,
KOS,2021-12-01,216481335,51450000,2180,0,
KSB,2013-01-02,18000000,,3415,1,first_obs
KSB,2015-06-18,23400000,5400000,3415,1,
KSB,2017-03-22,46800000,23400000,3415,1,
KSB,2018-08-07,51480009,4680009,3415,1,
KSB,2018-08-27,51479882,-127,3415,1,tiny_delta
KSB,2018-12-07,53779882,2300000,3415,1,
KSB,2019-11-05,53546782,-233100,3415,1,
KSB,2020-07-27,53444482,-102300,3415,1,
KSB,2020-10-27,64133378,10688896,3415,1,
KSB,2020-11-06,64133078,-300,3415,1,tiny_delta
KSB,2020-12-11,66633078,2500000,3415,1,
KSB,2021-07-06,73296386,6663308,3415,1,
KSB,2021-07-16,73295802,-584,3415,1,tiny_delta
KSB,2022-01-25,76295802,3000000,3415,1,
KSB,2024-02-19,114443703,38147901,3415,1,
KSF,2021-10-06,300000000,,1230,0,first_obs
KSF,2025-09-29,899787308,599787308,1230,0,
KSV,2016-07-28,200000000,,2522,0,first_obs
KSV,2026-07-14,300000000,100000000,2522,0,
KSV,2026-07-29,299999812,-188,2522,0,tiny_delta
L14,2013-01-02,2880000,,3415,2,first_obs
L14,2015-06-15,3312000,432000,3415,2,
L14,2015-09-03,3448051,136051,3415,2,
L14,2016-07-14,5000000,1551949,3415,2,
L14,2016-07-25,4999800,-200,3415,2,
L14,2016-08-12,4999829,29,3415,2,tiny_delta
L14,2017-06-30,7499829,2500000,3415,2,
L14,2017-07-12,7499490,-339,3415,2,
L14,2018-03-01,14999186,7499696,3415,2,
L14,2019-06-14,16498878,1499692,3415,2,
L14,2019-07-01,16802668,303790,3415,2,
L14,2019-07-03,16801668,-1000,3415,2,
L14,2019-08-19,18481854,1680186,3415,2,
L14,2019-08-29,18481730,-124,3415,2,tiny_delta
L14,2020-08-13,24395947,5914217,3415,2,
L14,2020-08-25,24395367,-580,3415,2,
L14,2021-07-13,26834923,2439556,3415,2,
L14,2021-07-21,26834641,-282,3415,2,
L14,2022-08-09,30859837,4025196,3415,2,
L14,2022-08-19,30859315,-522,3415,2,
L18,2013-01-02,5400000,,3415,1,first_obs
L18,2017-12-07,8100000,2700000,3415,1,
L18,2018-01-12,8100052,52,3415,1,tiny_delta
L18,2018-11-26,12499979,4399927,3415,1,
L18,2019-04-22,11488008,-1011971,3415,1,
L18,2019-08-08,22988008,11500000,3415,1,
L18,2020-12-11,45976016,22988008,3415,1,
L18,2021-01-29,38116528,-7859488,3415,1,
L18,2025-05-29,45739833,7623305,3415,1,
L18,2025-06-09,45739793,-40,3415,1,tiny_delta
L18,2026-06-15,57174741,11434948,3415,1,
L18,2026-06-23,57174652,-89,3415,1,tiny_delta
L40,2021-01-27,3600000,,1400,0,first_obs
L40,2021-09-20,3577000,-23000,1400,0,
L40,2024-08-26,3600000,23000,1400,0,
L40,2025-06-02,10800000,7200000,1400,0,
L40,2026-06-02,23760000,12960000,1400,0,
L40,2026-06-08,23759965,-35,1400,0,tiny_delta
LAS,2013-01-02,64860000,,3414,1,first_obs
LAS,2013-06-05,77832066,12972066,3414,1,
LAS,2016-08-04,112856400,35024334,3414,1,
LBM,2013-01-02,8157500,,3415,1,first_obs
LBM,2017-09-19,8500168,342668,3415,1,
LBM,2019-04-18,10000000,1499832,3415,1,
LBM,2022-07-22,20000000,10000000,3415,1,
LBM,2024-07-19,40000000,20000000,3415,1,
LBM,2026-03-31,50000000,10000000,3415,1,
LCG,2013-01-02,56249956,,3415,1,first_obs
LCG,2014-10-14,56249618,-338,3415,1,tiny_delta
LCG,2014-10-20,76249618,20000000,3415,1,
LCG,2017-10-23,77999661,1750043,3415,1,
LCG,2017-10-24,77999662,1,3415,1,tiny_delta
LCG,2018-02-05,99999706,22000044,3415,1,
LCG,2018-10-16,97999662,-2000044,3415,1,
LCG,2019-12-12,132299543,34299881,3415,1,
LCG,2019-12-23,132298853,-690,3415,1,tiny_delta
LCG,2020-03-12,102901362,-29397491,3415,1,
LCG,2020-09-09,115249525,12348163,3415,1,
LCG,2020-09-16,115248172,-1353,3415,1,
LCG,2021-10-20,174468025,59219853,3415,1,
LCG,2021-12-02,172404486,-2063539,3415,1,
LCG,2022-08-09,189644934,17240448,3415,1,
LCG,2022-08-16,189640832,-4102,3415,1,
LCG,2024-05-16,193090832,3450000,3415,1,
LCG,2025-10-28,206607190,13516358,3415,1,
LCG,2025-11-04,206602129,-5061,3415,1,
LDG,2015-08-12,75000091,,2771,2,first_obs
LDG,2016-09-09,88500000,13499909,2771,2,
LDG,2016-09-21,88499755,-245,2771,2,tiny_delta
LDG,2017-06-26,106199706,17699951,2771,2,
LDG,2017-07-11,106457512,257806,2771,2,
LDG,2017-09-20,159957806,53500294,2771,2,
LDG,2018-06-06,188750211,28792405,2771,2,
LDG,2018-06-15,188749479,-732,2771,2,tiny_delta
LDG,2018-09-19,190614454,1864975,2771,2,
LDG,2019-02-01,190551914,-62540,2771,2,
LDG,2019-05-09,238189892,47637978,2771,2,
LDG,2019-05-22,240149911,1960019,2771,2,
LDG,2019-12-03,239822411,-327500,2771,2,
LDG,2020-12-24,239447211,-375200,2771,2,
LDG,2022-12-07,256208515,16761304,2771,2,
LDG,2022-12-20,256207345,-1170,2771,2,tiny_delta
LDG,2025-05-15,255715145,-492200,2771,2,
LDG,2025-06-06,255615849,-99296,2771,2,
LHC,2013-01-02,1867000,,3415,0,first_obs
LHC,2013-07-08,2000000,133000,3415,0,
LHC,2015-06-24,3000000,1000000,3415,0,
LHC,2015-09-22,3600000,600000,3415,0,
LHC,2020-08-27,7200000,3600000,3415,0,
LHC,2022-08-03,14400000,7200000,3415,0,
LHC,2026-06-23,28800000,14400000,3415,0,
LHG,2013-01-02,26068197,,3414,1,first_obs
LHG,2016-08-02,26010429,-57768,3414,1,
LHG,2017-09-08,48639503,22629074,3414,1,
LHG,2017-09-29,49940024,1300521,3414,1,
LHG,2017-11-16,49939812,-212,3414,1,tiny_delta
LHG,2017-12-25,50012010,72198,3414,1,
LIG,2013-01-02,11136200,,3415,1,first_obs
LIG,2015-08-03,16704300,5568100,3415,1,
LIG,2015-11-26,21047418,4343118,3415,1,
LIG,2016-01-13,21047406,-12,3415,1,tiny_delta
LIG,2016-01-29,21047335,-71,3415,1,tiny_delta
LIG,2016-06-24,46304055,25256720,3415,1,
LIG,2016-08-19,42734124,-3569931,3415,1,
LIG,2020-11-19,64034124,21300000,3415,1,
LIG,2022-02-21,89734124,25700000,3415,1,
LIG,2022-06-03,94220830,4486706,3415,1,
LIG,2022-06-28,94220661,-169,3415,1,tiny_delta
LIX,2013-01-02,10800000,,3415,1,first_obs
LIX,2013-03-05,21600048,10800048,3415,1,
LIX,2016-07-11,32400000,10799952,3415,1,
LIX,2024-06-26,64800000,32400000,3415,1,
LPB,2017-10-05,646000000,,2221,1,first_obs
LPB,2017-11-14,717706000,71706000,2221,1,
LPB,2018-03-28,749999524,32293524,2221,1,
LPB,2018-12-27,987499399,237499875,2221,1,
LPB,2019-04-01,888144095,-99355304,2221,1,
LPB,2020-02-05,976958503,88814408,2221,1,
LPB,2020-02-17,976948319,-10184,2221,1,
LPB,2020-12-03,1074643150,97694831,2221,1,
LPB,2020-12-11,1074638915,-4235,2221,1,tiny_delta
LPB,2021-07-21,1203595584,128956669,2221,1,
LPB,2021-08-02,1203590474,-5110,2221,1,tiny_delta
LPB,2022-01-28,1238586323,34995849,2221,1,
LPB,2022-04-05,1503586323,265000000,2221,1,
LPB,2022-06-27,1503585993,-330,2221,1,tiny_delta
LPB,2022-11-17,1729123941,225537948,2221,1,
LPB,2022-11-25,1729105369,-18572,2221,1,
LPB,2023-08-22,2557635389,828530020,2221,1,
LPB,2023-08-30,2557616416,-18973,2221,1,tiny_delta
LPB,2024-12-27,2987295973,429679557,2221,1,
LPB,2025-01-08,2987282100,-13873,2221,1,tiny_delta
LSG,2022-05-12,90000000,,1083,0,first_obs
LSS,2013-01-02,50000000,,3412,0,first_obs
LSS,2014-12-19,70000000,20000000,3412,0,
LSS,2018-02-09,66994950,-3005050,3412,0,
LSS,2021-04-09,67674150,679200,3412,0,
LSS,2021-08-30,68522750,848600,3412,0,
LSS,2021-11-19,70000000,1477250,3412,0,
LSS,2022-12-08,74550000,4550000,3412,0,
LSS,2022-12-19,74547993,-2007,3412,0,
LSS,2024-04-16,80139092,5591099,3412,0,
LSS,2024-04-25,80135051,-4041,3412,0,
LSS,2025-01-14,85744504,5609453,3412,0,
LSS,2025-01-24,85741623,-2881,3412,0,
LSS,2026-02-25,90028704,4287081,3412,0,
LSS,2026-03-11,90026592,-2112,3412,0,
MBB,2013-01-02,1050000000,,3412,3,first_obs
MBB,2013-02-01,1062500000,12500000,3412,3,
MBB,2013-10-16,1115625000,53125000,3412,3,
MBB,2013-12-06,1125625000,10000000,3412,3,
MBB,2014-09-10,1159393750,33768750,3412,3,
MBB,2015-08-17,1194175562,34781812,3412,3,
MBB,2015-10-02,1600000000,405824438,3412,3,
MBB,2016-03-21,1631181818,31181818,3412,3,
MBB,2016-10-24,1712740909,81559091,3412,3,
MBB,2017-09-29,1798377954,85637045,3412,3,
MBB,2017-10-12,1815505363,17127409,3412,3,
MBB,2018-07-06,2160451381,344946018,3412,3,
MBB,2019-03-07,2113398401,-47052980,3412,3,
MBB,2019-09-18,2282470273,169071872,3412,3,
MBB,2019-10-24,2325679300,43209027,3412,3,
MBB,2020-02-07,2347116160,21436860,3412,3,
MBB,2020-03-02,2411426741,64310581,3412,3,
MBB,2020-10-05,2773140752,361714011,3412,3,
MBB,2021-01-06,2798756872,25616120,3412,3,
MBB,2021-07-12,3778321777,979564905,3412,3,
MBB,2022-08-22,4533986133,755664356,3412,3,
MBB,2023-07-14,5214084052,680097919,3412,3,
MBB,2024-03-19,5287084052,73000000,3412,3,
MBB,2024-06-13,5306324052,19240000,3412,3,
MBB,2025-01-07,6102272659,795948607,3412,3,
MBB,2025-08-13,8054999909,1952727250,3412,3,
MBB,2026-08-11,10068749885,2013749976,3412,3,
MBG,2015-11-26,8000000,,2701,1,first_obs
MBG,2017-04-13,20800000,12800000,2701,1,
MBG,2018-08-03,21840000,1040000,2701,1,
MBG,2018-11-02,41840000,20000000,2701,1,
MBG,2020-03-12,43095200,1255200,2701,1,
MBG,2020-10-23,68095200,25000000,2701,1,
MBG,2021-07-19,70249960,2154760,2701,1,
MBG,2021-08-03,70249765,-195,2701,1,tiny_delta
MBG,2021-09-30,72357257,2107492,2701,1,
MBG,2021-10-08,72355278,-1979,2701,1,
MBG,2022-05-18,112355278,40000000,2701,1,
MBG,2022-09-29,120220147,7864869,2701,1,
MBG,2022-10-11,120218540,-1607,2701,1,
MBS,2016-03-28,122124280,,2610,2,first_obs
MBS,2016-04-11,122124204,-76,2610,2,tiny_delta
MBS,2016-06-02,122123912,-292,2610,2,tiny_delta
MBS,2016-07-04,122123791,-121,2610,2,tiny_delta
MBS,2016-08-03,122123693,-98,2610,2,tiny_delta
MBS,2016-09-05,122123549,-144,2610,2,tiny_delta
MBS,2016-11-03,122123540,-9,2610,2,tiny_delta
MBS,2017-01-05,122123423,-117,2610,2,tiny_delta
MBS,2017-03-01,122123405,-18,2610,2,tiny_delta
MBS,2017-05-05,122123343,-62,2610,2,tiny_delta
MBS,2017-06-06,122123208,-135,2610,2,tiny_delta
MBS,2017-07-04,122123140,-68,2610,2,tiny_delta
MBS,2017-08-04,122123002,-138,2610,2,tiny_delta
MBS,2017-11-03,122122782,-220,2610,2,tiny_delta
MBS,2017-12-06,122122716,-66,2610,2,tiny_delta
MBS,2018-01-05,122122624,-92,2610,2,tiny_delta
MBS,2018-02-07,122122485,-139,2610,2,tiny_delta
MBS,2018-03-02,122122314,-171,2610,2,tiny_delta
MBS,2018-04-06,122122283,-31,2610,2,tiny_delta
MBS,2018-05-07,122122236,-47,2610,2,tiny_delta
MBS,2018-06-05,122122156,-80,2610,2,tiny_delta
MBS,2018-08-07,122122015,-141,2610,2,tiny_delta
MBS,2018-09-07,122121998,-17,2610,2,tiny_delta
MBS,2018-10-19,122116998,-5000,2610,2,
MBS,2019-01-07,122116893,-105,2610,2,tiny_delta
MBS,2019-02-13,122116883,-10,2610,2,tiny_delta
MBS,2019-03-05,122116798,-85,2610,2,tiny_delta
MBS,2019-04-09,122116771,-27,2610,2,tiny_delta
MBS,2019-05-06,122116672,-99,2610,2,tiny_delta
MBS,2019-08-06,122116607,-65,2610,2,tiny_delta
MBS,2019-09-10,122116495,-112,2610,2,tiny_delta
MBS,2019-10-04,122116470,-25,2610,2,tiny_delta
MBS,2019-11-06,122116380,-90,2610,2,tiny_delta
MBS,2019-12-04,122116290,-90,2610,2,tiny_delta
MBS,2020-01-07,122116232,-58,2610,2,tiny_delta
MBS,2020-02-11,169327855,47211623,2610,2,
MBS,2020-03-27,164322996,-5004859,2610,2,
MBS,2020-07-08,164322713,-283,2610,2,tiny_delta
MBS,2020-08-11,164322657,-56,2610,2,tiny_delta
MBS,2020-10-08,164322517,-140,2610,2,tiny_delta
MBS,2020-11-05,164322209,-308,2610,2,tiny_delta
MBS,2020-12-03,164322193,-16,2610,2,tiny_delta
MBS,2021-01-05,164321530,-663,2610,2,tiny_delta
MBS,2021-02-04,164321069,-461,2610,2,tiny_delta
MBS,2021-03-05,164320714,-355,2610,2,tiny_delta
MBS,2021-04-05,164320474,-240,2610,2,tiny_delta
MBS,2021-05-06,164320202,-272,2610,2,tiny_delta
MBS,2021-05-17,259391944,95071742,2610,2,
MBS,2021-06-04,259391887,-57,2610,2,tiny_delta
MBS,2021-06-21,267607385,8215498,2610,2,
MBS,2021-07-05,267606883,-502,2610,2,tiny_delta
MBS,2021-08-05,267606685,-198,2610,2,tiny_delta
MBS,2021-09-08,267600943,-5742,2610,2,
MBS,2021-10-04,267597244,-3699,2610,2,
MBS,2021-11-03,267594855,-2389,2610,2,tiny_delta
MBS,2021-12-07,267591733,-3122,2610,2,
MBS,2022-01-06,267590641,-1092,2610,2,tiny_delta
MBS,2022-02-11,267589080,-1561,2610,2,tiny_delta
MBS,2022-03-04,267588761,-319,2610,2,tiny_delta
MBS,2022-04-12,267588223,-538,2610,2,tiny_delta
MBS,2022-05-10,267587983,-240,2610,2,tiny_delta
MBS,2022-07-05,267587898,-85,2610,2,tiny_delta
MBS,2022-08-04,267587883,-15,2610,2,tiny_delta
MBS,2022-08-12,380569580,112981697,2610,2,
MBS,2022-10-11,380562677,-6903,2610,2,
MBS,2023-08-10,437651644,57088967,2610,2,
MBS,2023-08-23,437639552,-12092,2610,2,
MBS,2024-04-09,437639952,400,2610,2,tiny_delta
MBS,2024-08-13,547057450,109417498,2610,2,
MBS,2024-09-26,547049940,-7510,2610,2,
MBS,2024-12-03,572782940,25733000,2610,2,
MBS,2025-09-24,658704886,85921946,2610,2,
MBS,2025-10-09,658700350,-4536,2610,2,tiny_delta
MBS,2025-11-17,658696746,-3604,2610,2,tiny_delta
MBS,2026-01-27,667288940,8592194,2610,2,
MBS,2026-04-02,1000933410,333644470,2610,2,
MCH,2017-01-05,538160117,,2413,1,first_obs
MCH,2017-07-17,525132777,-13027340,2413,1,
MCH,2018-07-30,530373604,5240827,2413,1,
MCH,2018-08-27,609929644,79556040,2413,1,
MCH,2018-09-05,609929123,-521,2413,1,tiny_delta
MCH,2019-07-15,612978448,3049325,2413,1,
MCH,2019-08-23,704925215,91946767,2413,1,
MCH,2019-08-29,704924604,-611,2413,1,tiny_delta
MCH,2020-09-25,708793818,3869214,2413,1,
MCH,2021-09-27,715878430,7084612,2413,1,
MCH,2022-08-18,716546491,668061,2413,1,
MCH,2024-01-16,717507156,960665,2413,1,
MCH,2024-09-06,724637791,7130635,2413,1,
MCH,2025-02-11,1051449434,326811643,2413,1,
MCH,2025-07-29,1056705358,5255924,2413,1,
MCH,2026-01-09,1294464063,237758705,2413,1,
MCH,2026-01-16,1294460962,-3101,2413,1,tiny_delta
MCH,2026-06-24,1307404949,12943987,2413,1,
MCM,2020-12-18,66800000,,1419,0,first_obs
MCM,2020-12-28,70140000,3340000,1419,0,
MCM,2021-02-09,110000000,39860000,1419,0,
MIG,2017-05-05,80000000,,2332,1,first_obs
MIG,2018-11-13,84000000,4000000,2332,1,
MIG,2019-01-30,126000000,42000000,2332,1,
MIG,2019-03-28,130000000,4000000,2332,1,
MIG,2021-06-28,143000000,13000000,2332,1,
MIG,2022-06-21,164450000,21450000,2332,1,
MIG,2023-08-24,172672500,8222500,2332,1,
MIG,2024-12-09,198573375,25900875,2332,1,
MIG,2025-03-24,201433375,2860000,2332,1,
MIG,2025-08-22,211505043,10071668,2332,1,
MIG,2025-09-04,211503463,-1580,2332,1,tiny_delta
MML,2019-12-09,324327447,,1685,0,first_obs
MML,2020-10-14,326714847,2387400,1685,0,
MML,2021-10-08,326988447,273600,1685,0,
MML,2022-08-25,327132940,144493,1685,0,
MML,2024-02-21,327417947,285007,1685,0,
MML,2024-10-18,329052593,1634646,1685,0,
MML,2025-09-10,340316858,11264265,1685,0,
MML,2026-06-25,345109429,4792571,1685,0,
MSB,2020-12-23,1074477189,,1424,0,first_obs
MSB,2021-01-28,1157000000,82522811,1424,0,
MSB,2021-07-19,1175000000,18000000,1424,0,
MSB,2021-10-07,1527500000,352500000,1424,0,
MSB,2022-10-10,1985750000,458250000,1424,0,
MSB,2022-12-02,2000000000,14250000,1424,0,
MSB,2024-08-28,2600000000,600000000,1424,0,
MSB,2025-09-08,3120000000,520000000,1424,0,
MSB,2026-08-28,3744000000,624000000,1424,0,
MSH,2018-11-28,47628000,,1940,0,first_obs
MSH,2019-05-15,50009400,2381400,1940,0,
MSH,2022-06-07,75014100,25004700,1940,0,
MSH,2025-06-02,112521150,37507050,1940,0,
MSH,2025-06-10,112521020,-130,1940,0,tiny_delta
MSN,2013-01-02,687280123,,3414,2,first_obs
MSN,2013-06-06,705140873,17860750,3414,2,
MSN,2013-11-08,734911338,29770465,3414,2,
MSN,2014-08-29,735808140,896802,3414,2,
MSN,2015-07-30,746717895,10909755,3414,2,
MSN,2016-06-21,756075674,9357779,3414,2,
MSN,2016-09-08,755641814,-433860,3414,2,
MSN,2016-09-09,754764814,-877000,3414,2,
MSN,2016-09-12,753609794,-1155020,3414,2,
MSN,2016-09-14,753421854,-187940,3414,2,
MSN,2016-09-16,753298724,-123130,3414,2,
MSN,2016-09-19,753108754,-189970,3414,2,
MSN,2016-09-20,753067084,-41670,3414,2,
MSN,2016-09-21,750966984,-2100100,3414,2,
MSN,2016-09-26,750562124,-404860,3414,2,
MSN,2016-09-29,750113624,-448500,3414,2,
MSN,2016-10-03,748081214,-2032410,3414,2,
MSN,2016-10-05,747005264,-1075950,3414,2,
MSN,2016-10-06,745791414,-1213850,3414,2,
MSN,2016-10-20,746841464,1050050,3414,2,
MSN,2016-12-28,758841464,12000000,3414,2,
MSN,2017-01-23,1138262196,379420732,3414,2,
MSN,2017-02-07,1138262164,-32,3414,2,tiny_delta
MSN,2017-08-18,1148139764,9877600,3414,2,
MSN,2017-11-16,1047474042,-100665722,3414,2,
MSN,2018-06-15,1053249650,5775608,3414,2,
MSN,2018-10-02,1163149548,109899898,3414,2,
MSN,2019-06-27,1168946447,5796899,3414,2,
MSN,2020-08-20,1174683246,5736799,3414,2,
MSN,2021-06-08,1180534692,5851446,3414,2,
MSN,2022-04-12,1416641630,236106938,3414,2,
MSN,2022-04-18,1416641576,-54,3414,2,tiny_delta
MSN,2022-06-09,1423724783,7083207,3414,2,
MSN,2023-07-14,1430843406,7118623,3414,2,
MSN,2024-06-19,1438351617,7508211,3414,2,
MSN,2025-07-31,1445915457,7563840,3414,2,
MSN,2026-06-24,1460374611,14459154,3414,2,
MSR,2015-09-17,703544898,,2752,1,first_obs
MSR,2018-05-23,719447340,15902442,2752,1,
MSR,2018-08-30,899309160,179861820,2752,1,
MSR,2018-09-14,899309122,-38,2752,1,tiny_delta
MSR,2019-11-15,989240034,89930912,2752,1,
MSR,2019-12-13,989239878,-156,2752,1,tiny_delta
MSR,2020-11-26,1099155420,109915542,2752,1,
MSR,2025-09-22,1099829520,674100,2752,1,
MSR,2026-07-23,1104973420,5143900,2752,1,
MST,2016-05-10,18000086,,2591,1,first_obs
MST,2018-12-13,20520000,2519914,2591,1,
MST,2018-12-26,20517774,-2226,2591,1,
MST,2019-01-24,20519986,2212,2591,1,
MST,2019-03-07,35519986,15000000,2591,1,
MST,2021-04-20,65519986,30000000,2591,1,
MST,2021-12-09,68140785,2620799,2591,1,
MST,2021-12-21,68140691,-94,2591,1,tiny_delta
MST,2023-07-19,74954760,6814069,2591,1,
MST,2023-07-27,74954301,-459,2591,1,tiny_delta
MST,2023-08-01,76004301,1050000,2591,1,
MST,2025-08-19,83604731,7600430,2591,1,
MST,2025-08-25,83604220,-511,2591,1,tiny_delta
MST,2025-11-25,113604220,30000000,2591,1,
MVN,2018-10-08,1404605800,,1979,0,first_obs
MVN,2020-08-25,1200588000,-204017800,1979,0,
MWG,2014-07-14,62723171,,3039,2,first_obs
MWG,2014-09-16,62719888,-3283,3039,2,
MWG,2014-10-08,106623809,43903921,3039,2,
MWG,2014-10-20,106622378,-1431,3039,2,
MWG,2015-01-05,111953496,5331118,3039,2,
MWG,2015-03-04,111943296,-10200,3039,2,
MWG,2015-04-06,111827506,-115790,3039,2,
MWG,2015-05-05,111824306,-3200,3039,2,
MWG,2015-05-13,139812680,27988374,3039,2,
MWG,2015-05-28,139738403,-74277,3039,2,
MWG,2015-07-14,139709973,-28430,3039,2,
MWG,2015-08-11,139704663,-5310,3039,2,
MWG,2015-10-12,139699963,-4700,3039,2,
MWG,2015-12-14,139685303,-14660,3039,2,
MWG,2015-12-31,146670301,6984998,3039,2,
MWG,2016-04-11,146635317,-34984,3039,2,
MWG,2016-05-12,146619931,-15386,3039,2,
MWG,2016-08-11,146597856,-22075,3039,2,
MWG,2016-11-04,146579546,-18310,3039,2,
MWG,2016-12-16,153910542,7330996,3039,2,
MWG,2016-12-30,153902257,-8285,3039,2,
MWG,2017-02-07,153895357,-6900,3039,2,
MWG,2017-04-26,153814862,-80495,3039,2,
MWG,2017-05-22,307629724,153814862,3039,2,
MWG,2017-11-01,307531629,-98095,3039,2,
MWG,2017-12-26,316754277,9222648,3039,2,
MWG,2018-01-22,322935361,6181084,3039,2,
MWG,2018-04-03,322890596,-44765,3039,2,
MWG,2018-08-06,322863771,-26825,3039,2,
MWG,2018-10-24,322832976,-30795,3039,2,
MWG,2018-11-13,322800236,-32740,3039,2,
MWG,2018-11-19,430411228,107610992,3039,2,
MWG,2018-11-28,430397382,-13846,3039,2,
MWG,2019-01-03,443126893,12729511,3039,2,
MWG,2019-03-27,442938986,-187907,3039,2,
MWG,2019-05-23,442786197,-152789,3039,2,
MWG,2019-07-30,442686036,-100161,3039,2,
MWG,2019-09-18,442736036,50000,3039,2,
MWG,2019-11-15,442689942,-46094,3039,2,
MWG,2020-01-08,453209987,10520045,3039,2,
MWG,2020-03-23,452817426,-392561,3039,2,
MWG,2020-08-25,452679757,-137669,3039,2,
MWG,2020-10-19,452605894,-73863,3039,2,
MWG,2021-01-13,466124227,13518333,3039,2,
MWG,2021-04-02,475431197,9306970,3039,2,
MWG,2021-06-29,475310499,-120698,3039,2,
MWG,2021-07-30,475271464,-39035,3039,2,
MWG,2021-08-30,712907196,237635732,3039,2,
MWG,2021-09-06,712905762,-1434,3039,2,tiny_delta
MWG,2021-11-26,712833495,-72267,3039,2,
MWG,2022-03-28,732024465,19190970,3039,2,
MWG,2022-05-24,731854815,-169650,3039,2,
MWG,2022-06-16,1463709630,731854815,3039,2,
MWG,2022-09-28,1463551859,-157771,3039,2,
MWG,2022-12-19,1463376716,-175143,3039,2,
MWG,2023-05-31,1463010594,-366122,3039,2,
MWG,2023-07-19,1462560047,-450547,3039,2,
MWG,2023-11-29,1462398388,-161659,3039,2,
MWG,2024-03-05,1462244177,-154211,3039,2,
MWG,2024-06-28,1461915388,-328789,3039,2,
MWG,2024-12-27,1461484209,-431179,3039,2,
MWG,2025-04-21,1478933209,17449000,3039,2,
MWG,2025-06-24,1478609048,-324161,3039,2,
MWG,2025-07-21,1478456763,-152285,3039,2,
MWG,2025-12-15,1468456763,-10000000,3039,2,
MWG,2026-02-09,1468423529,-33234,3039,2,
MWG,2026-07-13,1475765646,7342117,3039,2,
MWG,2026-09-14,1475694086,-71560,3039,2,
MZG,2024-11-12,99919900,,448,0,first_obs
MZG,2024-11-15,105915094,5995194,448,0,
MZG,2024-11-27,105915068,-26,448,0,tiny_delta
MZG,2025-10-02,116506574,10591506,448,0,
MZG,2026-07-20,128157231,11650657,448,0,
MZG,2026-07-27,128157063,-168,448,0,tiny_delta
NAB,2020-10-09,389005328,,1475,0,first_obs
NAB,2020-11-20,456446843,67441515,1475,0,
NAB,2021-12-02,513446843,57000000,1475,0,
NAB,2021-12-13,513440504,-6339,1475,0,
NAB,2022-02-23,656440504,143000000,1475,0,
NAB,2022-10-19,846440504,190000000,1475,0,
NAB,2022-10-26,846434661,-5843,1475,0,tiny_delta
NAB,2023-07-06,1058043327,211608666,1475,0,
NAB,2023-07-14,1058041615,-1712,1475,0,tiny_delta
NAB,2024-07-11,1322552018,264510403,1475,0,
NAB,2024-07-18,1322550553,-1465,1475,0,tiny_delta
NAB,2025-03-19,1372550553,50000000,1475,0,
NAB,2025-07-10,1715688191,343137638,1475,0,
NAB,2025-07-18,1715686480,-1711,1475,0,tiny_delta
NAB,2026-05-11,2058823776,343137296,1475,0,
NAB,2026-05-18,2058822282,-1494,1475,0,tiny_delta
NAB,2026-06-17,2158822282,100000000,1475,0,
NAF,2015-10-07,30000000,,2725,1,first_obs
NAF,2018-04-19,31500000,1500000,2725,1,
NAF,2018-05-16,31499938,-62,2725,1,tiny_delta
NAF,2018-05-23,32999998,1500060,2725,1,
NAF,2018-11-07,36299931,3299933,2725,1,
NAF,2018-11-16,36299720,-211,2725,1,tiny_delta
NAF,2019-06-12,43559401,7259681,2725,1,
NAF,2019-09-06,56798783,13239382,2725,1,
NAF,2020-06-24,57704733,905950,2725,1,
NAF,2020-07-09,59926723,2221990,2725,1,
NAF,2021-11-03,62923023,2996300,2725,1,
NAF,2022-12-09,50564090,-12358933,2725,1,
NAF,2024-09-10,55620499,5056409,2725,1,
NAF,2024-09-25,55620286,-213,2725,1,tiny_delta
NAF,2025-10-09,61182314,5562028,2725,1,
NAF,2025-10-16,61181992,-322,2725,1,tiny_delta
NAG,2013-01-02,14849578,,3410,1,first_obs
NAG,2015-05-07,14849852,274,3410,1,
NAG,2019-09-27,15889046,1039194,3410,1,
NAG,2019-10-10,15888634,-412,3410,1,
NAG,2021-09-21,16683065,794431,3410,1,
NAG,2021-10-12,16682622,-443,3410,1,
NAG,2022-06-15,33365244,16682622,3410,1,
NAG,2022-08-17,30648022,-2717222,3410,1,
NAG,2022-09-20,31647148,999126,3410,1,
NAG,2022-10-28,31646539,-609,3410,1,
NAG,2024-11-14,34178262,2531723,3410,1,
NAG,2024-11-22,34177767,-495,3410,1,
NAG,2025-02-28,35760067,1582300,3410,1,
NAG,2025-06-25,38620872,2860805,3410,1,
NAG,2025-07-04,38620233,-639,3410,1,
NAG,2026-04-16,57930349,19310116,3410,1,
NAG,2026-06-08,52593726,-5336623,3410,1,
NAG,2026-08-19,55644162,3050436,3410,1,
NAG,2026-08-26,55643249,-913,3410,1,
NBB,2013-01-02,17860600,,3416,1,first_obs
NBB,2013-06-27,35860600,18000000,3416,1,
NBB,2013-10-10,33121200,-2739400,3416,1,
NBB,2013-10-18,35721200,2600000,3416,1,
NBB,2014-06-19,53581800,17860600,3416,1,
NBB,2014-12-25,58181800,4600000,3416,1,
NBB,2017-02-07,63848466,5666666,3416,1,
NBB,2017-06-26,95772699,31924233,3416,1,
NBB,2017-12-12,97432310,1659611,3416,1,
NBB,2019-03-01,100336256,2903946,3416,1,
NBB,2019-05-06,93321256,-7015000,3416,1,
NBB,2020-11-18,78249916,-15071340,3416,1,
NBB,2021-11-02,100159893,21909977,3416,1,
NBB,2021-11-08,100159795,-98,3416,1,tiny_delta
NBB,2026-07-17,100475656,315861,3416,1,
NCT,2015-01-08,24920934,,2914,0,first_obs
NCT,2015-05-07,24920127,-807,2914,0,
NCT,2015-06-03,26166193,1246066,2914,0,
NCT,2015-06-16,26165732,-461,2914,0,
NDN,2013-01-02,11068720,,3415,2,first_obs
NDN,2014-05-05,11546720,478000,3415,2,
NDN,2014-10-27,16165408,4618688,3415,2,
NDN,2014-11-12,16165272,-136,3415,2,tiny_delta
NDN,2015-04-20,32330544,16165272,3415,2,
NDN,2015-12-02,51728870,19398326,3415,2,
NDN,2016-02-01,42137173,-9591697,3415,2,
NDN,2017-01-12,39636994,-2500179,3415,2,
NDN,2018-05-17,38636994,-1000000,3415,2,
NDN,2018-06-25,44432543,5795549,3415,2,
NDN,2018-07-04,44432616,73,3415,2,tiny_delta
NDN,2019-07-01,47932398,3499782,3415,2,
NDN,2020-08-11,62312117,14379719,3415,2,
NDN,2020-08-19,62311555,-562,3415,2,tiny_delta
NDN,2021-07-28,71658288,9346733,3415,2,
NDN,2021-08-05,71657936,-352,3415,2,tiny_delta
NHA,2013-01-02,8835000,,3407,1,first_obs
NHA,2015-02-12,9100000,265000,3407,1,
NHA,2015-03-11,11600000,2500000,3407,1,
NHA,2017-06-29,12760000,1160000,3407,1,
NHA,2017-07-07,12759997,-3,3407,1,tiny_delta
NHA,2018-05-10,14801596,2041599,3407,1,
NHA,2018-05-18,14801525,-71,3407,1,tiny_delta
NHA,2018-07-19,15051814,250289,3407,1,
NHA,2019-10-09,17459769,2407955,3407,1,
NHA,2019-10-17,17459649,-120,3407,1,tiny_delta
NHA,2020-08-11,23745123,6285474,3407,1,
NHA,2020-08-20,23744965,-158,3407,1,tiny_delta
NHA,2020-09-24,24144965,400000,3407,1,
NHA,2021-05-21,27766709,3621744,3407,1,
NHA,2021-05-31,27766550,-159,3407,1,tiny_delta
NHA,2021-06-24,28116550,350000,3407,1,
NHA,2022-01-20,42174825,14058275,3407,1,
NHA,2022-03-14,42174520,-305,3407,1,tiny_delta
NHA,2024-08-19,44174520,2000000,3407,1,
NHA,2025-05-27,48591972,4417452,3407,1,
NHA,2025-06-04,48591709,-263,3407,1,tiny_delta
NHA,2025-11-27,64789033,16197324,3407,1,
NHA,2026-01-29,64788945,-88,3407,1,tiny_delta
NHA,2026-07-15,71267839,6478894,3407,1,
NHA,2026-07-24,71266847,-992,3407,1,
NHH,2017-09-08,6500075,,2246,1,first_obs
NHH,2018-11-28,16800000,10299925,2246,1,
NHH,2019-08-09,33600000,16800000,2246,1,
NHH,2019-08-19,34440000,840000,2246,1,
NHH,2020-11-02,36440000,2000000,2246,1,
NHH,2022-04-14,72880000,36440000,2246,1,
NHH,2025-05-22,109320000,36440000,2246,1,
NHH,2025-08-01,112964000,3644000,2246,1,
NKG,2013-01-02,29900000,,3412,2,first_obs
NKG,2014-08-25,39900000,10000000,3412,2,
NKG,2015-07-03,43092000,3192000,3412,2,
NKG,2015-07-27,43091920,-80,3412,2,tiny_delta
NKG,2015-11-17,43889920,798000,3412,2,
NKG,2016-01-29,50034508,6144588,3412,2,
NKG,2016-03-25,50034515,7,3412,2,tiny_delta
NKG,2016-12-08,66034361,15999846,3412,2,
NKG,2017-05-17,99051541,33017180,3412,2,
NKG,2017-05-24,99051455,-86,3412,2,tiny_delta
NKG,2017-07-13,100000000,948545,3412,2,
NKG,2017-10-18,130000000,30000000,3412,2,
NKG,2018-06-11,182000000,52000000,3412,2,
NKG,2018-06-19,182000339,339,3412,2,tiny_delta
NKG,2020-07-03,171999868,-10000471,3412,2,
NKG,2021-07-05,181999868,10000000,3412,2,
NKG,2021-08-23,218399842,36399974,3412,2,
NKG,2021-08-30,218398568,-1274,3412,2,tiny_delta
NKG,2021-12-31,219398568,1000000,3412,2,
NKG,2022-06-03,263278281,43879713,3412,2,
NKG,2022-06-09,263277806,-475,3412,2,tiny_delta
NKG,2024-12-19,447572270,184294464,3412,2,
NKG,2024-12-26,447570881,-1389,3412,2,tiny_delta
NKG,2026-06-17,492327969,44757088,3412,2,
NKG,2026-06-25,492323961,-4008,3412,2,tiny_delta
NLG,2013-04-08,95513523,,3356,2,first_obs
NLG,2014-02-14,121013523,25500000,3356,2,
NLG,2014-03-03,95513523,-25500000,3356,2,
NLG,2014-03-18,121013523,25500000,3356,2,
NLG,2015-01-26,133969279,12955756,3356,2,
NLG,2015-06-25,134472157,502878,3356,2,
NLG,2015-07-24,141572229,7100072,3356,2,
NLG,2016-08-12,142114510,542281,3356,2,
NLG,2017-06-28,156271725,14157215,3356,2,
NLG,2017-07-11,157226409,954684,3356,2,
NLG,2018-02-27,188671690,31445281,3356,2,
NLG,2018-06-06,209897255,21225565,3356,2,
NLG,2018-06-22,209895962,-1293,3356,2,tiny_delta
NLG,2018-09-04,211576563,1680601,3356,2,
NLG,2018-11-22,239136918,27560355,3356,2,
NLG,2019-07-08,229136918,-10000000,3356,2,
NLG,2019-09-04,248004087,18867169,3356,2,
NLG,2019-09-16,247992611,-11476,3356,2,
NLG,2019-09-26,249702575,1709964,3356,2,
NLG,2020-09-24,273599111,23896536,3356,2,
NLG,2020-10-06,275270660,1671549,3356,2,
NLG,2021-04-01,285270660,10000000,3356,2,
NLG,2021-09-10,345270660,60000000,3356,2,
NLG,2021-11-24,381669351,36398691,3356,2,
NLG,2021-12-06,382940013,1270662,3356,2,
NLG,2022-10-24,384080300,1140287,3356,2,
NLG,2023-11-29,384777471,697171,3356,2,
NLG,2024-12-31,385075304,297833,3356,2,
NLG,2025-10-17,485194883,100119579,3356,2,
NLG,2025-12-23,485097383,-97500,3356,2,
NNC,2013-01-02,8319500,,3416,1,first_obs
NNC,2013-08-07,8302000,-17500,3416,1,
NNC,2014-06-16,8768175,466175,3416,1,
NNC,2014-12-16,13152262,4384087,3416,1,
NNC,2015-01-05,13152299,37,3416,1,tiny_delta
NNC,2016-06-29,16440326,3288027,3416,1,
NNC,2016-07-13,16440202,-124,3416,1,tiny_delta
NNC,2017-07-06,21920269,5480067,3416,1,
NNC,2017-07-19,21920000,-269,3416,1,
NRC,2018-04-05,12000136,,2107,1,first_obs
NRC,2019-03-01,21000000,8999864,2107,1,
NRC,2019-03-27,24000000,3000000,2107,1,
NRC,2019-12-26,27600000,3600000,2107,1,
NRC,2020-01-06,27599932,-68,2107,1,tiny_delta
NRC,2020-10-15,28979928,1379996,2107,1,
NRC,2020-10-28,28979805,-123,2107,1,tiny_delta
NRC,2020-11-09,30179805,1200000,2107,1,
NRC,2021-03-11,80179805,50000000,2107,1,
NRC,2021-10-22,84188795,4008990,2107,1,
NRC,2021-11-04,84188686,-109,2107,1,tiny_delta
NRC,2022-03-02,88188686,4000000,2107,1,
NRC,2022-07-01,92598120,4409434,2107,1,
NRC,2022-07-11,92597762,-358,2107,1,tiny_delta
NT2,2013-01-02,256000000,,3407,2,first_obs
NT2,2015-08-12,273920007,17920007,3407,2,
NT2,2015-08-26,273919843,-164,3407,2,tiny_delta
NT2,2016-04-20,284876639,10956796,3407,2,
NT2,2016-05-09,284876029,-610,3407,2,tiny_delta
NT2,2017-03-02,287876029,3000000,3407,2,
NTC,2016-12-19,16000000,,2412,0,first_obs
NTC,2020-12-03,24000000,8000000,2412,0,
NTC,2020-12-10,23999980,-20,2412,0,tiny_delta
NTL,2013-01-02,60989950,,3416,0,first_obs
NTL,2024-07-04,121979900,60989950,3416,0,
NTP,2013-01-02,43337996,,3414,2,first_obs
NTP,2014-05-28,56339394,13001398,3414,2,
NTP,2014-06-13,56339290,-104,3414,2,tiny_delta
NTP,2015-05-26,61973219,5633929,3414,2,
NTP,2015-06-11,61973108,-111,3414,2,tiny_delta
NTP,2016-05-23,74367714,12394606,3414,2,
NTP,2016-06-07,74367307,-407,3414,2,tiny_delta
NTP,2017-06-01,89240768,14873461,3414,2,
NTP,2017-06-14,89240602,-166,3414,2,tiny_delta
NTP,2019-10-25,98164332,8923730,3414,2,
NTP,2019-11-06,98163853,-479,3414,2,tiny_delta
NTP,2020-06-25,117796623,19632770,3414,2,
NTP,2020-07-08,117796183,-440,3414,2,tiny_delta
NTP,2022-07-11,129575801,11779618,3414,2,
NTP,2022-07-26,129575334,-467,3414,2,tiny_delta
NTP,2024-07-08,142532867,12957533,3414,2,
NTP,2024-07-16,142532284,-583,3414,2,tiny_delta
NTP,2025-06-27,171038740,28506456,3414,2,
NTP,2025-07-07,171038220,-520,3414,2,tiny_delta
NTP,2026-06-10,205245864,34207644,3414,2,
NTP,2026-06-22,205245204,-660,3414,2,tiny_delta
NVB,2013-01-02,297669703,,3419,1,first_obs
NVB,2019-03-20,482224674,184554971,3419,1,
NVB,2019-07-26,406803587,-75421087,3419,1,
NVB,2022-01-17,556803587,150000000,3419,1,
NVB,2024-11-28,1174632751,617829164,3419,1,
NVB,2025-10-23,1924632751,750000000,3419,1,
NVB,2026-07-01,2924632751,1000000000,3419,1,
NVL,2016-12-28,589369234,,2426,1,first_obs
NVL,2017-06-30,622828788,33459554,2426,1,
NVL,2018-01-03,642828788,20000000,2426,1,
NVL,2018-02-26,652638750,9809962,2426,1,
NVL,2018-03-27,854956762,202318012,2426,1,
NVL,2018-04-10,854955928,-834,2426,1,tiny_delta
NVL,2018-05-22,907455928,52500000,2426,1,
NVL,2018-07-13,914286013,6830085,2426,1,
NVL,2018-12-10,914606674,320661,2426,1,
NVL,2018-12-21,937276674,22670000,2426,1,
NVL,2019-12-04,955880797,18604123,2426,1,
NVL,2019-12-30,969540797,13660000,2426,1,
NVL,2020-08-11,969996257,455460,2426,1,
NVL,2020-08-17,970186032,189775,2426,1,
NVL,2020-08-24,970831267,645235,2426,1,
NVL,2020-09-16,971021042,189775,2426,1,
NVL,2020-09-28,985564152,14543110,2426,1,
NVL,2020-11-11,985715972,151820,2426,1,
NVL,2020-11-19,986095522,379550,2426,1,
NVL,2020-12-14,986285297,189775,2426,1,
NVL,2021-01-20,1063951798,77666501,2426,1,
NVL,2021-03-19,1068696173,4744375,2426,1,
NVL,2021-03-26,1068599030,-97143,2426,1,
NVL,2021-04-07,1072812035,4213005,2426,1,
NVL,2021-04-23,1074709785,1897750,2426,1,
NVL,2021-05-12,1081739051,7029266,2426,1,
NVL,2021-06-09,1467656766,385917715,2426,1,
NVL,2021-06-17,1467653585,-3181,2426,1,tiny_delta
NVL,2021-06-23,1473605619,5952034,2426,1,
NVL,2021-12-24,1930423360,456817741,2426,1,
NVL,2021-12-31,1930421319,-2041,2426,1,tiny_delta
NVL,2022-04-27,1949725519,19304200,2426,1,
NVL,2022-05-24,1949779664,54145,2426,1,
NVL,2022-07-04,1949833809,54145,2426,1,
NVL,2022-11-24,1950104538,270729,2426,1,
NVL,2025-10-10,2047609764,97505226,2426,1,
NVL,2026-01-05,2232018549,184408785,2426,1,
NVL,2026-04-03,2234496474,2477925,2426,1,
NVL,2026-06-10,2402083709,167587235,2426,1,
NVL,2026-06-22,2402067972,-15737,2426,1,tiny_delta
OCB,2021-01-28,1095906343,,1400,0,first_obs
OCB,2021-08-02,1369882928,273976585,1400,0,
OCB,2021-08-13,1369882863,-65,1400,0,tiny_delta
OCB,2023-09-20,2054824294,684941431,1400,0,
OCB,2024-08-29,2465789152,410964858,1400,0,
OCB,2025-08-08,2663052284,197263132,1400,0,
OCB,2026-06-30,3062510126,399457842,1400,0,
ODE,2022-01-10,10000000,,1164,0,first_obs
OGC,2013-01-02,300000000,,3416,0,first_obs
OGC,2014-10-15,299999999,-1,3416,0,tiny_delta
OIL,2018-03-07,200445036,,2130,0,first_obs
OIL,2018-04-23,1034229500,833784464,2130,0,
ORS,2013-01-02,24000000,,3402,0,first_obs
ORS,2019-03-07,40000000,16000000,3402,0,
ORS,2020-01-09,43960000,3960000,3402,0,
ORS,2020-10-26,100000000,56040000,3402,0,
ORS,2021-06-10,200000000,100000000,3402,0,
ORS,2024-01-18,300000000,100000000,3402,0,
ORS,2024-06-14,336000000,36000000,3402,0,
ORS,2024-06-21,335999743,-257,3402,0,tiny_delta
ORS,2026-01-05,623930904,287931161,3402,0,
PAC,2013-01-02,26626331,,3417,1,first_obs
PAC,2013-02-25,26625031,-1300,3417,1,
PAC,2015-05-28,30618785,3993754,3417,1,
PAC,2015-06-11,30618497,-288,3417,1,tiny_delta
PAC,2016-05-26,30981293,362796,3417,1,
PAC,2016-06-22,46471939,15490646,3417,1,
PAC,2016-07-04,46471707,-232,3417,1,tiny_delta
PAC,2025-06-23,69707560,23235853,3417,1,
PAC,2025-07-03,69707328,-232,3417,1,tiny_delta
PAC,2026-06-12,76678060,6970732,3417,1,
PAC,2026-06-23,76677626,-434,3417,1,tiny_delta
PAN,2013-01-02,11550000,,3410,2,first_obs
PAN,2013-05-17,20050000,8500000,3410,2,
PAN,2014-04-22,40362500,20312500,3410,2,
PAN,2014-08-27,60543750,20181250,3410,2,
PAN,2014-09-10,60543748,-2,3410,2,tiny_delta
PAN,2015-01-28,61643748,1100000,3410,2,
PAN,2015-03-09,83143748,21500000,3410,2,
PAN,2015-10-28,99772497,16628749,3410,2,
PAN,2016-02-16,100872534,1100037,3410,2,
PAN,2016-06-24,100842497,-30037,3410,2,
PAN,2016-12-01,102342497,1500000,3410,2,
PAN,2017-07-17,117693871,15351374,3410,2,
PAN,2017-08-01,117693630,-241,3410,2,tiny_delta
PAN,2018-01-26,120201630,2508000,3410,2,
PAN,2018-05-14,120166660,-34970,3410,2,
PAN,2018-09-26,133566630,13399970,3410,2,
PAN,2018-10-01,133499630,-67000,3410,2,
PAN,2018-12-03,135999630,2500000,3410,2,
PAN,2019-01-31,169999537,33999907,3410,2,
PAN,2019-02-25,169999141,-396,3410,2,tiny_delta
PAN,2019-03-04,170101141,102000,3410,2,
PAN,2019-04-25,170042141,-59000,3410,2,
PAN,2019-11-28,170032141,-10000,3410,2,
PAN,2019-12-05,173032141,3000000,3410,2,
PAN,2020-01-31,216290176,43258035,3410,2,
PAN,2020-02-12,216289580,-596,3410,2,tiny_delta
PAN,2020-05-07,209073750,-7215830,3410,2,
PAN,2020-09-01,208958750,-115000,3410,2,
PAN,2021-01-13,208894750,-64000,3410,2,
PAN,2026-05-29,250673700,41778950,3410,2,
PAN,2026-06-09,250673166,-534,3410,2,tiny_delta
PAT,2022-06-17,25000000,,1059,0,first_obs
PC1,2016-11-16,75262482,,2454,1,first_obs
PC1,2017-06-05,97841226,22578744,2454,1,
PC1,2017-06-21,97840888,-338,2454,1,tiny_delta
PC1,2017-10-27,115452410,17611522,2454,1,
PC1,2018-08-08,132770277,17317867,2454,1,
PC1,2018-08-22,132769862,-415,2454,1,tiny_delta
PC1,2019-06-19,159323834,26553972,2454,1,
PC1,2019-07-03,159323497,-337,2454,1,tiny_delta
PC1,2020-12-01,191188196,31864699,2454,1,
PC1,2020-12-10,191187727,-469,2454,1,tiny_delta
PC1,2021-11-04,229425272,38237545,2454,1,
PC1,2021-11-18,235159649,5734377,2454,1,
PC1,2022-11-01,270433596,35273947,2454,1,
PC1,2022-11-09,270433002,-594,2454,1,tiny_delta
PC1,2023-11-22,310997952,40564950,2454,1,
PC1,2023-11-29,310995558,-2394,2454,1,tiny_delta
PC1,2024-11-07,357644891,46649333,2454,1,
PC1,2024-11-13,357642121,-2770,2454,1,tiny_delta
PC1,2025-11-12,411288439,53646318,2454,1,
PC1,2025-11-21,411285343,-3096,2454,1,tiny_delta
PCH,2022-07-28,20000000,,1030,0,first_obs
PCH,2023-08-14,22000000,2000000,1030,0,
PCH,2023-08-21,21999990,-10,1030,0,tiny_delta
PCH,2024-07-11,24199989,2199999,1030,0,
PCH,2024-07-19,24199964,-25,1030,0,tiny_delta
PCH,2025-07-30,25409962,1209998,1030,0,
PCH,2025-08-07,25409893,-69,1030,0,tiny_delta
PCH,2026-07-27,27188585,1778692,1030,0,
PCH,2026-08-06,27188477,-108,1030,0,tiny_delta
PDR,2013-01-02,130200000,,3417,1,first_obs
PDR,2015-07-10,201810000,71610000,3417,1,
PDR,2015-08-05,201809971,-29,3417,1,tiny_delta
PDR,2017-05-23,221990968,20180997,3417,1,
PDR,2017-05-31,221990923,-45,3417,1,tiny_delta
PDR,2018-04-27,266389107,44398184,3417,1,
PDR,2018-05-09,266389179,72,3417,1,tiny_delta
PDR,2019-04-24,327658479,61269300,3417,1,
PDR,2019-05-06,327657972,-507,3417,1,tiny_delta
PDR,2020-05-22,370253508,42595536,3417,1,
PDR,2020-05-28,370252887,-621,3417,1,tiny_delta
PDR,2020-11-06,396170587,25917700,3417,1,
PDR,2020-11-12,396169897,-690,3417,1,tiny_delta
PDR,2021-03-23,435786886,39616989,3417,1,
PDR,2021-03-26,435786241,-645,3417,1,tiny_delta
PDR,2021-04-26,486773231,50986990,3417,1,
PDR,2021-05-04,486771916,-1315,3417,1,tiny_delta
PDR,2021-11-19,492771916,6000000,3417,1,
PDR,2022-04-20,671648121,178876205,3417,1,
PDR,2022-04-22,671646219,-1902,3417,1,tiny_delta
PDR,2023-11-23,738810840,67164621,3417,1,
PDR,2024-05-10,873140083,134329243,3417,1,
PDR,2025-04-21,907235083,34095000,3417,1,
PDR,2025-08-04,979813889,72578806,3417,1,
PDR,2025-08-11,979809379,-4510,3417,1,tiny_delta
PDR,2025-12-24,997809379,18000000,3417,1,
PET,2013-01-02,69053120,,3416,2,first_obs
PET,2013-05-24,69842000,788880,3416,2,
PET,2015-05-15,83111980,13269980,3416,2,
PET,2015-07-02,83110130,-1850,3416,2,
PET,2015-08-21,84600124,1489994,3416,2,
PET,2016-04-15,86600124,2000000,3416,2,
PET,2018-07-27,85010282,-1589842,3416,2,
PET,2020-06-30,83570524,-1439758,3416,2,
PET,2021-08-19,85987424,2416900,3416,2,
PET,2021-08-25,89897424,3910000,3416,2,
PET,2021-09-20,89837424,-60000,3416,2,
PET,2023-01-18,98821166,8983742,3416,2,
PET,2023-02-02,98819297,-1869,3416,2,
PET,2023-08-09,106724840,7905543,3416,2,
PET,2023-08-17,106722131,-2709,3416,2,
PET,2026-07-09,154747089,48024958,3416,2,
PET,2026-07-21,154743759,-3330,3416,2,
PHP,2015-08-12,326960000,,2765,0,first_obs
PHR,2013-01-02,78490047,,3417,0,first_obs
PHR,2018-05-23,81300000,2809953,3417,0,
PHR,2018-06-14,135500000,54200000,3417,0,
PHR,2018-07-09,135499198,-802,3417,0,tiny_delta
PHR,2026-09-11,243898556,108399358,3417,0,
PIV,2013-01-02,1200000,,3411,1,first_obs
PIV,2016-01-21,15000051,13800051,3411,1,
PIV,2016-07-14,15750000,749949,3411,1,
PIV,2016-07-26,15749994,-6,3411,1,tiny_delta
PIV,2017-04-05,16499994,750000,3411,1,
PIV,2017-08-29,17324993,824999,3411,1,
PIV,2017-09-12,17324942,-51,3411,1,tiny_delta
PLC,2013-01-02,60238105,,3416,0,first_obs
PLC,2013-06-12,65057153,4819048,3416,0,
PLC,2013-08-12,65056117,-1036,3416,0,
PLC,2014-06-13,70260606,5204489,3416,0,
PLC,2014-07-08,70259564,-1042,3416,0,
PLC,2015-07-06,80798498,10538934,3416,0,
PLC,2015-08-18,80797566,-932,3416,0,
PLX,2017-04-21,1138813235,,2349,1,first_obs
PLX,2017-05-29,1158813381,20000146,2349,1,
PLX,2019-03-18,1170813235,11999854,2349,1,
PLX,2020-02-07,1190813235,20000000,2349,1,
PLX,2020-07-07,1205813235,15000000,2349,1,
PLX,2020-09-17,1218813235,13000000,2349,1,
PLX,2021-03-23,1243813235,25000000,2349,1,
PLX,2021-07-28,1268813235,25000000,2349,1,
PLX,2021-09-07,1270592235,1779000,2349,1,
PNJ,2013-01-02,71997126,,3417,1,first_obs
PNJ,2013-11-29,75596326,3599200,3417,1,
PNJ,2015-06-10,98275224,22678898,3417,1,
PNJ,2015-06-30,98273868,-1356,3417,1,
PNJ,2017-08-04,108101325,9827457,3417,1,
PNJ,2018-06-14,162151987,54050662,3417,1,
PNJ,2018-06-22,162138695,-13292,3417,1,
PNJ,2018-12-05,167002773,4864078,3417,1,
PNJ,2018-12-21,167002273,-500,3417,1,tiny_delta
PNJ,2019-06-05,222669697,55667424,3417,1,
PNJ,2019-06-14,222667251,-2446,3417,1,
PNJ,2019-09-11,222562551,-104700,3417,1,
PNJ,2019-12-19,225188176,2625625,3417,1,
PNJ,2020-06-24,225124026,-64150,3417,1,
PNJ,2020-12-22,227442803,2318777,3417,1,
PNJ,2021-02-01,227366563,-76240,3417,1,
PNJ,2022-04-04,242366563,15000000,3417,1,
PNJ,2022-08-30,246002061,3635498,3417,1,
PNJ,2022-12-29,328002748,82000687,3417,1,
PNJ,2023-01-13,327999629,-3119,3417,1,tiny_delta
PNJ,2024-01-10,334559621,6559992,3417,1,
PNJ,2024-09-26,337905217,3345596,3417,1,
PNJ,2025-10-02,341149107,3243890,3417,1,
PNJ,2026-04-23,511723660,170574553,3417,1,
PNJ,2026-05-06,511721959,-1701,3417,1,tiny_delta
POM,2013-01-02,186317199,,3408,1,first_obs
POM,2018-10-08,242212309,55895110,3408,1,
POM,2018-10-18,242212162,-147,3408,1,tiny_delta
POM,2020-01-16,278543986,36331824,3408,1,
POM,2020-01-22,278543546,-440,3408,1,tiny_delta
POW,2018-03-06,467802523,,2122,0,first_obs
POW,2018-05-18,2341871600,1874069077,2122,0,
POW,2025-12-10,3067851796,725980196,2122,0,
POW,2025-12-19,3067845688,-6108,2122,0,tiny_delta
PPC,2013-01-02,318154614,,3417,0,first_obs
PPC,2017-10-12,320613054,2458440,3417,0,
PPH,2017-08-23,73350581,,2263,0,first_obs
PPH,2017-12-20,74670891,1320310,2263,0,
PPH,2026-07-29,78404435,3733544,2263,0,
PPH,2026-08-11,78404225,-210,2263,0,tiny_delta
PPT,2022-06-17,8000000,,1050,0,first_obs
PPT,2022-09-22,15000000,7000000,1050,0,
PPT,2023-07-06,15750000,750000,1050,0,
PPT,2024-06-17,17325000,1575000,1050,0,
PPT,2024-06-21,17324988,-12,1050,0,tiny_delta
PPT,2024-08-28,18189988,865000,1050,0,
PPT,2025-06-17,19645187,1455199,1050,0,
PPT,2025-06-24,19644923,-264,1050,0,
PSD,2013-06-28,14222700,,3299,2,first_obs
PSD,2014-06-30,14207700,-15000,3299,2,
PSD,2014-07-04,14190900,-16800,3299,2,
PSD,2015-03-31,14175900,-15000,3299,2,
PSD,2015-06-26,21279750,7103850,3299,2,
PSD,2015-07-08,21279940,190,3299,2,tiny_delta
PSD,2016-05-04,21263849,-16091,3299,2,
PSD,2016-05-05,21279749,15900,3299,2,
PSD,2016-09-06,21263849,-15900,3299,2,
PSD,2018-06-20,25516618,4252769,3299,2,
PSD,2018-06-29,25516826,208,3299,2,tiny_delta
PSD,2019-06-20,30619939,5103113,3299,2,
PSD,2019-06-26,30619923,-16,3299,2,tiny_delta
PSD,2020-12-31,30414623,-205300,3299,2,
PSD,2022-01-25,30682623,268000,3299,2,
PSD,2022-11-28,39887410,9204787,3299,2,
PSD,2022-12-06,39887409,-1,3299,2,tiny_delta
PSD,2023-08-21,41462409,1575000,3299,2,
PSD,2023-11-14,51828011,10365602,3299,2,
PSD,2023-11-21,51827894,-117,3299,2,tiny_delta
PSD,2026-05-26,54027894,2200000,3299,2,
PSD,2026-07-24,70236262,16208368,3299,2,
PSD,2026-08-10,70236112,-150,3299,2,tiny_delta
PSI,2013-01-02,59841300,,3417,0,first_obs
PTB,2013-01-02,12000646,,3418,1,first_obs
PTB,2015-05-27,14400775,2400129,3418,1,
PTB,2015-06-11,14400634,-141,3418,1,tiny_delta
PTB,2016-02-23,17280760,2880126,3418,1,
PTB,2016-04-26,18000790,720030,3418,1,
PTB,2016-05-04,21600531,3599741,3418,1,
PTB,2016-05-05,18000616,-3599915,3418,1,
PTB,2016-09-15,21600739,3600123,3418,1,
PTB,2016-10-13,21600531,-208,3418,1,tiny_delta
PTB,2017-06-05,25920637,4320106,3418,1,
PTB,2017-07-07,25920194,-443,3418,1,
PTB,2018-03-14,31104232,5184038,3418,1,
PTB,2018-03-26,32400232,1296000,3418,1,
PTB,2018-05-14,32399748,-484,3418,1,
PTB,2018-06-27,48599622,16199874,3418,1,
PTB,2018-07-06,48599612,-10,3418,1,tiny_delta
PTB,2019-04-23,47299441,-1300171,3418,1,
PTB,2020-05-19,46059181,-1240260,3418,1,
PTB,2021-06-09,48599441,2540260,3418,1,
PTB,2021-07-30,48597034,-2407,3418,1,
PTB,2022-04-01,48599441,2407,3418,1,
PTB,2022-05-26,68039217,19439776,3418,1,
PTB,2022-06-02,68038403,-814,3418,1,
PTB,2023-07-13,66938403,-1100000,3418,1,
PTB,2025-12-12,80326084,13387681,3418,1,
PTB,2026-05-15,100407605,20081521,3418,1,
PTB,2026-05-21,100407074,-531,3418,1,tiny_delta
PVB,2013-12-24,21599998,,3174,0,first_obs
PVC,2013-01-02,50000334,,3418,1,first_obs
PVC,2019-12-12,47500000,-2500334,3418,1,
PVC,2022-02-18,50000000,2500000,3418,1,
PVC,2023-10-25,81200000,31200000,3418,1,
PVC,2023-11-08,81199463,-537,3418,1,tiny_delta
PVC,2023-12-27,81194463,-5000,3418,1,
PVD,2013-01-02,210159735,,3416,2,first_obs
PVD,2013-08-15,248159735,38000000,3416,2,
PVD,2013-10-29,248237635,77900,3416,2,
PVD,2013-11-13,250237635,2000000,3416,2,
PVD,2013-12-02,275261398,25023763,3416,2,
PVD,2013-12-13,275258115,-3283,3416,2,
PVD,2014-07-23,275528695,270580,3416,2,
PVD,2014-08-05,275492245,-36450,3416,2,
PVD,2014-08-22,303041469,27549224,3416,2,
PVD,2014-09-10,303036900,-4569,3416,2,
PVD,2015-05-28,302657350,-379550,3416,2,
PVD,2015-07-15,348055953,45398603,3416,2,
PVD,2015-07-30,348050392,-5561,3416,2,
PVD,2016-11-08,382855284,34804892,3416,2,
PVD,2016-11-17,382850397,-4887,3416,2,
PVD,2019-07-29,421135176,38284779,3416,2,
PVD,2019-08-12,421129789,-5387,3416,2,
PVD,2022-04-28,505355746,84225957,3416,2,
PVD,2022-05-09,505350810,-4936,3416,2,tiny_delta
PVD,2022-08-05,555885891,50535081,3416,2,
PVD,2022-08-17,555880006,-5885,3416,2,
PVD,2026-07-14,927763730,371883724,3416,2,
PVD,2026-07-28,927742191,-21539,3416,2,
PVI,2013-01-02,226470967,,3418,1,first_obs
PVI,2013-03-04,226254767,-216200,3418,1,
PVI,2014-01-08,225414167,-840600,3418,1,
PVI,2014-08-12,225158167,-256000,3418,1,
PVI,2015-05-07,222286267,-2871900,3418,1,
PVI,2016-01-21,222487267,201000,3418,1,
PVI,2018-03-29,229108967,6621700,3418,1,
PVI,2018-05-23,231109396,2000429,3418,1,
PVI,2020-05-06,223518567,-7590829,3418,1,
PVI,2021-10-27,234241867,10723300,3418,1,
PVI,2026-08-07,257666053,23424186,3418,1,
PVI,2026-08-24,257664972,-1081,3418,1,tiny_delta
PVP,2016-12-20,94275028,,2425,0,first_obs
PVP,2024-07-25,103702530,9427502,2425,0,
PVP,2024-08-08,103702452,-78,2425,0,tiny_delta
PVS,2013-01-02,446703141,,3418,1,first_obs
PVS,2013-04-04,446700475,-2666,3418,1,tiny_delta
PVS,2018-10-30,477969450,31268975,3418,1,
PVS,2018-11-21,477966290,-3160,3418,1,tiny_delta
PVS,2025-11-27,511423930,33457640,3418,1,
PVS,2025-12-09,511420099,-3831,3418,1,tiny_delta
PVS,2026-09-14,613704118,102284019,3418,1,
PVT,2013-01-02,232600000,,3418,1,first_obs
PVT,2014-06-13,255860000,23260000,3418,1,
PVT,2014-07-28,255857623,-2377,3418,1,tiny_delta
PVT,2016-08-25,281443296,25585673,3418,1,
PVT,2016-09-08,281440162,-3134,3418,1,
PVT,2020-11-26,323656186,42216024,3418,1,
PVT,2020-12-09,323651246,-4940,3418,1,
PVT,2024-04-11,356016370,32365124,3418,1,
PVT,2024-04-26,356012638,-3732,3418,1,
PVT,2025-06-19,469936681,113924043,3418,1,
PVT,2025-07-04,469931235,-5446,3418,1,
PVT,2026-06-05,516924358,46993123,3418,1,
PVT,2026-06-17,516918938,-5420,3418,1,
PXL,2013-01-02,82500412,,3411,0,first_obs
PXL,2015-01-08,82516912,16500,3411,0,
PXL,2015-02-24,82523412,6500,3411,0,
PXL,2015-08-05,82543412,20000,3411,0,
PXL,2015-12-07,82574412,31000,3411,0,
PXL,2025-02-25,175997700,93423288,3411,0,
QCG,2013-01-02,127076862,,3418,0,first_obs
QCG,2014-08-25,130003860,2926998,3418,0,
QCG,2015-01-09,130003691,-169,3418,0,tiny_delta
QCG,2015-03-10,275129141,145125450,3418,0,
QNS,2016-12-20,187549373,,2431,1,first_obs
QNS,2017-05-03,243814184,56264811,2431,1,
QNS,2017-05-15,243813054,-1130,2431,1,tiny_delta
QNS,2018-05-09,292575664,48762610,2431,1,
QNS,2018-05-17,292574789,-875,2431,1,tiny_delta
QNS,2019-05-09,351089530,58514741,2431,1,
QNS,2019-05-24,351088463,-1067,2431,1,tiny_delta
QNS,2019-06-06,356939955,5851492,2431,1,
QNS,2024-07-19,367648153,10708198,2431,1,
QTP,2017-03-16,450000000,,2375,0,first_obs
REE,2013-01-02,244640638,,3418,1,first_obs
REE,2013-12-27,263683638,19043000,3418,1,
REE,2014-05-14,265648792,1965154,3418,1,
REE,2014-12-26,269067792,3419000,3418,1,
REE,2016-01-20,269614068,546276,3418,1,
REE,2016-05-11,310056172,40442104,3418,1,
REE,2016-05-20,310050926,-5246,3418,1,
REE,2020-12-31,309050926,-1000000,3418,1,
REE,2022-05-17,355408565,46357639,3418,1,
REE,2022-05-25,355402569,-5996,3418,1,
REE,2023-05-19,408712954,53310385,3418,1,
REE,2023-05-26,408706345,-6609,3418,1,
REE,2024-05-21,470012295,61305950,3418,1,
REE,2024-05-28,470005485,-6810,3418,1,
REE,2024-07-24,471013400,1007915,3418,1,
REE,2025-06-11,541665410,70652010,3418,1,
REE,2025-06-19,541658139,-7271,3418,1,
REE,2026-05-18,622906860,81248721,3418,1,
REE,2026-05-25,622899036,-7824,3418,1,
REE,2026-08-20,623399036,500000,3418,1,
SAB,2016-12-06,641281186,,2441,0,first_obs
SAB,2023-09-14,1282562372,641281186,2441,0,
SAM,2013-01-02,130798432,,3418,2,first_obs
SAM,2015-01-27,138646337,7847905,3418,2,
SAM,2015-03-26,138644532,-1805,3418,2,
SAM,2015-08-19,180237886,41593354,3418,2,
SAM,2015-09-01,180235336,-2550,3418,2,
SAM,2017-09-28,241800000,61564664,3418,2,
SAM,2017-10-13,241785793,-14207,3418,2,
SAM,2018-12-19,249039275,7253482,3418,2,
SAM,2019-01-04,249036263,-3012,3418,2,
SAM,2019-09-24,256507350,7471087,3418,2,
SAM,2019-10-03,256504540,-2810,3418,2,
SAM,2021-01-15,349997190,93492650,3418,2,
SAM,2022-01-21,365387462,15390272,3418,2,
SAM,2022-01-27,365353065,-34397,3418,2,
SAM,2022-10-27,379967187,14614122,3418,2,
SAM,2022-11-04,379960971,-6216,3418,2,
SAM,2026-06-04,402758629,22797658,3418,2,
SAM,2026-06-10,402753343,-5286,3418,2,
SAS,2015-04-16,131500000,,2854,1,first_obs
SAS,2017-09-19,133481561,1981561,2854,1,
SAS,2019-08-16,133451910,-29651,2854,1,
SBG,2023-12-01,25000000,,693,0,first_obs
SBG,2024-10-02,50000000,25000000,693,0,
SBG,2024-10-08,49999963,-37,693,0,tiny_delta
SBG,2026-06-25,59999955,9999992,693,0,
SBG,2026-07-07,59999917,-38,693,0,tiny_delta
SBS,2013-01-02,126660000,,3146,0,first_obs
SBS,2022-08-05,146607600,19947600,3146,0,
SBS,2026-08-20,156107600,9500000,3146,0,
SBT,2013-01-02,127925800,,3418,2,first_obs
SBT,2013-01-21,133030770,5104970,3418,2,
SBT,2013-05-02,133430410,399640,3418,2,
SBT,2013-07-29,140004610,6574200,3418,2,
SBT,2013-08-09,140024610,20000,3418,2,
SBT,2013-11-08,143486160,3461550,3418,2,
SBT,2014-10-14,143506160,20000,3418,2,
SBT,2015-09-21,145231160,1725000,3418,2,
SBT,2015-11-12,182373552,37142392,3418,2,
SBT,2016-06-21,191492193,9118641,3418,2,
SBT,2016-08-11,194761033,3268840,3418,2,
SBT,2016-10-11,253189342,58428309,3418,2,
SBT,2016-10-25,253188268,-1074,3418,2,tiny_delta
SBT,2017-09-08,557018673,303830405,3418,2,
SBT,2018-05-21,495417879,-61600794,3418,2,
SBT,2019-01-14,525142839,29724960,3418,2,
SBT,2019-01-28,525139652,-3187,3418,2,tiny_delta
SBT,2019-10-09,608351885,83212233,3418,2,
SBT,2020-12-24,638769480,30417595,3418,2,
SBT,2021-08-06,650762228,11992748,3418,2,
SBT,2022-11-21,673191457,22429229,3418,2,
SBT,2022-12-01,673188563,-2894,3418,2,tiny_delta
SBT,2023-06-20,740507419,67318856,3418,2,
SBT,2023-06-23,740500993,-6426,3418,2,tiny_delta
SBT,2025-01-10,814551092,74050099,3418,2,
SBT,2025-01-21,814545038,-6054,3418,2,tiny_delta
SBT,2025-10-28,855112589,40567551,3418,2,
SBT,2026-04-17,906419344,51306755,3418,2,
SBT,2026-05-04,906415042,-4302,3418,2,tiny_delta
SBT,2026-09-14,934634155,28219113,3418,2,
SCG,2021-04-12,50000000,,1349,0,first_obs
SCG,2021-07-05,85000000,35000000,1349,0,
SCL,2013-01-02,9000000,,3412,0,first_obs
SCL,2015-11-04,13890000,4890000,3412,0,
SCL,2015-11-16,13889973,-27,3412,0,tiny_delta
SCL,2022-07-06,15389973,1500000,3412,0,
SCL,2022-07-26,16778970,1388997,3412,0,
SCL,2022-08-09,17278888,499918,3412,0,
SCL,2023-12-14,18661199,1382311,3412,0,
SCL,2024-01-05,18660895,-304,3412,0,
SCL,2025-03-25,22393074,3732179,3412,0,
SCL,2025-04-01,22392839,-235,3412,0,
SCL,2025-10-17,30392839,8000000,3412,0,
SCL,2025-11-06,32408194,2015355,3412,0,
SCL,2025-11-14,32407875,-319,3412,0,tiny_delta
SCL,2026-06-09,37917214,5509339,3412,0,
SCL,2026-06-15,37916815,-399,3412,0,
SCL,2026-08-04,38836815,920000,3412,0,
SCR,2013-01-02,142999861,,3413,2,first_obs
SCR,2013-06-13,150149854,7149993,3413,2,
SCR,2013-07-04,150148891,-963,3413,2,tiny_delta
SCR,2014-12-26,187686113,37537222,3413,2,
SCR,2015-05-07,187686045,-68,3413,2,tiny_delta
SCR,2015-08-05,247182143,59496098,3413,2,
SCR,2015-09-04,247180123,-2020,3413,2,tiny_delta
SCR,2015-09-08,247178934,-1189,3413,2,tiny_delta
SCR,2015-10-08,217068101,-30110833,3413,2,
SCR,2016-12-16,227921342,10853241,3413,2,
SCR,2016-12-29,227919431,-1911,3413,2,tiny_delta
SCR,2017-10-20,243873791,15954360,3413,2,
SCR,2017-10-27,243871235,-2556,3413,2,
SCR,2018-04-13,292645482,48774247,3413,2,
SCR,2018-06-05,317032654,24387172,3413,2,
SCR,2018-10-23,339224887,22192233,3413,2,
SCR,2018-10-30,339221486,-3401,3413,2,
SCR,2019-07-24,339222675,1189,3413,2,tiny_delta
SCR,2019-12-17,366360489,27137814,3413,2,
SCR,2019-12-30,366356303,-4186,3413,2,
SCR,2022-10-25,395664807,29308504,3413,2,
SCR,2022-11-03,395661775,-3032,3413,2,tiny_delta
SCR,2024-11-14,430595036,34933261,3413,2,
SCS,2017-07-12,53377200,,2288,1,first_obs
SCS,2017-07-27,56642000,3264800,2288,1,
SCS,2017-12-19,57175977,533977,2288,1,
SCS,2019-09-24,57555700,379723,2288,1,
SCS,2020-02-07,50365700,-7190000,2288,1,
SCS,2020-06-15,50745700,380000,2288,1,
SCS,2022-08-05,93879545,43133845,2288,1,
SCS,2022-08-16,93879182,-363,2288,1,tiny_delta
SCS,2023-03-29,94379182,500000,2288,1,
SCS,2024-03-22,94886982,507800,2288,1,
SCS,2026-06-17,95907682,1020700,2288,1,
SGN,2015-12-10,14050800,,2682,2,first_obs
SGN,2016-02-24,14048800,-2000,2682,2,
SGN,2016-03-31,14047811,-989,2682,2,
SGN,2016-05-19,14041300,-6511,2682,2,
SGN,2016-06-14,19657820,5616520,2682,2,
SGN,2016-06-24,19657816,-4,2682,2,tiny_delta
SGN,2016-10-13,19990500,332684,2682,2,
SGN,2017-03-06,19982000,-8500,2682,2,
SGN,2017-06-20,19979800,-2200,2682,2,
SGN,2017-07-05,23975760,3995960,2682,2,
SGN,2017-07-14,23975752,-8,2682,2,tiny_delta
SGN,2017-12-28,23966152,-9600,2682,2,
SGN,2018-05-24,23964840,-1312,2682,2,
SGN,2019-05-21,33550512,9585672,2682,2,
SGN,2019-05-29,33550391,-121,2682,2,tiny_delta
SGN,2019-08-02,33540591,-9800,2682,2,
SGN,2019-11-28,33533591,-7000,2682,2,
SGN,2025-09-15,33498591,-35000,2682,2,
SGP,2016-04-25,216294968,,2599,1,first_obs
SGP,2018-08-23,216278461,-16507,2599,1,
SGP,2021-12-10,216294961,16500,2599,1,
SGR,2015-05-11,13200006,,2836,1,first_obs
SGR,2016-05-12,13145400,-54606,2836,1,
SGR,2016-08-04,13200000,54600,2836,1,
SGR,2016-09-27,19800000,6600000,2836,1,
SGR,2016-10-05,19799989,-11,2836,1,tiny_delta
SGR,2017-06-23,39599978,19799989,2836,1,
SGR,2018-07-19,45539975,5939997,2836,1,
SGR,2018-07-31,45539907,-68,2836,1,tiny_delta
SGR,2020-10-14,59999989,14460082,2836,1,
SGR,2025-05-07,69874989,9875000,2836,1,
SGR,2026-08-14,83849986,13974997,2836,1,
SGR,2026-08-24,83849853,-133,2836,1,tiny_delta
SHB,2013-01-02,886083361,,3415,2,first_obs
SHB,2015-08-06,948109196,62025835,3415,2,
SHB,2015-09-08,948098444,-10752,3415,2,
SHB,2016-12-28,1019205645,71107201,3415,2,
SHB,2017-01-13,1019192914,-12731,3415,2,
SHB,2017-01-24,1119192914,100000000,3415,2,
SHB,2018-01-11,1203132382,83939468,3415,2,
SHB,2018-01-25,1203120290,-12092,3415,2,
SHB,2020-02-04,1755351969,552231679,3415,2,
SHB,2020-02-26,1755318517,-33452,3415,2,
SHB,2020-02-27,1755336940,18423,3415,2,
SHB,2021-03-03,1750512908,-4824032,3415,2,
SHB,2021-05-06,1925564198,175051290,3415,2,
SHB,2021-05-13,1925552651,-11547,3415,2,tiny_delta
SHB,2021-11-11,2666890421,741337770,3415,2,
SHB,2021-11-23,2666873613,-16808,3415,2,tiny_delta
SHB,2022-11-23,3066904654,400031041,3415,2,
SHB,2022-12-01,3066887010,-17644,3415,2,tiny_delta
SHB,2023-07-24,3618926671,552039661,3415,2,
SHB,2023-08-03,3618901927,-24744,3415,2,tiny_delta
SHB,2024-02-22,3662412356,43510429,3415,2,
SHB,2025-02-26,4065277715,402865359,3415,2,
SHB,2025-03-11,4065250816,-26899,3415,2,tiny_delta
SHB,2025-08-18,4593733422,528482606,3415,2,
SHB,2025-08-29,4593703838,-29584,3415,2,tiny_delta
SHB,2026-04-03,5053074222,459370384,3415,2,
SHB,2026-04-28,5253074222,200000000,3415,2,
SHB,2026-06-02,5343703838,90629616,3415,2,
SHI,2013-01-02,25994663,,3418,3,first_obs
SHI,2014-08-01,28994663,3000000,3418,3,
SHI,2014-10-29,32994663,4000000,3418,3,
SHI,2014-12-03,35994669,3000006,3418,3,
SHI,2015-08-21,53994740,18000071,3418,3,
SHI,2016-08-19,60474022,6479282,3418,3,
SHI,2016-09-01,60473443,-579,3418,3,tiny_delta
SHI,2017-08-16,60870643,397200,3418,3,
SHI,2017-09-15,63914175,3043532,3418,3,
SHI,2017-10-03,63913546,-629,3418,3,tiny_delta
SHI,2018-05-30,67109223,3195677,3418,3,
SHI,2018-06-07,67108516,-707,3418,3,
SHI,2018-10-09,85068477,17959961,3418,3,
SHI,2019-06-06,86769846,1701369,3418,3,
SHI,2019-07-08,86769321,-525,3418,3,tiny_delta
SHI,2020-10-29,91107787,4338466,3418,3,
SHI,2020-11-06,91107067,-720,3418,3,tiny_delta
SHI,2021-07-09,100217773,9110706,3418,3,
SHI,2021-07-16,100216847,-926,3418,3,tiny_delta
SHI,2021-12-10,150325270,50108423,3418,3,
SHI,2022-01-14,149869053,-456217,3418,3,
SHI,2022-08-26,161858577,11989524,3418,3,
SHI,2022-09-06,161857589,-988,3418,3,tiny_delta
SHI,2025-06-27,169950468,8092879,3418,3,
SHI,2025-07-04,169949549,-919,3418,3,tiny_delta
SHN,2013-01-02,32453360,,3418,2,first_obs
SHN,2015-06-24,38591760,6138400,3418,2,
SHN,2016-03-31,42358467,3766707,3418,2,
SHN,2016-10-03,115083360,72724893,3418,2,
SHN,2016-10-10,117558360,2475000,3418,2,
SHN,2017-11-29,123436278,5877918,3418,2,
SHN,2018-01-03,123436108,-170,3418,2,tiny_delta
SHN,2018-12-18,129607819,6171711,3418,2,
SHN,2018-12-26,129607147,-672,3418,2,tiny_delta
SHS,2013-01-02,99845000,,3418,1,first_obs
SHS,2015-03-04,100000000,155000,3418,1,
SHS,2018-05-23,105395780,5395780,3418,1,
SHS,2019-01-14,202008375,96612595,3418,1,
SHS,2019-04-11,207268201,5259826,3418,1,
SHS,2021-08-23,321265711,113997510,3418,1,
SHS,2021-10-18,325265027,3999316,3418,1,
SHS,2022-04-14,650530054,325265027,3418,1,
SHS,2022-07-22,813162566,162632512,3418,1,
SHS,2022-08-03,813156748,-5818,3418,1,tiny_delta
SHS,2025-04-24,894472424,81315676,3418,1,
SHS,2025-05-08,894462220,-10204,3418,1,
SHS,2025-10-09,899462220,5000000,3418,1,
SIP,2019-06-06,69048195,,1815,0,first_obs
SIP,2020-09-24,79405424,10357229,1815,0,
SIP,2020-10-02,79405357,-67,1815,0,tiny_delta
SIP,2021-09-07,91316161,11910804,1815,0,
SIP,2021-09-14,91316039,-122,1815,0,tiny_delta
SIP,2021-11-03,92904146,1588107,1815,0,
SIP,2022-11-11,90904146,-2000000,1815,0,
SIP,2023-09-07,181808292,90904146,1815,0,
SIP,2023-09-15,181807923,-369,1815,0,tiny_delta
SIP,2024-07-10,209079111,27271188,1815,0,
SIP,2024-07-18,209078940,-171,1815,0,tiny_delta
SIP,2024-09-06,210533403,1454463,1815,0,
SIP,2025-07-14,242113413,31580010,1815,0,
SIP,2025-07-22,242112943,-470,1815,0,tiny_delta
SJD,2013-01-02,35879150,,3418,0,first_obs
SJD,2014-01-16,40999150,5120000,3418,0,
SJD,2015-02-03,45999150,5000000,3418,0,
SJD,2017-06-08,68998725,22999575,3418,0,
SJD,2017-06-19,68998620,-105,3418,0,tiny_delta
SJE,2013-01-02,7991797,,3418,1,first_obs
SJE,2013-12-24,10871797,2880000,3418,1,
SJE,2014-01-08,11548005,676208,3418,1,
SJE,2014-10-02,11553105,5100,3418,1,
SJE,2019-01-10,18484968,6931863,3418,1,
SJE,2019-03-07,18310001,-174967,3418,1,
SJE,2020-09-09,21972001,3662000,3418,1,
SJE,2020-09-22,21971826,-175,3418,1,tiny_delta
SJE,2023-07-10,24169008,2197182,3418,1,
SJE,2023-07-26,24168711,-297,3418,1,
SJE,2025-06-27,42295244,18126533,3418,1,
SJE,2025-10-07,40000000,-2295244,3418,1,
SJS,2013-01-02,99041940,,3418,0,first_obs
SJS,2018-04-05,113898231,14856291,3418,0,
SJS,2018-04-19,113897480,-751,3418,0,tiny_delta
SJS,2025-07-11,114855540,958060,3418,0,
SJS,2025-07-30,297475849,182620309,3418,0,
SJS,2025-08-05,297474828,-1021,3418,0,tiny_delta
SKG,2014-07-08,17474854,,3046,2,first_obs
SKG,2014-09-16,20000004,2525150,3046,2,
SKG,2014-10-03,19999792,-212,3046,2,
SKG,2015-06-22,23999750,3999958,3046,2,
SKG,2015-07-07,23999645,-105,3046,2,tiny_delta
SKG,2015-12-04,24479585,479940,3046,2,
SKG,2016-06-02,34271419,9791834,3046,2,
SKG,2016-06-13,34271242,-177,3046,2,tiny_delta
SKG,2017-06-21,47979738,13708496,3046,2,
SKG,2017-07-03,47979437,-301,3046,2,tiny_delta
SKG,2018-06-19,57575324,9595887,3046,2,
SKG,2018-07-02,57574956,-368,3046,2,tiny_delta
SKG,2019-06-28,63332451,5757495,3046,2,
SKG,2019-08-09,63331735,-716,3046,2,
SKG,2024-06-28,66498321,3166586,3046,2,
SKG,2024-07-10,66497697,-624,3046,2,tiny_delta
SMB,2013-01-02,29846648,,3404,0,first_obs
SMC,2013-01-02,29511643,,3418,1,first_obs
SMC,2017-05-05,41999243,12487600,3418,1,
SMC,2018-07-06,54599015,12599772,3418,1,
SMC,2018-07-23,54998360,399345,3418,1,
SMC,2019-05-17,54970260,-28100,3418,1,
SMC,2019-07-12,60467286,5497026,3418,1,
SMC,2019-07-30,60966591,499305,3418,1,
SMC,2019-12-23,60947341,-19250,3418,1,
SMC,2020-04-09,60922941,-24400,3418,1,
SMC,2022-06-28,73107529,12184588,3418,1,
SMC,2022-07-04,73106837,-692,3418,1,tiny_delta
SMC,2022-10-05,73606837,500000,3418,1,
SSB,2021-03-24,1208744208,,1368,0,first_obs
SSB,2021-07-23,1318988369,110244161,1368,0,
SSB,2021-08-17,1342488369,23500000,1368,0,
SSB,2021-10-13,1478488369,136000000,1368,0,
SSB,2022-01-17,1659800000,181311631,1368,0,
SSB,2022-06-16,1980900000,321100000,1368,0,
SSB,2022-07-15,1980898268,-1732,1368,0,tiny_delta
SSB,2022-10-28,2040298268,59400000,1368,0,
SSB,2023-06-23,2453700000,413401732,1368,0,
SSB,2023-12-20,2495700000,42000000,1368,0,
SSB,2024-08-23,2835000000,339300000,1368,0,
SSB,2025-02-25,2845000000,10000000,1368,0,
SSB,2026-05-28,3428800000,583800000,1368,0,
SSB,2026-08-25,3468800000,40000000,1368,0,
SSI,2013-01-02,349564842,,3418,2,first_obs
SSI,2013-02-19,350748042,1183200,3418,2,
SSI,2013-06-24,350748043,1,3418,2,tiny_delta
SSI,2014-09-09,353794942,3046899,3418,2,
SSI,2014-12-04,353794940,-2,3418,2,tiny_delta
SSI,2015-02-05,353788650,-6290,3418,2,
SSI,2015-03-03,356105450,2316800,3418,2,
SSI,2015-03-06,427326540,71221090,3418,2,
SSI,2015-03-25,427326507,-33,3418,2,tiny_delta
SSI,2015-08-13,470057390,42730883,3418,2,
SSI,2015-08-14,470059157,1767,3418,2,tiny_delta
SSI,2015-09-01,470057392,-1765,3418,2,tiny_delta
SSI,2015-09-03,470057390,-2,3418,2,tiny_delta
SSI,2015-11-06,470057388,-2,3418,2,tiny_delta
SSI,2015-12-15,480057388,10000000,3418,2,
SSI,2016-01-08,480057365,-23,3418,2,tiny_delta
SSI,2016-03-03,480057361,-4,3418,2,tiny_delta
SSI,2016-04-07,480033339,-24022,3418,2,
SSI,2016-05-10,480033324,-15,3418,2,tiny_delta
SSI,2016-06-06,480033318,-6,3418,2,tiny_delta
SSI,2016-10-31,479825250,-208068,3418,2,
SSI,2016-12-21,489825250,10000000,3418,2,
SSI,2017-02-27,489845250,20000,3418,2,
SSI,2017-12-04,489849370,4120,3418,2,tiny_delta
SSI,2017-12-25,499849370,10000000,3418,2,
SSI,2018-01-24,499849362,-8,3418,2,tiny_delta
SSI,2018-03-30,499849092,-270,3418,2,tiny_delta
SSI,2018-04-12,499847842,-1250,3418,2,tiny_delta
SSI,2018-09-06,499847836,-6,3418,2,tiny_delta
SSI,2018-10-02,499170330,-677506,3418,2,
SSI,2018-12-05,499170315,-15,3418,2,tiny_delta
SSI,2018-12-26,509170307,9999992,3418,2,
SSI,2019-02-01,509170292,-15,3418,2,tiny_delta
SSI,2019-04-03,509170288,-4,3418,2,tiny_delta
SSI,2019-05-06,509170286,-2,3418,2,tiny_delta
SSI,2019-06-06,509170284,-2,3418,2,tiny_delta
SSI,2019-07-02,509170274,-10,3418,2,tiny_delta
SSI,2019-08-06,509170270,-4,3418,2,tiny_delta
SSI,2019-08-14,509170256,-14,3418,2,tiny_delta
SSI,2019-08-29,508054740,-1115516,3418,2,
SSI,2019-10-03,508054730,-10,3418,2,tiny_delta
SSI,2019-11-07,508054700,-30,3418,2,tiny_delta
SSI,2019-12-03,508054698,-2,3418,2,tiny_delta
SSI,2019-12-25,508054676,-22,3418,2,tiny_delta
SSI,2020-01-21,518054676,10000000,3418,2,
SSI,2020-02-07,518054668,-8,3418,2,tiny_delta
SSI,2020-03-04,518054663,-5,3418,2,tiny_delta
SSI,2020-03-17,518054610,-53,3418,2,tiny_delta
SSI,2020-04-09,600943347,82888737,3418,2,
SSI,2020-04-10,600943211,-136,3418,2,tiny_delta
SSI,2020-04-17,600936403,-6808,3418,2,
SSI,2020-06-02,600936391,-12,3418,2,tiny_delta
SSI,2020-07-03,600936373,-18,3418,2,tiny_delta
SSI,2020-08-05,600936363,-10,3418,2,tiny_delta
SSI,2020-09-09,600936353,-10,3418,2,tiny_delta
SSI,2020-10-02,600936346,-7,3418,2,tiny_delta
SSI,2020-11-02,600936330,-16,3418,2,tiny_delta
SSI,2020-12-02,600936324,-6,3418,2,tiny_delta
SSI,2020-12-28,599014924,-1921400,3418,2,
SSI,2021-01-05,599014915,-9,3418,2,tiny_delta
SSI,2021-02-01,599014862,-53,3418,2,tiny_delta
SSI,2021-03-01,599014800,-62,3418,2,tiny_delta
SSI,2021-03-16,645874209,46859409,3418,2,
SSI,2021-04-02,645867344,-6865,3418,2,
SSI,2021-05-12,645861321,-6023,3418,2,tiny_delta
SSI,2021-06-04,653361218,7499897,3418,2,
SSI,2021-06-10,653361120,-98,3418,2,tiny_delta
SSI,2021-06-17,654914984,1553864,3418,2,
SSI,2021-07-05,654914616,-368,3418,2,tiny_delta
SSI,2021-08-03,654914415,-201,3418,2,tiny_delta
SSI,2021-09-01,654914340,-75,3418,2,tiny_delta
SSI,2021-09-08,983566892,328652552,3418,2,
SSI,2021-09-15,982757666,-809226,3418,2,
SSI,2021-10-08,982757644,-22,3418,2,tiny_delta
SSI,2021-10-22,982359090,-398554,3418,2,
SSI,2021-11-02,982358856,-234,3418,2,tiny_delta
SSI,2021-12-07,982348167,-10689,3418,2,
SSI,2022-01-07,982343473,-4694,3418,2,tiny_delta
SSI,2022-02-07,982778572,435099,3418,2,
SSI,2022-02-09,982766643,-11929,3418,2,
SSI,2022-02-23,992766553,9999910,3418,2,
SSI,2022-03-01,992766421,-132,3418,2,tiny_delta
SSI,2022-04-05,992764388,-2033,3418,2,tiny_delta
SSI,2022-05-05,992761818,-2570,3418,2,tiny_delta
SSI,2022-06-06,992760845,-973,3418,2,tiny_delta
SSI,2022-06-22,1490135856,497375011,3418,2,
SSI,2022-07-08,1490135242,-614,3418,2,tiny_delta
SSI,2022-08-08,1490134924,-318,3418,2,tiny_delta
SSI,2022-08-10,1489140028,-994896,3418,2,
SSI,2022-09-06,1489139375,-653,3418,2,tiny_delta
SSI,2022-10-05,1489138669,-706,3418,2,tiny_delta
SSI,2023-03-02,1499138669,10000000,3418,2,
SSI,2024-04-25,1509138669,10000000,3418,2,
SSI,2024-09-23,1962477709,453339040,3418,2,
SSI,2024-10-02,1962071596,-406113,3418,2,
SSI,2024-11-22,1961872450,-199146,3418,2,
SSI,2025-06-06,1971872450,10000000,3418,2,
SSI,2025-09-03,2075914794,104042344,3418,2,
SSI,2025-12-08,2491097752,415182958,3418,2,
SSI,2026-06-17,2501097752,10000000,3418,2,
SSI,2026-08-17,3001317302,500219550,3418,2,
SSI,2026-08-27,3001302333,-14969,3418,2,tiny_delta
STB,2013-01-02,973967664,,3418,0,first_obs
STB,2013-05-20,1110323136,136355472,3418,0,
STB,2013-05-31,1110292561,-30575,3418,0,
STB,2013-07-04,1142511590,32219029,3418,0,
STB,2015-10-16,1585265066,442753476,3418,0,
STB,2015-11-13,1885215716,299950650,3418,0,
STB,2015-12-07,1803653429,-81562287,3418,0,
STB,2021-08-02,1885215716,81562287,3418,0,
SVN,2013-01-02,3000000,,3418,0,first_obs
SVN,2015-01-07,20000000,17000000,3418,0,
SVN,2016-02-02,21000000,1000000,3418,0,
SZC,2019-01-15,100000000,,1913,0,first_obs
SZC,2023-07-06,120000000,20000000,1913,0,
SZC,2023-07-20,119999961,-39,1913,0,tiny_delta
SZC,2024-01-05,179999941,59999980,1913,0,
SZC,2024-04-15,179985863,-14078,1913,0,
SZL,2013-01-02,18190900,,3418,0,first_obs
SZL,2023-10-02,18229700,38800,3418,0,
SZL,2023-11-16,27344550,9114850,3418,0,
SZL,2023-11-22,27344540,-10,3418,0,tiny_delta
SZL,2026-04-29,27902540,558000,3418,0,
SZL,2026-07-27,28352340,449800,3418,0,
SZL,2026-09-16,48198978,19846638,3418,0,
TAL,2024-01-09,297000000,,659,0,first_obs
TAL,2024-12-24,311850000,14850000,659,0,
TAL,2025-09-23,360000000,48150000,659,0,
TAL,2026-05-27,504000000,144000000,659,0,
TAL,2026-06-03,503999708,-292,659,0,tiny_delta
TCB,2018-06-04,1165530720,,2071,1,first_obs
TCB,2018-07-05,3496592458,2331061738,2071,1,
TCB,2019-10-23,3500139962,3547504,2071,1,
TCB,2020-12-17,3504906230,4766268,2071,1,
TCB,2021-09-23,3510914798,6008568,2071,1,
TCB,2022-09-06,3517238514,6323716,2071,1,
TCB,2023-11-24,3522510811,5272297,2071,1,
TCB,2024-06-20,7045021622,3522510811,2071,1,
TCB,2024-12-03,7064851739,19830117,2071,1,
TCB,2025-08-07,7086240414,21388675,2071,1,
TCH,2016-10-05,329994572,,2485,0,first_obs
TCH,2016-12-05,362994029,32999457,2485,0,
TCH,2016-12-13,362994014,-15,2485,0,tiny_delta
TCH,2018-01-09,353271564,-9722450,2485,0,
TCH,2021-03-16,374437834,21166270,2485,0,
TCH,2021-05-17,389453294,15015460,2485,0,
TCH,2021-06-02,399175744,9722450,2485,0,
TCH,2021-09-10,618722403,219546659,2485,0,
TCH,2021-10-18,618721968,-435,2485,0,tiny_delta
TCH,2022-01-13,668219725,49497757,2485,0,
TCH,2022-01-20,668215843,-3882,2485,0,tiny_delta
TCH,2025-08-20,868680595,200464752,2485,0,
TCH,2025-11-21,912114624,43434029,2485,0,
TCH,2025-11-28,912109224,-5400,2485,0,tiny_delta
TCH,2026-09-03,1003320146,91210922,2485,0,
TCH,2026-09-10,1003312808,-7338,2485,0,tiny_delta
TCI,2018-09-05,36000000,,1996,0,first_obs
TCI,2020-12-08,50400000,14400000,1996,0,
TCI,2021-01-19,49500000,-900000,1996,0,
TCI,2021-10-07,100980000,51480000,1996,0,
TCI,2021-11-17,100979982,-18,1996,0,tiny_delta
TCI,2024-05-10,115622079,14642097,1996,0,
TCI,2024-05-20,115620964,-1115,1996,0,tiny_delta
TCM,2013-01-02,44637036,,3418,1,first_obs
TCM,2013-07-19,49100739,4463703,3418,1,
TCM,2013-08-13,49099501,-1238,3418,1,
TCM,2017-06-20,51554476,2454975,3418,1,
TCM,2017-07-04,51553379,-1097,3418,1,
TCM,2018-05-21,54131047,2577668,3418,1,
TCM,2018-05-30,54129798,-1249,3418,1,
TCM,2019-05-28,57918677,3788879,3418,1,
TCM,2019-06-06,57916468,-2209,3418,1,
TCM,2020-07-24,61970620,4054152,3418,1,
TCM,2020-08-03,61967899,-2721,3418,1,
TCM,2021-05-20,71263083,9295184,3418,1,
TCM,2021-05-28,71260358,-2725,3418,1,
TCM,2022-06-07,81949411,10689053,3418,1,
TCM,2022-06-14,81946677,-2734,3418,1,
TCM,2023-10-24,92599745,10653068,3418,1,
TCM,2023-10-30,92597264,-2481,3418,1,
TCM,2024-06-11,101856990,9259726,3418,1,
TCM,2024-06-17,101855032,-1958,3418,1,
TCM,2025-06-09,112040535,10185503,3418,1,
TCM,2025-06-16,112038755,-1780,3418,1,
TCM,2026-05-25,117640692,5601937,3418,1,
TCM,2026-05-29,117638627,-2065,3418,1,
TCO,2013-01-02,12770000,,3418,2,first_obs
TCO,2013-12-04,12620000,-150000,3418,2,
TCO,2014-10-13,13780000,1160000,3418,2,
TCO,2015-05-04,15158000,1378000,3418,2,
TCO,2015-05-28,15157866,-134,3418,2,tiny_delta
TCO,2015-06-03,18357866,3200000,3418,2,
TCO,2015-08-10,18460991,103125,3418,2,
TCO,2016-10-27,18459686,-1305,3418,2,
TCO,2016-10-31,18412176,-47510,3418,2,
TCO,2016-11-04,18264376,-147800,3418,2,
TCO,2016-11-07,18189376,-75000,3418,2,
TCO,2016-11-10,17964376,-225000,3418,2,
TCO,2016-11-14,17814376,-150000,3418,2,
TCO,2016-11-16,17778366,-36010,3418,2,
TCO,2016-11-18,17710866,-67500,3418,2,
TCO,2017-09-21,17315386,-395480,3418,2,
TCO,2019-02-01,16728076,-587310,3418,2,
TCO,2021-09-10,18711000,1982924,3418,2,
TCO,2024-11-26,31321929,12610929,3418,2,
TCO,2024-12-02,31320622,-1307,3418,2,
TCO,2026-07-20,57320622,26000000,3418,2,
TDC,2013-01-02,100000000,,3418,0,first_obs
TDC,2025-05-20,127228000,27228000,3418,0,
TDP,2018-11-12,25000000,,1908,0,first_obs
TDP,2019-08-14,28000000,3000000,1908,0,
TDP,2019-09-03,27999999,-1,1908,0,tiny_delta
TDP,2019-10-14,47999999,20000000,1908,0,
TDP,2020-11-27,53759998,5759999,1908,0,
TDP,2020-12-09,53759837,-161,1908,0,tiny_delta
TDP,2021-07-16,60211017,6451180,1908,0,
TDP,2021-07-23,60210902,-115,1908,0,tiny_delta
TDP,2022-12-07,67436210,7225308,1908,0,
TDP,2022-12-13,67435940,-270,1908,0,tiny_delta
TDP,2023-06-16,75528252,8092312,1908,0,
TDP,2023-06-23,75527993,-259,1908,0,tiny_delta
TDP,2024-01-26,83080792,7552799,1908,0,
TDP,2024-04-09,80202202,-2878590,1908,0,
TDP,2024-08-16,88222422,8020220,1908,0,
TDP,2024-08-27,88222250,-172,1908,0,tiny_delta
TDP,2025-12-25,110277812,22055562,1908,0,
TDP,2026-02-11,93699574,-16578238,1908,0,
THD,2020-06-19,53900000,,1559,0,first_obs
THD,2020-12-04,350000000,296100000,1559,0,
THD,2023-08-14,385000000,35000000,1559,0,
THD,2023-08-24,384999972,-28,1559,0,tiny_delta
THG,2013-01-02,8000000,,3418,2,first_obs
THG,2013-11-08,10000000,2000000,3418,2,
THG,2016-10-06,12000000,2000000,3418,2,
THG,2016-10-24,11999907,-93,3418,2,tiny_delta
THG,2018-06-18,13199897,1199990,3418,2,
THG,2018-06-26,13199769,-128,3418,2,tiny_delta
THG,2020-06-25,14519746,1319977,3418,2,
THG,2020-07-02,14519560,-186,3418,2,
THG,2021-07-14,15971516,1451956,3418,2,
THG,2021-07-20,15971306,-210,3418,2,
THG,2022-06-02,19964132,3992826,3418,2,
THG,2022-06-07,19963893,-239,3418,2,
THG,2023-06-15,22958477,2994584,3418,2,
THG,2023-06-23,22957896,-581,3418,2,
THG,2024-06-17,25942422,2984526,3418,2,
THG,2024-06-25,25941887,-535,3418,2,
THG,2025-06-17,31130264,5188377,3418,2,
THG,2025-06-23,31129907,-357,3418,2,
THG,2026-06-04,35176794,4046887,3418,2,
THG,2026-06-10,35176307,-487,3418,2,
TIG,2013-01-02,16500000,,3418,2,first_obs
TIG,2014-09-15,26500000,10000000,3418,2,
TIG,2015-07-03,55650000,29150000,3418,2,
TIG,2016-04-20,68000000,12350000,3418,2,
TIG,2016-10-07,73565000,5565000,3418,2,
TIG,2017-08-01,77243250,3678250,3418,2,
TIG,2018-10-30,82650277,5407027,3418,2,
TIG,2020-10-28,90915304,8265027,3418,2,
TIG,2021-07-08,100006834,9091530,3418,2,
TIG,2021-09-08,130006834,30000000,3418,2,
TIG,2022-03-17,160006834,30000000,3418,2,
TIG,2022-10-03,176007517,16000683,3418,2,
TIG,2022-10-19,176006485,-1032,3418,2,tiny_delta
TIG,2023-11-24,193607133,17600648,3418,2,
TIG,2023-12-12,193606205,-928,3418,2,tiny_delta
TIP,2016-06-06,26003143,,2564,0,first_obs
TIP,2022-04-28,65007857,39004714,2564,0,
TLD,2017-12-07,18000000,,2188,1,first_obs
TLD,2018-09-11,18720000,720000,2188,1,
TLD,2018-09-19,18719788,-212,2188,1,
TLD,2020-06-19,28079682,9359894,2188,1,
TLD,2020-09-15,38054077,9974395,2188,1,
TLD,2020-12-28,39956780,1902703,2188,1,
TLD,2021-01-11,39956372,-408,2188,1,
TLD,2021-12-23,42753318,2796946,2188,1,
TLD,2022-01-04,42752586,-732,2188,1,
TLD,2022-08-09,74752586,32000000,2188,1,
TLD,2023-12-07,77742689,2990103,2188,1,
TLD,2023-12-14,77741356,-1333,2188,1,
TLG,2013-01-02,21179970,,3418,1,first_obs
TLG,2013-09-27,23297967,2117997,3418,1,
TLG,2013-10-10,23297915,-52,3418,1,tiny_delta
TLG,2014-10-06,26792602,3494687,3418,1,
TLG,2014-10-21,26792426,-176,3418,1,tiny_delta
TLG,2015-07-03,29471668,2679242,3418,1,
TLG,2015-07-20,29471464,-204,3418,1,tiny_delta
TLG,2016-02-23,38312903,8841439,3418,1,
TLG,2016-03-02,38312672,-231,3418,1,tiny_delta
TLG,2017-07-13,49806472,11493800,3418,1,
TLG,2017-07-27,49806256,-216,3418,1,tiny_delta
TLG,2017-11-13,50556256,750000,3418,1,
TLG,2018-08-30,65723056,15166800,3418,1,
TLG,2018-09-13,65722853,-203,3418,1,tiny_delta
TLG,2019-03-07,70722853,5000000,3418,1,
TLG,2019-09-19,77795137,7072284,3418,1,
TLG,2019-09-30,77794453,-684,3418,1,tiny_delta
TLG,2020-05-21,76294453,-1500000,3418,1,
TLG,2020-12-23,77794453,1500000,3418,1,
TLG,2023-10-16,78594453,800000,3418,1,
TLG,2024-11-14,86453898,7859445,3418,1,
TLG,2024-11-21,86453575,-323,3418,1,tiny_delta
TLG,2025-09-16,87753575,1300000,3418,1,
TLG,2025-12-11,96528932,8775357,3418,1,
TLG,2025-12-18,96528340,-592,3418,1,tiny_delta
TLH,2013-01-02,56631913,,3418,0,first_obs
TLH,2013-01-07,56630603,-1310,3418,0,
TLH,2013-01-24,75430956,18800353,3418,0,
TLH,2013-02-28,74934758,-496198,3418,0,
TLH,2014-05-05,78434758,3500000,3418,0,
TLH,2014-06-26,80685688,2250930,3418,0,
TLH,2015-07-17,79225688,-1460000,3418,0,
TLH,2015-11-19,83186972,3961284,3418,0,
TLH,2015-12-30,83185564,-1408,3418,0,
TLH,2017-07-13,91504120,8318556,3418,0,
TLH,2017-09-29,91502313,-1807,3418,0,
TLH,2018-06-28,100652544,9150231,3418,0,
TLH,2018-07-06,100650621,-1923,3418,0,
TLH,2021-10-29,102110621,1460000,3418,0,
TLH,2023-06-20,112321683,10211062,3418,0,
TLH,2023-06-27,112320017,-1666,3418,0,
TNG,2013-01-02,13461325,,3417,2,first_obs
TNG,2014-06-02,14807457,1346132,3417,2,
TNG,2014-06-13,14807415,-42,3417,2,tiny_delta
TNG,2014-12-16,21223975,6416560,3417,2,
TNG,2014-12-25,21223765,-210,3417,2,tiny_delta
TNG,2015-02-10,21223751,-14,3417,2,tiny_delta
TNG,2015-04-10,21942569,718818,3417,2,
TNG,2015-11-09,29622467,7679898,3417,2,
TNG,2015-11-20,29622127,-340,3417,2,
TNG,2016-08-15,32584339,2962212,3417,2,
TNG,2016-08-23,32783872,199533,3417,2,
TNG,2016-08-29,34264978,1481106,3417,2,
TNG,2017-06-29,41117973,6852995,3417,2,
TNG,2017-07-11,41117291,-682,3417,2,
TNG,2018-06-25,49340749,8223458,3417,2,
TNG,2018-07-04,49340180,-569,3417,2,
TNG,2019-03-12,51807189,2467009,3417,2,
TNG,2019-06-14,62168626,10361437,3417,2,
TNG,2019-06-25,62167998,-628,3417,2,
TNG,2019-12-17,65211476,3043478,3417,2,
TNG,2020-07-09,70428394,5216918,3417,2,
TNG,2020-07-21,70427260,-1134,3417,2,
TNG,2020-08-25,73996005,3568745,3417,2,
TNG,2021-03-15,79536951,5540946,3417,2,
TNG,2021-09-30,85899907,6362956,3417,2,
TNG,2021-10-13,85898779,-1128,3417,2,
TNG,2021-11-18,92698779,6800000,3417,2,
TNG,2022-06-02,100114681,7415902,3417,2,
TNG,2022-06-10,100112151,-2530,3417,2,
TNG,2022-09-09,105117758,5005607,3417,2,
TNG,2023-06-14,113527178,8409420,3417,2,
TNG,2023-06-30,113523002,-4176,3417,2,
TNG,2024-07-12,122604842,9081840,3417,2,
TNG,2024-07-23,122601206,-3636,3417,2,
TNG,2025-10-17,128731266,6130060,3417,2,
TNH,2021-01-06,41500000,,1418,0,first_obs
TNH,2022-01-27,51875000,10375000,1418,0,
TNH,2022-02-22,51874998,-2,1418,0,tiny_delta
TNH,2023-04-20,93374996,41499998,1418,0,
TNH,2023-05-05,93374610,-386,1418,0,tiny_delta
TNH,2023-06-20,95874610,2500000,1418,0,
TNH,2023-12-11,95804610,-70000,1418,0,
TNH,2024-01-02,110175301,14370691,1418,0,
TNH,2024-01-12,110174580,-721,1418,0,tiny_delta
TNH,2024-09-17,125376580,15202000,1418,0,
TNH,2024-12-05,144183067,18806487,1418,0,
TNH,2024-12-12,144181270,-1797,1418,0,
TNH,2025-03-28,144133270,-48000,1418,0,
TNH,2025-09-24,165753260,21619990,1418,0,
TNH,2025-10-01,165751943,-1317,1418,0,tiny_delta
TNH,2026-05-25,165726943,-25000,1418,0,
TNI,2017-05-29,21000000,,2326,0,first_obs
TNI,2018-01-09,52500000,31500000,2326,0,
TOS,2021-09-08,26500000,,1253,0,first_obs
TOS,2021-11-11,26798125,298125,1253,0,
TOS,2022-05-24,31000000,4201875,1253,0,
TOS,2022-06-08,30999886,-114,1253,0,tiny_delta
TOS,2025-08-26,45000000,14000114,1253,0,
TOS,2025-09-04,44999681,-319,1253,0,tiny_delta
TOS,2026-07-23,75000000,30000319,1253,0,
TOS,2026-08-05,74999691,-309,1253,0,tiny_delta
TPB,2018-04-19,578194444,,2099,1,first_obs
TPB,2018-06-20,665826019,87631575,2099,1,
TPB,2018-12-07,850629681,184803662,2099,1,
TPB,2018-12-17,850573150,-56531,2099,1,
TPB,2019-06-26,826573150,-24000000,2099,1,
TPB,2020-03-30,816573150,-10000000,2099,1,
TPB,2020-11-30,997689074,181115924,2099,1,
TPB,2020-12-07,1031655666,33966592,2099,1,
TPB,2021-05-20,1071671722,40016056,2099,1,
TPB,2021-09-20,1171671722,100000000,2099,1,
TPB,2021-12-20,1581756824,410085102,2099,1,
TPB,2021-12-24,1581755495,-1329,2099,1,tiny_delta
TPB,2023-06-09,2201645473,619889978,2099,1,
TPB,2023-06-16,2201635009,-10464,2099,1,tiny_delta
TPB,2024-09-23,2641962010,440327001,2099,1,
TPB,2024-09-27,2641956196,-5814,2099,1,tiny_delta
TPB,2025-10-30,2774054005,132097809,2099,1,
TPB,2025-11-06,2774046873,-7132,2099,1,tiny_delta
TRC,2013-01-02,29125000,,3418,0,first_obs
TRC,2025-09-18,30000000,875000,3418,0,
TRC,2026-09-15,120000000,90000000,3418,0,
TTA,2020-09-18,135000000,,1495,0,first_obs
TTA,2021-08-05,145800000,10800000,1495,0,
TTA,2021-08-23,145799904,-96,1495,0,tiny_delta
TTA,2022-07-27,157463896,11663992,1495,0,
TTA,2022-08-26,157462937,-959,1495,0,tiny_delta
TTA,2023-07-12,170059971,12597034,1495,0,
TTA,2023-07-17,170057593,-2378,1495,0,
TTA,2025-12-18,178560472,8502879,1495,0,
TTA,2025-12-25,178559087,-1385,1495,0,tiny_delta
TTF,2013-01-02,39373142,,3418,1,first_obs
TTF,2013-01-10,59059713,19686571,3418,1,
TTF,2013-08-08,67918740,8859027,3418,1,
TTF,2013-12-04,73499536,5580796,3418,1,
TTF,2014-12-29,100066636,26567100,3418,1,
TTF,2015-04-22,140093476,40026840,3418,1,
TTF,2017-07-10,144607376,4513900,3418,1,
TTF,2018-01-29,214607376,70000000,3418,1,
TTF,2019-05-28,311182487,96575111,3418,1,
TTF,2022-02-07,411182487,100000000,3418,1,
TTF,2022-12-09,393532487,-17650000,3418,1,
TTF,2026-04-09,393532434,-53,3418,1,tiny_delta
TV1,2013-01-02,23010536,,3411,0,first_obs
TV1,2014-06-17,26692222,3681686,3411,0,
TV1,2014-07-10,26691319,-903,3411,0,
TV2,2013-01-02,4398500,,3411,2,first_obs
TV2,2016-06-15,5058275,659775,3411,2,
TV2,2016-06-27,5058264,-11,3411,2,tiny_delta
TV2,2016-10-28,5098764,40500,3411,2,
TV2,2017-05-24,5863578,764814,3411,2,
TV2,2017-06-05,5863470,-108,3411,2,
TV2,2018-03-19,11726940,5863470,3411,2,
TV2,2018-09-24,12313287,586347,3411,2,
TV2,2018-10-04,12313159,-128,3411,2,
TV2,2019-06-27,14775667,2462508,3411,2,
TV2,2019-07-30,24010458,9234791,3411,2,
TV2,2019-08-12,24010118,-340,3411,2,
TV2,2020-08-11,36015177,12005059,3411,2,
TV2,2020-08-17,36014952,-225,3411,2,tiny_delta
TV2,2021-07-16,45018690,9003738,3411,2,
TV2,2021-07-28,45018141,-549,3411,2,
TV2,2022-11-15,67527211,22509070,3411,2,
TV2,2022-11-18,67526165,-1046,3411,2,
TVN,2016-01-18,678000000,,2663,0,first_obs
TVS,2015-01-15,43000000,,2913,2,first_obs
TVS,2015-04-17,38700000,-4300000,2913,2,
TVS,2015-07-01,43344000,4644000,2913,2,
TVS,2015-07-15,43343888,-112,2913,2,tiny_delta
TVS,2016-02-05,43573138,229250,2913,2,
TVS,2016-06-24,47930451,4357313,2913,2,
TVS,2016-07-18,47929756,-695,2913,2,
TVS,2016-12-09,49358756,1429000,2913,2,
TVS,2017-07-14,53801044,4442288,2913,2,
TVS,2017-07-25,53800291,-753,2913,2,
TVS,2018-02-28,55045041,1244750,2913,2,
TVS,2018-05-11,56321041,1276000,2913,2,
TVS,2018-07-26,61953145,5632104,2913,2,
TVS,2018-08-09,61952375,-770,2913,2,
TVS,2019-02-01,63502375,1550000,2913,2,
TVS,2019-06-25,78424700,14922325,2913,2,
TVS,2019-08-30,80124700,1700000,2913,2,
TVS,2020-02-04,90124700,10000000,2913,2,
TVS,2020-10-15,98235923,8111223,2913,2,
TVS,2020-10-27,98235174,-749,2913,2,tiny_delta
TVS,2021-10-11,107076339,8841165,2913,2,
TVS,2021-10-21,107075121,-1218,2913,2,
TVS,2023-01-05,109175121,2100000,2913,2,
TVS,2023-01-06,109175184,63,2913,2,tiny_delta
TVS,2023-06-15,151316805,42141621,2913,2,
TVS,2023-06-22,151314672,-2133,2913,2,
TVS,2024-03-26,151814672,500000,2913,2,
TVS,2024-06-03,166996139,15181467,2913,2,
TVS,2024-06-13,166995274,-865,2913,2,tiny_delta
TVS,2025-09-23,200394328,33399054,2913,2,
TVS,2025-11-18,200393669,-659,2913,2,tiny_delta
TVS,2026-01-05,224440909,24047240,2913,2,
TVS,2026-01-12,224439917,-992,2913,2,tiny_delta
TVS,2026-06-18,228639917,4200000,2913,2,
TVS,2026-08-19,244644711,16004794,2913,2,
TVS,2026-08-27,244643477,-1234,2913,2,tiny_delta
VAB,2021-07-20,444963567,,1279,0,first_obs
VAB,2022-01-19,539963567,95000000,1279,0,
VAB,2022-02-09,539960043,-3524,1279,0,tiny_delta
VAB,2025-08-14,816388696,276428653,1279,0,
VAB,2025-08-22,816360672,-28024,1279,0,
VAB,2026-08-25,902078543,85717871,1279,0,
VAB,2026-09-09,902075041,-3502,1279,0,tiny_delta
VBB,2019-07-30,419019904,,1772,0,first_obs
VBB,2021-06-10,477682690,58662786,1772,0,
VBB,2021-06-17,477682669,-21,1772,0,tiny_delta
VBB,2024-01-08,577996029,100313360,1772,0,
VBB,2024-04-11,571853270,-6142759,1772,0,
VBB,2024-05-03,571153270,-700000,1772,0,
VBB,2024-11-28,713941588,142788318,1772,0,
VBB,2024-12-06,713941329,-259,1772,0,tiny_delta
VBB,2025-06-27,821032528,107091199,1772,0,
VBB,2025-07-04,821031970,-558,1772,0,tiny_delta
VBB,2025-11-12,1091972520,270940550,1772,0,
VBB,2025-12-26,1076897384,-15075136,1772,0,
VBB,2026-06-26,1184587122,107689738,1772,0,
VBB,2026-07-14,1184586604,-518,1772,0,tiny_delta
VC3,2013-01-02,7933800,,3418,2,first_obs
VC3,2015-10-12,8000000,66200,3418,2,
VC3,2015-11-03,20000000,12000000,3418,2,
VC3,2015-11-25,19999894,-106,3418,2,tiny_delta
VC3,2016-06-06,21999883,1999989,3418,2,
VC3,2016-06-30,21999742,-141,3418,2,tiny_delta
VC3,2017-04-11,28379667,6379925,3418,2,
VC3,2017-04-21,28379461,-206,3418,2,tiny_delta
VC3,2019-11-08,61015841,32636380,3418,2,
VC3,2019-11-22,61015642,-199,3418,2,tiny_delta
VC3,2021-07-29,66812128,5796486,3418,2,
VC3,2021-08-05,66811848,-280,3418,2,tiny_delta
VC3,2022-08-03,100217588,33405740,3418,2,
VC3,2023-06-29,111742610,11525022,3418,2,
VC3,2023-07-11,111742198,-412,3418,2,tiny_delta
VC3,2024-07-17,125151261,13409063,3418,2,
VC3,2024-07-25,125150939,-322,3418,2,tiny_delta
VC3,2025-08-01,136414524,11263585,3418,2,
VC3,2025-08-15,136414258,-266,3418,2,tiny_delta
VC3,2026-02-27,138414258,2000000,3418,2,
VC3,2026-08-27,148795327,10381069,3418,2,
VC3,2026-09-14,148795034,-293,3418,2,tiny_delta
VC7,2013-01-02,7500000,,3418,2,first_obs
VC7,2016-08-11,8000000,500000,3418,2,
VC7,2016-11-23,11000000,3000000,3418,2,
VC7,2016-12-02,10999984,-16,3418,2,tiny_delta
VC7,2016-12-06,10999670,-314,3418,2,
VC7,2018-11-21,21999340,10999670,3418,2,
VC7,2019-08-01,22879313,879973,3418,2,
VC7,2019-08-16,22879032,-281,3418,2,
VC7,2020-09-18,24022983,1143951,3418,2,
VC7,2020-10-01,24022639,-344,3418,2,
VC7,2021-10-20,48045278,24022639,3418,2,
VC7,2023-11-06,96090556,48045278,3418,2,
VCB,2013-01-02,2317417076,,3418,1,first_obs
VCB,2014-06-18,2665029637,347612561,3418,1,
VCB,2014-07-07,2665020334,-9303,3418,1,tiny_delta
VCB,2016-09-09,3597777450,932757116,3418,1,
VCB,2016-09-28,3597768575,-8875,3418,1,tiny_delta
VCB,2019-01-11,3708877448,111108873,3418,1,
VCB,2021-12-22,4732527623,1023650175,3418,1,
VCB,2022-01-06,4732516571,-11052,3418,1,tiny_delta
VCB,2023-07-25,5589102068,856585497,3418,1,
VCB,2023-08-09,5589091262,-10806,3418,1,tiny_delta
VCB,2025-03-12,8355691435,2766600173,3418,1,
VCB,2025-03-27,8355675094,-16341,3418,1,tiny_delta
VCG,2013-01-02,441710673,,3413,0,first_obs
VCG,2020-12-08,402410673,-39300000,3413,0,
VCG,2021-07-05,438627634,36216961,3413,0,
VCG,2021-08-31,438625654,-1980,3413,0,tiny_delta
VCG,2021-12-08,441710673,3085019,3413,0,
VCG,2022-06-30,485881740,44171067,3413,0,
VCG,2022-07-07,485879878,-1862,3413,0,tiny_delta
VCG,2023-06-14,534467865,48587987,3413,0,
VCG,2023-06-22,534465514,-2351,3413,0,tiny_delta
VCG,2024-06-14,598601375,64135861,3413,0,
VCG,2024-06-24,598593458,-7917,3413,0,
VCG,2025-06-11,646480934,47887476,3413,0,
VCG,2025-06-20,646468336,-12598,3413,0,
VCG,2026-07-14,698185802,51717466,3413,0,
VCG,2026-07-21,698176245,-9557,3413,0,
VCI,2017-07-07,103200000,,2297,1,first_obs
VCI,2017-07-19,120000000,16800000,2297,1,
VCI,2017-11-01,119996000,-4000,2297,1,
VCI,2018-03-30,119984500,-11500,2297,1,
VCI,2018-05-09,119976500,-8000,2297,1,
VCI,2018-06-11,120000000,23500,2297,1,
VCI,2018-07-10,162000000,42000000,2297,1,
VCI,2018-07-18,161999890,-110,2297,1,tiny_delta
VCI,2018-08-24,162999890,1000000,2297,1,
VCI,2019-03-27,162949890,-50000,2297,1,
VCI,2019-04-09,162949876,-14,2297,1,tiny_delta
VCI,2019-08-20,164349986,1400110,2297,1,
VCI,2020-03-24,164283986,-66000,2297,1,
VCI,2020-08-24,164278986,-5000,2297,1,
VCI,2020-09-09,165478986,1200000,2297,1,
VCI,2020-10-05,165600000,121014,2297,1,
VCI,2021-05-13,166500000,900000,2297,1,
VCI,2021-06-18,333000000,166500000,2297,1,
VCI,2022-05-30,335000000,2000000,2297,1,
VCI,2022-08-17,435500000,100500000,2297,1,
VCI,2022-08-22,435499901,-99,2297,1,tiny_delta
VCI,2023-06-22,437500000,2000099,2297,1,
VCI,2024-06-21,441900000,4400000,2297,1,
VCI,2024-09-12,574470000,132570000,2297,1,
VCI,2024-09-18,574469480,-520,2297,1,tiny_delta
VCI,2024-11-12,718099480,143630000,2297,1,
VCI,2025-07-03,722600000,4500520,2297,1,
VCI,2025-12-17,850100000,127500000,2297,1,
VCI,2026-03-26,1147635000,297535000,2297,1,
VCI,2026-04-02,1147631925,-3075,2297,1,tiny_delta
VCI,2026-06-30,1152231925,4600000,2297,1,
VCP,2016-12-16,45599995,,2433,1,first_obs
VCP,2018-07-17,54719994,9119999,2433,1,
VCP,2018-09-11,56999993,2279999,2433,1,
VCP,2021-04-29,75239990,18239997,2433,1,
VCP,2021-05-13,75239879,-111,2433,1,tiny_delta
VCP,2022-01-21,83789875,8549996,2433,1,
VCP,2022-03-08,83789658,-217,2433,1,tiny_delta
VCS,2013-01-02,52999251,,3418,2,first_obs
VCS,2014-09-26,42399451,-10599800,3418,2,
VCS,2016-05-12,52999251,10599800,3418,2,
VCS,2016-10-03,60000000,7000749,3418,2,
VCS,2017-07-03,80000000,20000000,3418,2,
VCS,2018-04-04,160000000,80000000,3418,2,
VCS,2018-11-27,156800000,-3200000,3418,2,
VCS,2019-10-03,160000000,3200000,3418,2,
VCS,2020-05-06,155200000,-4800000,3418,2,
VCS,2021-01-26,160000000,4800000,3418,2,
VDS,2013-01-02,34979987,,3412,0,first_obs
VDS,2016-01-04,70000000,35020013,3412,0,
VDS,2017-11-16,91000000,21000000,3412,0,
VDS,2018-06-18,100100000,9100000,3412,0,
VDS,2018-06-28,100099906,-94,3412,0,tiny_delta
VDS,2021-07-08,105104901,5004995,3412,0,
VDS,2021-07-19,105104665,-236,3412,0,tiny_delta
VDS,2022-07-29,204954095,99849430,3412,0,
VDS,2022-08-18,210000000,5045905,3412,0,
VDS,2024-06-21,234150000,24150000,3412,0,
VDS,2024-06-28,243000000,8850000,3412,0,
VDS,2025-06-10,267300000,24300000,3412,0,
VDS,2025-08-29,272000000,4700000,3412,0,
VEA,2018-07-02,1328800000,,2051,0,first_obs
VEF,2015-12-22,166604050,,2681,0,first_obs
VEF,2021-10-28,166601050,-3000,2681,0,
VFS,2020-07-01,41000000,,1544,0,first_obs
VFS,2021-08-23,51250000,10250000,1544,0,
VFS,2021-10-06,80250000,29000000,1544,0,
VFS,2023-08-24,120000000,39750000,1544,0,
VFS,2025-04-17,129600000,9600000,1544,0,
VFS,2025-04-29,129599879,-121,1544,0,tiny_delta
VFS,2025-08-08,139967869,10367990,1544,0,
VFS,2025-08-25,139967442,-427,1544,0,tiny_delta
VFS,2026-05-26,153964186,13996744,1544,0,
VFS,2026-06-04,153963435,-751,1544,0,tiny_delta
VGC,2015-10-15,264500111,,2717,1,first_obs
VGC,2016-10-07,307000000,42499889,2717,1,
VGC,2017-06-19,427000000,120000000,2717,1,
VGC,2018-01-12,448350000,21350000,2717,1,
VGI,2018-09-25,2243811200,,1990,0,first_obs
VGI,2019-06-06,3043811200,800000000,1990,0,
VGS,2013-01-02,36003414,,3418,2,first_obs
VGS,2016-09-28,37599818,1596404,3418,2,
VGS,2019-01-16,42111675,4511857,3418,2,
VGS,2019-01-29,42111589,-86,3418,2,tiny_delta
VGS,2022-07-21,48428327,6316738,3418,2,
VGS,2022-07-29,48427921,-406,3418,2,tiny_delta
VGS,2023-09-05,53270713,4842792,3418,2,
VGS,2023-09-13,53269670,-1043,3418,2,
VGS,2024-07-23,55933154,2663484,3418,2,
VGS,2024-07-29,55932126,-1028,3418,2,
VGS,2025-07-07,61525339,5593213,3418,2,
VGS,2025-07-11,61524155,-1184,3418,2,
VGT,2017-01-03,500000000,,2421,0,first_obs
VHC,2013-01-02,45952523,,3418,1,first_obs
VHC,2013-01-04,46312523,360000,3418,1,
VHC,2013-06-12,60206279,13893756,3418,1,
VHC,2013-07-12,60206163,-116,3418,1,tiny_delta
VHC,2014-09-04,60403953,197790,3418,1,
VHC,2014-11-20,91205304,30801351,3418,1,
VHC,2014-12-04,91205193,-111,3418,1,tiny_delta
VHC,2014-12-11,92403943,1198750,3418,1,
VHC,2016-03-07,92301974,-101969,3418,1,
VHC,2018-12-20,92403943,101969,3418,1,
VHC,2019-10-24,90973013,-1430930,3418,1,
VHC,2019-12-30,181946026,90973013,3418,1,
VHC,2022-06-16,183376956,1430930,3418,1,
VHC,2023-11-13,187044495,3667539,3418,1,
VHC,2024-01-04,224453394,37408899,3418,1,
VHC,2024-01-10,224453159,-235,3418,1,tiny_delta
VHC,2026-05-18,209453159,-15000000,3418,1,
VHE,2019-01-14,8800000,,1914,0,first_obs
VHE,2020-10-29,10560000,1760000,1914,0,
VHE,2020-11-10,10559996,-4,1914,0,tiny_delta
VHE,2020-12-24,15839996,5280000,1914,0,
VHE,2021-12-08,31639996,15800000,1914,0,
VHE,2022-09-21,33139996,1500000,1914,0,
VHM,2018-05-17,2679611588,,2083,1,first_obs
VHM,2018-10-08,3349514437,669902849,2083,1,
VHM,2018-10-18,3349513918,-519,2083,1,tiny_delta
VHM,2019-12-13,3289513918,-60000000,2083,1,
VHM,2021-08-12,3349513918,60000000,2083,1,
VHM,2021-09-15,4354368093,1004854175,2083,1,
VHM,2021-09-23,4354367488,-605,2083,1,tiny_delta
VHM,2024-11-26,4107412004,-246955484,2083,1,
VHM,2026-08-06,8214824008,4107412004,2083,1,
VIB,2017-01-09,564440589,,2417,1,first_obs
VIB,2017-12-22,530574039,-33866550,2417,1,
VIB,2018-09-21,532518829,1944790,2417,1,
VIB,2018-11-16,751547729,219028900,2417,1,
VIB,2018-11-26,751541575,-6154,2417,1,tiny_delta
VIB,2019-05-30,759313144,7771569,2417,1,
VIB,2019-07-05,783467284,24154140,2417,1,
VIB,2019-08-14,924491395,141024111,2417,1,
VIB,2020-11-19,1109389674,184898279,2417,1,
VIB,2020-11-27,1109387852,-1822,2417,1,tiny_delta
VIB,2021-06-09,1553142993,443755141,2417,1,
VIB,2022-05-13,2096743041,543600048,2417,1,
VIB,2022-05-31,2107672945,10929904,2417,1,
VIB,2023-06-22,2529207534,421534589,2417,1,
VIB,2023-07-06,2536807534,7600000,2417,1,
VIB,2024-08-22,2968064815,431257281,2417,1,
VIB,2024-08-30,2979127815,11063000,2417,1,
VIB,2025-07-17,3396205710,417077895,2417,1,
VIB,2025-07-28,3404005710,7800000,2417,1,
VIB,2026-09-10,3727386252,323380542,2417,1,
VIB,2026-09-22,3735386252,8000000,2417,1,
VIC,2013-01-02,700462055,,3424,2,first_obs
VIC,2013-01-22,928112223,227650168,3424,2,
VIC,2013-02-01,928112215,-8,3424,2,tiny_delta
VIC,2013-02-07,928110215,-2000,3424,2,tiny_delta
VIC,2013-03-19,928145048,34833,3424,2,
VIC,2013-05-13,928284381,139333,3424,2,
VIC,2013-06-11,928458547,174166,3424,2,
VIC,2013-06-27,928632713,174166,3424,2,
VIC,2013-07-31,928806879,174166,3424,2,
VIC,2013-08-02,882459899,-46346980,3424,2,
VIC,2013-10-03,908727768,26267869,3424,2,
VIC,2014-01-16,909524568,796800,3424,2,
VIC,2014-02-26,909559401,34833,3424,2,
VIC,2014-03-10,908762601,-796800,3424,2,
VIC,2014-03-25,894240405,-14522196,3424,2,
VIC,2014-08-11,929638512,35398107,3424,2,
VIC,2014-08-26,1382372512,452734000,3424,2,
VIC,2014-09-10,1383495118,1122606,3424,2,
VIC,2014-09-22,1403323314,19828196,3424,2,
VIC,2014-09-29,1420311258,16987944,3424,2,
VIC,2014-10-07,1421651001,1339743,3424,2,
VIC,2014-10-20,1429957410,8306409,3424,2,
VIC,2014-10-27,1437727920,7770510,3424,2,
VIC,2014-11-03,1453054586,15326666,3424,2,
VIC,2014-11-10,1454555098,1500512,3424,2,
VIC,2015-05-14,1457824072,3268974,3424,2,
VIC,2015-05-18,1458788685,964613,3424,2,
VIC,2015-06-29,1835156165,376367480,3424,2,
VIC,2015-07-14,1835152611,-3554,3424,2,tiny_delta
VIC,2015-07-27,1841557449,6404838,3424,2,
VIC,2015-08-13,1846074544,4517095,3424,2,
VIC,2015-08-14,1842703577,-3370967,3424,2,
VIC,2015-08-24,1846074544,3370967,3424,2,
VIC,2015-10-28,1848434220,2359676,3424,2,
VIC,2015-11-09,1849917455,1483235,3424,2,
VIC,2015-12-02,1862052928,12135473,3424,2,
VIC,2015-12-07,1863940669,1887741,3424,2,
VIC,2015-12-17,1868188087,4247418,3424,2,
VIC,2016-02-04,1882818086,14629999,3424,2,
VIC,2016-02-22,1893402922,10584836,3424,2,
VIC,2016-02-29,1939854851,46451929,3424,2,
VIC,2016-06-27,2153238885,213384034,3424,2,
VIC,2016-07-13,2153234792,-4093,3424,2,tiny_delta
VIC,2016-09-15,2637712620,484477828,3424,2,
VIC,2016-09-30,2637707954,-4666,3424,2,tiny_delta
VIC,2018-06-28,3191626624,553918670,3424,2,
VIC,2018-07-09,3191621230,-5394,3424,2,tiny_delta
VIC,2019-05-23,3429935389,238314159,3424,2,
VIC,2019-07-24,3345935389,-84000000,3424,2,
VIC,2019-12-03,3429935389,84000000,3424,2,
VIC,2019-12-04,3368575556,-61359833,3424,2,
VIC,2020-01-08,3382430590,13855034,3424,2,
VIC,2021-08-17,3805234390,422803800,3424,2,
VIC,2021-08-24,3805214791,-19599,3424,2,tiny_delta
VIC,2022-01-28,3813935561,8720770,3424,2,
VIC,2023-12-25,3823661561,9726000,3424,2,
VIC,2025-08-21,3853015512,29353951,3424,2,
VIC,2025-12-05,7706031024,3853015512,3424,2,
VIC,2026-07-10,7762186429,56155405,3424,2,
VIP,2013-01-02,59323395,,3424,1,first_obs
VIP,2013-12-16,59807785,484390,3424,1,
VIP,2014-06-04,63994330,4186545,3424,1,
VIP,2014-06-17,63993400,-930,3424,1,
VIP,2016-06-15,68472938,4479538,3424,1,
VIP,2016-07-05,68470941,-1997,3424,1,
VIP,2018-01-03,65470941,-3000000,3424,1,
VIP,2021-03-01,68470941,3000000,3424,1,
VIX,2013-01-02,30000000,,3417,2,first_obs
VIX,2015-03-04,60000000,30000000,3417,2,
VIX,2015-06-03,60693000,693000,3417,2,
VIX,2015-09-22,66762300,6069300,3417,2,
VIX,2015-10-02,66762297,-3,3417,2,tiny_delta
VIX,2016-06-09,70100411,3338114,3417,2,
VIX,2016-06-22,70100165,-246,3417,2,tiny_delta
VIX,2017-06-08,73605173,3505008,3417,2,
VIX,2017-07-10,73604580,-593,3417,2,tiny_delta
VIX,2018-05-22,80965038,7360458,3417,2,
VIX,2018-05-30,80964583,-455,3417,2,tiny_delta
VIX,2019-01-29,100964583,20000000,3417,2,
VIX,2019-05-23,116109270,15144687,3417,2,
VIX,2019-06-06,116108638,-632,3417,2,tiny_delta
VIX,2020-07-09,127719501,11610863,3417,2,
VIX,2020-07-20,127718975,-526,3417,2,tiny_delta
VIX,2021-09-07,274595796,146876821,3417,2,
VIX,2021-10-26,274595229,-567,3417,2,tiny_delta
VIX,2022-02-24,549190458,274595229,3417,2,
VIX,2022-08-26,582141885,32951427,3417,2,
VIX,2022-09-06,582139189,-2696,3417,2,tiny_delta
VIX,2023-05-25,669460066,87320877,3417,2,
VIX,2023-06-06,669444725,-15341,3417,2,
VIX,2024-07-31,1439306157,769861432,3417,2,
VIX,2024-09-23,1458513173,19207016,3417,2,
VIX,2025-06-18,1531438831,72925658,3417,2,
VIX,2025-06-24,1531429858,-8973,3417,2,tiny_delta
VIX,2026-03-06,2450287772,918857914,3417,2,
VIX,2026-08-20,2572802160,122514388,3417,2,
VIX,2026-08-27,2572788533,-13627,3417,2,tiny_delta
VJC,2017-02-28,300000000,,2393,1,first_obs
VJC,2017-04-05,322388060,22388060,2393,1,
VJC,2017-09-22,451343284,128955224,2393,1,
VJC,2018-06-29,541611941,90268657,2393,1,
VJC,2018-07-09,541611334,-607,2393,1,tiny_delta
VJC,2019-08-28,523838594,-17772740,2393,1,
VJC,2021-04-28,541611334,17772740,2393,1,
VJC,2025-06-16,591611334,50000000,2393,1,
VJC,2026-06-16,769094734,177483400,2393,1,
VJC,2026-06-23,769092961,-1773,2393,1,tiny_delta
VLB,2016-09-22,44991000,,2500,1,first_obs
VLB,2016-10-05,44963800,-27200,2500,1,
VLB,2017-01-17,44955300,-8500,2500,1,
VLB,2017-08-16,44923000,-32300,2500,1,
VLB,2018-03-16,46923000,2000000,2500,1,
VLB,2018-07-31,46892800,-30200,2500,1,
VLB,2019-03-08,46874900,-17900,2500,1,
VLB,2019-09-24,46824860,-50040,2500,1,
VLB,2020-08-07,46798960,-25900,2500,1,
VLB,2021-05-19,46773560,-25400,2500,1,
VLB,2022-04-28,46750560,-23000,2500,1,
VLB,2023-04-17,46720560,-30000,2500,1,
VLC,2015-10-26,63101000,,2728,0,first_obs
VLC,2022-03-16,172346173,109245173,2728,0,
VLC,2023-07-19,215432716,43086543,2728,0,
VLC,2023-09-14,212491611,-2941105,2728,0,
VND,2013-01-02,99974336,,3414,2,first_obs
VND,2013-12-12,96936476,-3037860,3414,2,
VND,2014-07-31,99998909,3062433,3414,2,
VND,2014-09-11,99998888,-21,3414,2,tiny_delta
VND,2014-11-06,154998338,54999450,3414,2,
VND,2015-02-24,154997965,-373,3414,2,tiny_delta
VND,2016-05-11,154997785,-180,3414,2,tiny_delta
VND,2016-05-24,149997785,-5000000,3414,2,
VND,2017-01-20,144997785,-5000000,3414,2,
VND,2017-09-18,150997785,6000000,3414,2,
VND,2018-02-27,216430158,65432373,3414,2,
VND,2018-04-19,216429766,-392,3414,2,tiny_delta
VND,2018-06-13,216489761,59995,3414,2,
VND,2018-07-11,216489735,-26,3414,2,tiny_delta
VND,2018-08-07,216481695,-8040,3414,2,
VND,2018-09-11,216481689,-6,3414,2,tiny_delta
VND,2018-10-15,216481621,-68,3414,2,tiny_delta
VND,2018-11-12,216481591,-30,3414,2,tiny_delta
VND,2018-12-17,208565487,-7916104,3414,2,
VND,2019-02-13,208565465,-22,3414,2,tiny_delta
VND,2019-03-13,208565447,-18,3414,2,tiny_delta
VND,2019-04-05,208565440,-7,3414,2,tiny_delta
VND,2019-05-06,208565434,-6,3414,2,tiny_delta
VND,2019-06-10,208565422,-12,3414,2,tiny_delta
VND,2019-07-11,208565415,-7,3414,2,tiny_delta
VND,2019-08-07,208565406,-9,3414,2,tiny_delta
VND,2019-09-10,208565391,-15,3414,2,tiny_delta
VND,2019-10-14,208565385,-6,3414,2,tiny_delta
VND,2019-11-07,208565382,-3,3414,2,tiny_delta
VND,2019-12-06,208565370,-12,3414,2,tiny_delta
VND,2020-03-05,208565357,-13,3414,2,tiny_delta
VND,2020-05-11,208520942,-44415,3414,2,
VND,2020-06-03,208520933,-9,3414,2,tiny_delta
VND,2020-07-07,208520897,-36,3414,2,tiny_delta
VND,2020-08-07,208520877,-20,3414,2,tiny_delta
VND,2020-09-08,208520876,-1,3414,2,tiny_delta
VND,2020-10-08,208520870,-6,3414,2,tiny_delta
VND,2020-11-06,208520843,-27,3414,2,tiny_delta
VND,2020-12-07,208520821,-22,3414,2,tiny_delta
VND,2021-01-08,208520759,-62,3414,2,tiny_delta
VND,2021-02-04,208517730,-3029,3414,2,
VND,2021-03-05,209896784,1379054,3414,2,
VND,2021-03-25,214514678,4617894,3414,2,
VND,2021-04-07,214514518,-160,3414,2,tiny_delta
VND,2021-06-10,429029196,214514678,3414,2,
VND,2021-07-15,429029036,-160,3414,2,tiny_delta
VND,2021-09-13,429028813,-223,3414,2,tiny_delta
VND,2021-10-06,429027787,-1026,3414,2,tiny_delta
VND,2021-11-05,429026827,-960,3414,2,tiny_delta
VND,2021-11-26,434944606,5917779,3414,2,
VND,2021-12-07,434944048,-558,3414,2,tiny_delta
VND,2022-01-10,434942782,-1266,3414,2,tiny_delta
VND,2022-02-09,434942260,-522,3414,2,tiny_delta
VND,2022-03-08,434941988,-272,3414,2,tiny_delta
VND,2022-03-10,1217842424,782900436,3414,2,
VND,2022-04-07,1217844803,2379,3414,2,tiny_delta
VND,2022-04-18,1217843660,-1143,3414,2,tiny_delta
VND,2022-05-10,1217843649,-11,3414,2,tiny_delta
VND,2022-06-06,1217843577,-72,3414,2,tiny_delta
VND,2022-07-06,1217834917,-8660,3414,2,tiny_delta
VND,2022-08-05,1217829200,-5717,3414,2,tiny_delta
VND,2022-09-08,1217821634,-7566,3414,2,tiny_delta
VND,2022-10-05,1217821331,-303,3414,2,tiny_delta
VND,2023-05-25,1217844009,22678,3414,2,
VND,2024-05-29,1522305010,304461001,3414,2,
VND,2024-07-16,1522299908,-5102,3414,2,tiny_delta
VNE,2013-01-02,62122141,,3414,1,first_obs
VNE,2015-10-05,80758783,18636642,3414,1,
VNE,2015-12-04,80758686,-97,3414,1,tiny_delta
VNE,2015-12-08,80758585,-101,3414,1,tiny_delta
VNE,2016-11-29,88834443,8075858,3414,1,
VNE,2016-12-06,88834033,-410,3414,1,tiny_delta
VNE,2017-11-28,81934033,-6900000,3414,1,
VNE,2023-11-02,82055233,121200,3414,1,
VNM,2013-01-02,833526951,,3424,2,first_obs
VNM,2013-01-04,833525676,-1275,3424,2,tiny_delta
VNM,2013-07-29,833490871,-34805,3424,2,
VNM,2013-09-19,833479021,-11850,3424,2,
VNM,2013-09-30,833475741,-3280,3424,2,tiny_delta
VNM,2013-10-14,833474981,-760,3424,2,tiny_delta
VNM,2013-12-13,833467061,-7920,3424,2,tiny_delta
VNM,2014-04-15,833440311,-26750,3424,2,
VNM,2014-05-19,833437321,-2990,3424,2,tiny_delta
VNM,2014-07-03,833433821,-3500,3424,2,tiny_delta
VNM,2014-07-25,833433001,-820,3424,2,tiny_delta
VNM,2014-08-13,1000120465,166687464,3424,2,
VNM,2014-08-25,1000118604,-1861,3424,2,tiny_delta
VNM,2015-08-05,1200246884,200128280,3424,2,
VNM,2015-08-13,1200139398,-107486,3424,2,
VNM,2016-08-02,1209549924,9410526,3424,2,
VNM,2016-08-19,1451465364,241915440,3424,2,
VNM,2016-08-29,1451453429,-11935,3424,2,tiny_delta
VNM,2016-09-20,1451450889,-2540,3424,2,tiny_delta
VNM,2016-12-21,1451426329,-24560,3424,2,
VNM,2017-02-13,1451415315,-11014,3424,2,tiny_delta
VNM,2017-04-14,1451404849,-10466,3424,2,tiny_delta
VNM,2017-04-25,1451355384,-49465,3424,2,
VNM,2017-05-10,1451343212,-12172,3424,2,tiny_delta
VNM,2017-07-06,1451333194,-10018,3424,2,tiny_delta
VNM,2017-08-15,1451323794,-9400,3424,2,tiny_delta
VNM,2017-08-28,1451323105,-689,3424,2,tiny_delta
VNM,2017-10-03,1451304721,-18384,3424,2,
VNM,2017-12-13,1451278520,-26201,3424,2,
VNM,2018-01-12,1451263614,-14906,3424,2,
VNM,2018-05-11,1451246749,-16865,3424,2,
VNM,2018-08-17,1451202074,-44675,3424,2,
VNM,2018-09-05,1741442488,290240414,3424,2,
VNM,2018-09-14,1741436438,-6050,3424,2,tiny_delta
VNM,2018-09-27,1741426616,-9822,3424,2,tiny_delta
VNM,2018-11-14,1741420484,-6132,3424,2,tiny_delta
VNM,2018-12-18,1741411583,-8901,3424,2,tiny_delta
VNM,2019-01-17,1741407855,-3728,3424,2,tiny_delta
VNM,2019-05-20,1741395413,-12442,3424,2,tiny_delta
VNM,2019-05-22,1741391685,-3728,3424,2,tiny_delta
VNM,2019-07-26,1741378252,-13433,3424,2,tiny_delta
VNM,2019-08-27,1741377694,-558,3424,2,tiny_delta
VNM,2020-09-29,2089653232,348275538,3424,2,
VNM,2020-10-19,2089645346,-7886,3424,2,tiny_delta
VNM,2021-02-01,2089955445,310099,3424,2,
VNZ,2023-01-05,28736000,,925,0,first_obs
VNZ,2025-06-03,29376974,640974,925,0,
VNZ,2026-03-18,29726465,349491,925,0,
VOS,2013-01-02,138110000,,3424,0,first_obs
VOS,2013-12-31,140000000,1890000,3424,0,
VPB,2017-08-17,1405908635,,2274,1,first_obs
VPB,2017-09-20,1497403415,91494780,2274,1,
VPB,2018-06-05,1570623015,73219600,2274,1,
VPB,2018-06-18,2496291785,925668770,2274,1,
VPB,2018-07-02,2496272872,-18913,2274,1,tiny_delta
VPB,2018-07-12,2423053300,-73219572,2274,1,
VPB,2018-09-24,2456748366,33695066,2274,1,
VPB,2019-10-29,2406748366,-50000000,2274,1,
VPB,2019-12-19,2437748366,31000000,2274,1,
VPB,2020-12-21,2454748366,17000000,2274,1,
VPB,2021-08-16,2469748366,15000000,2274,1,
VPB,2021-10-07,4445547663,1975799297,2274,1,
VPB,2021-10-14,4445473387,-74276,2274,1,
VPB,2022-08-17,4475473387,30000000,2274,1,
VPB,2022-09-28,6713210080,2237736693,2274,1,
VPB,2022-10-11,6713204001,-6079,2274,1,tiny_delta
VPB,2023-10-03,6743423601,30219600,2274,1,
VPB,2023-10-20,7933923601,1190500000,2274,1,
VPB,2026-09-24,10000000000,2066076399,2274,1,
VPG,2018-01-18,20000000,,2166,1,first_obs
VPG,2018-07-02,23000000,3000000,2166,1,
VPG,2018-07-11,23000183,183,2166,1,tiny_delta
VPG,2019-05-23,26449993,3449810,2166,1,
VPG,2019-06-05,26449875,-118,2166,1,tiny_delta
VPG,2020-04-13,52899750,26449875,2166,1,
VPG,2020-06-10,35000000,-17899750,2166,1,
VPG,2020-08-14,39200000,4200000,2166,1,
VPG,2020-08-21,39199814,-186,2166,1,tiny_delta
VPG,2021-07-01,43119795,3919981,2166,1,
VPG,2021-07-08,43119688,-107,2166,1,tiny_delta
VPG,2021-12-20,64679532,21559844,2166,1,
VPG,2022-01-21,72907928,8228396,2166,1,
VPG,2022-06-07,80198721,7290793,2166,1,
VPG,2022-06-14,80198336,-385,2166,1,tiny_delta
VPG,2023-07-06,84208252,4009916,2166,1,
VPG,2023-07-14,84207071,-1181,2166,1,
VPG,2024-06-28,88417424,4210353,2166,1,
VPG,2024-07-05,88415751,-1673,2166,1,
VPI,2017-11-28,160000000,,2195,0,first_obs
VPI,2020-10-26,200000000,40000000,2195,0,
VPI,2020-11-06,199999900,-100,2195,0,tiny_delta
VPI,2021-11-11,219999890,19999990,2195,0,
VPI,2021-11-19,219999780,-110,2195,0,tiny_delta
VPI,2022-09-08,241999758,21999978,2195,0,
VPI,2022-09-22,241999617,-141,2195,0,tiny_delta
VPI,2024-07-25,290399540,48399923,2195,0,
VPI,2024-08-05,290399385,-155,2195,0,tiny_delta
VPI,2024-11-06,320049577,29650192,2195,0,
VPI,2026-09-07,352054534,32004957,2195,0,
VPI,2026-09-14,352054374,-160,2195,0,tiny_delta
VPL,2025-05-13,1793300377,,344,0,first_obs
VRE,2017-11-06,1901078788,,2218,1,first_obs
VRE,2018-10-31,2328821447,427742659,2218,1,
VRE,2018-11-15,2328818410,-3037,2218,1,tiny_delta
VRE,2019-12-20,2272318410,-56500000,2218,1,
VSC,2013-01-02,23871902,,3424,3,first_obs
VSC,2013-07-01,28646282,4774380,3424,3,
VSC,2013-07-19,28646050,-232,3424,3,tiny_delta
VSC,2014-06-20,34375260,5729210,3424,3,
VSC,2014-07-08,34374941,-319,3424,3,tiny_delta
VSC,2015-06-05,41249929,6874988,3424,3,
VSC,2015-06-22,41249454,-475,3424,3,
VSC,2015-08-31,41416064,166610,3424,3,
VSC,2016-06-03,45557646,4141582,3424,3,
VSC,2016-06-28,45557142,-504,3424,3,
VSC,2017-12-21,50112856,4555714,3424,3,
VSC,2018-01-05,50112501,-355,3424,3,tiny_delta
VSC,2019-06-03,55123534,5011033,3424,3,
VSC,2019-06-18,55122798,-736,3424,3,
VSC,2021-11-08,110245596,55122798,3424,3,
VSC,2022-06-29,121270155,11024559,3424,3,
VSC,2022-07-07,121269397,-758,3424,3,tiny_delta
VSC,2023-08-21,133396336,12126939,3424,3,
VSC,2023-08-28,133395642,-694,3424,3,tiny_delta
VSC,2024-01-17,266791284,133395642,3424,3,
VSC,2024-09-11,286800631,20009347,3424,3,
VSC,2024-09-17,286796819,-3812,3424,3,
VSC,2025-03-03,299500819,12704000,3424,3,
VSC,2025-06-02,374376023,74875204,3424,3,
VSC,2025-06-16,374370362,-5661,3424,3,
VTD,2019-11-06,1800000,,1718,0,first_obs
VTD,2019-12-10,6000000,4200000,1718,0,
VTD,2022-08-02,12000000,6000000,1718,0,
VTD,2025-01-09,24000000,12000000,1718,0,
VTO,2013-01-02,78866666,,3424,0,first_obs
VTO,2022-02-14,79866666,1000000,3424,0,
VTP,2018-11-23,41376649,,1947,0,first_obs
VTP,2019-06-04,58506582,17129933,1947,0,
VTP,2019-07-04,58505972,-610,1947,0,
VTP,2019-12-30,59619208,1113236,1947,0,
VTP,2020-08-25,83049556,23430348,1947,0,
VTP,2020-09-09,83047926,-1630,1947,0,
VTP,2021-06-18,103595916,20547990,1947,0,
VTP,2021-06-30,103558492,-37424,1947,0,
VTP,2022-10-19,113230010,9671518,1947,0,
VTP,2022-10-25,113217237,-12773,1947,0,
VTP,2023-03-24,113174057,-43180,1947,0,
VTP,2023-08-07,121786602,8612545,1947,0,
VTP,2023-08-17,121783042,-3560,1947,0,
VTP,2026-04-07,172931920,51148878,1947,0,
VTP,2026-05-29,172029898,-902022,1947,0,
VTP,2026-07-14,201903102,29873204,1947,0,
VTP,2026-07-28,201885171,-17931,1947,0,
VTZ,2021-11-25,20000000,,1203,0,first_obs
VTZ,2022-09-30,23000000,3000000,1203,0,
VTZ,2023-06-27,43000000,20000000,1203,0,
VTZ,2024-07-12,48160000,5160000,1203,0,
VTZ,2024-07-25,48159833,-167,1203,0,tiny_delta
VTZ,2024-12-13,76159833,28000000,1203,0,
YEG,2018-06-26,27369975,,2061,1,first_obs
YEG,2018-08-23,31279968,3909993,2061,1,
YEG,2019-07-23,29505628,-1774340,2061,1,
YEG,2020-10-15,31279968,1774340,2061,1,
YEG,2023-09-13,76279968,45000000,2061,1,
YEG,2023-12-14,131354104,55074136,2061,1,
YEG,2023-12-20,131353264,-840,2061,1,tiny_delta
YEG,2024-07-03,137001454,5648190,2061,1,
YEG,2025-01-17,191802035,54800581,2061,1,
YEG,2026-05-20,205228177,13426142,2061,1,
YEG,2026-05-27,205226448,-1729,2061,1,tiny_delta
CIG,2013-01-02,13440113,,3424,1,first_obs
CIG,2016-12-23,31539947,18099834,3424,1,
CIG,2025-01-09,51039947,19500000,3424,1,
HTI,2013-01-02,24949200,,3424,0,first_obs
NBC,2013-01-02,19999404,,3424,0,first_obs
NBC,2013-07-11,27999165,7999761,3424,0,
NBC,2013-11-05,27998626,-539,3424,0,
NBC,2015-07-28,37000000,9001374,3424,0,
NBC,2015-09-25,36999124,-876,3424,0,
S99,2013-01-02,12496929,,3424,2,first_obs
S99,2015-01-30,37490787,24993858,3424,2,
S99,2015-05-18,37000066,-490721,3424,2,
S99,2016-08-04,38850000,1849934,3424,2,
S99,2016-08-19,38849184,-816,3424,2,
S99,2018-10-17,40791596,1942412,3424,2,
S99,2018-11-16,40790714,-882,3424,2,
S99,2019-07-03,42830250,2039536,3424,2,
S99,2019-07-19,42829277,-973,3424,2,
S99,2020-02-17,53026723,10197446,3424,2,
S99,2020-04-29,52426723,-600000,3424,2,
S99,2022-07-12,82834221,30407498,3424,2,
S99,2022-09-09,85454000,2619779,3424,2,
S99,2023-06-08,93999400,8545400,3424,2,
S99,2023-06-14,93997369,-2031,3424,2,
S99,2024-07-31,98697237,4699868,3424,2,
S99,2024-08-19,99134331,437094,3424,2,
S99,2025-08-19,104091047,4956716,3424,2,
S99,2025-08-28,104088992,-2055,3424,2,
S99,2026-07-02,104718992,630000,3424,2,
ITD,2013-01-02,12769642,,3424,3,first_obs
ITD,2015-09-04,14685071,1915429,3424,3,
ITD,2015-10-07,15323489,638418,3424,3,
ITD,2016-08-25,18388089,3064600,3424,3,
ITD,2016-09-09,18387960,-129,3424,3,tiny_delta
ITD,2016-11-03,19063230,675270,3424,3,
ITD,2017-07-20,19061730,-1500,3424,3,
ITD,2017-10-16,19049030,-12700,3424,3,
ITD,2018-01-24,19018010,-31020,3424,3,
ITD,2018-05-04,19014037,-3973,3424,3,
ITD,2018-09-21,18992610,-21427,3424,3,
ITD,2022-02-08,21271723,2279113,3424,3,
ITD,2022-02-15,21271466,-257,3424,3,
ITD,2023-02-13,23398612,2127146,3424,3,
ITD,2023-02-21,24461403,1062791,3424,3,
ITD,2025-08-07,26173701,1712298,3424,3,
ITD,2025-08-15,26172807,-894,3424,3,
ITD,2026-08-06,30883912,4711105,3424,3,
ITD,2026-08-13,30883052,-860,3424,3,
TCL,2013-01-02,20944239,,3424,1,first_obs
TCL,2019-12-30,30159205,9214966,3424,1,
TCL,2020-01-07,30158436,-769,3424,1,
AMS,2017-02-06,15000000,,2409,1,first_obs
AMS,2018-04-18,20000090,5000090,2409,1,
AMS,2018-12-19,30000000,9999910,2409,1,
AMS,2019-12-16,33300000,3300000,2409,1,
AMS,2020-12-28,36630000,3330000,2409,1,
AMS,2021-01-05,36629865,-135,2409,1,tiny_delta
AMS,2023-02-07,37835865,1206000,2409,1,
AMS,2023-03-22,60000000,22164135,2409,1,
TNT,2013-01-02,8500000,,3424,0,first_obs
TNT,2015-12-23,25500000,17000000,3424,0,
TNT,2021-12-15,51000000,25500000,3424,0,
STH,2020-03-17,6500000,,1630,0,first_obs
STH,2020-08-18,19500000,13000000,1630,0,
PVG,2013-01-02,27719850,,3424,1,first_obs
PVG,2019-05-23,36500000,8780150,3424,1,
PVG,2024-06-27,40000000,3500000,3424,1,
PVG,2024-07-09,39998522,-1478,3424,1,
BGE,2024-07-31,730000000,,536,0,first_obs
TVD,2013-01-02,24997256,,3424,1,first_obs
TVD,2014-08-18,42026600,17029344,3424,1,
TVD,2014-12-10,42023504,-3096,3424,1,
TVD,2016-06-28,44965149,2941645,3424,1,
TVD,2016-07-14,44962864,-2285,3424,1,
VC2,2013-01-02,11865700,,3424,1,first_obs
VC2,2016-04-27,11864504,-1196,3424,1,
VC2,2016-05-31,12000000,135496,3424,1,
VC2,2016-07-19,15000000,3000000,3424,1,
VC2,2021-11-18,40000000,25000000,3424,1,
VC2,2022-05-26,47200000,7200000,3424,1,
VC2,2022-06-06,47199410,-590,3424,1,
VC2,2023-10-04,67199410,20000000,3424,1,
VC2,2024-07-30,68769410,1570000,3424,1,
VC2,2025-12-12,75646351,6876941,3424,1,
VC2,2025-12-23,75645525,-826,3424,1,
TVC,2014-09-23,6900000,,2999,1,first_obs
TVC,2015-06-03,13800000,6900000,2999,1,
TVC,2015-07-20,14145000,345000,2999,1,
TVC,2015-11-30,21217500,7072500,2999,1,
TVC,2016-01-27,24096860,2879360,2999,1,
TVC,2016-08-26,36145290,12048430,2999,1,
TVC,2016-10-03,35688630,-456660,2999,1,
TVC,2016-12-22,36888630,1200000,2999,1,
TVC,2017-07-18,40024163,3135533,2999,1,
TVC,2017-08-01,40024107,-56,2999,1,tiny_delta
TVC,2017-09-11,40021607,-2500,2999,1,
TVC,2018-05-02,40016607,-5000,2999,1,
TVC,2020-08-27,43858921,3842314,2999,1,
TVC,2020-09-29,43857725,-1196,2999,1,
TVC,2020-12-04,46045925,2188200,2999,1,
TVC,2021-03-18,69068887,23022962,2999,1,
TVC,2021-04-27,69068780,-107,2999,1,tiny_delta
TVC,2021-07-16,103603170,34534390,2999,1,
TVC,2021-08-30,103610670,7500,2999,1,
TVC,2021-12-27,118610670,15000000,2999,1,
TVC,2025-01-17,110610670,-8000000,2999,1,
TVC,2025-11-11,96155570,-14455100,2999,1,
TVC,2026-07-20,76155570,-20000000,2999,1,
PV2,2013-01-02,36868800,,3424,0,first_obs
CCL,2013-01-02,25000000,,3424,1,first_obs
CCL,2015-11-27,26250000,1250000,3424,1,
CCL,2015-12-14,26249885,-115,3424,1,tiny_delta
CCL,2016-06-24,35499885,9250000,3424,1,
CCL,2018-03-01,47499885,12000000,3424,1,
CCL,2022-07-14,53199871,5699986,3424,1,
CCL,2022-07-21,53199579,-292,3424,1,tiny_delta
CCL,2023-09-14,59583528,6383949,3424,1,
CCL,2023-09-22,59581418,-2110,3424,1,
CCL,2026-06-29,65539559,5958141,3424,1,
CCL,2026-07-08,65538283,-1276,3424,1,
LGL,2013-01-02,19996375,,3424,2,first_obs
LGL,2016-12-07,33993837,13997462,3424,2,
LGL,2017-01-24,34593784,599947,3424,2,
LGL,2018-05-17,50160986,15567202,3424,2,
LGL,2018-06-26,50000000,-160986,3424,2,
LGL,2018-07-12,49997100,-2900,3424,2,
LGL,2020-05-14,51497100,1500000,3424,2,
TDH,2013-01-02,37913039,,3424,2,first_obs
TDH,2013-11-29,37970373,57334,3424,2,
TDH,2013-12-24,37970360,-13,3424,2,tiny_delta
TDH,2014-08-05,38150420,180060,3424,2,
TDH,2015-01-14,41965462,3815042,3424,2,
TDH,2015-01-27,41964726,-736,3424,2,
TDH,2016-01-20,62947089,20982363,3424,2,
TDH,2016-04-11,61730089,-1217000,3424,2,
TDH,2016-06-14,70989602,9259513,3424,2,
TDH,2016-06-24,70988381,-1221,3424,2,
TDH,2017-05-29,81636638,10648257,3424,2,
TDH,2017-06-09,81634927,-1711,3424,2,
TDH,2019-06-26,93880166,12245239,3424,2,
TDH,2019-07-09,93878384,-1782,3424,2,
TDH,2020-08-13,112654060,18775676,3424,2,
TDH,2020-08-24,112652767,-1293,3424,2,
TTN,2017-04-19,24485000,,2358,0,first_obs
TTN,2021-12-29,36727500,12242500,2358,0,
AVG,2024-08-09,13600000,,529,0,first_obs
AVG,2024-11-28,17680000,4080000,529,0,
AVG,2024-12-05,17679982,-18,529,0,tiny_delta
RAL,2013-01-02,11500000,,3424,0,first_obs
RAL,2021-04-05,12075000,575000,3424,0,
RAL,2021-12-28,23075000,11000000,3424,0,
RAL,2022-05-13,22947419,-127581,3424,0,
RAL,2023-06-27,23547419,600000,3424,0,
TSC,2013-01-02,8012915,,3424,0,first_obs
TSC,2014-06-25,8312915,300000,3424,0,
TSC,2014-08-28,15812915,7500000,3424,0,
TSC,2015-03-17,58033398,42220483,3424,0,
TSC,2015-04-14,58033397,-1,3424,0,tiny_delta
TSC,2015-05-15,58824042,790645,3424,0,
TSC,2015-06-05,73824042,15000000,3424,0,
TSC,2015-07-13,147648084,73824042,3424,0,
TSC,2022-03-28,196864112,49216028,3424,0,
TSC,2022-05-13,196858925,-5187,3424,0,
VNP,2015-08-18,19428913,,2776,0,first_obs
CKG,2020-03-25,50000000,,1623,0,first_obs
CKG,2020-07-24,52500000,2500000,1623,0,
CKG,2020-08-06,52499781,-219,1623,0,tiny_delta
CKG,2021-01-27,82499781,30000000,1623,0,
CKG,2022-03-01,86599781,4100000,1623,0,
CKG,2022-10-19,95259759,8659978,1623,0,
CKG,2022-10-27,95259361,-398,1623,0,tiny_delta
CKG,2025-05-05,161940913,66681552,1623,0,
CKG,2025-05-13,161940640,-273,1623,0,tiny_delta
CKG,2025-06-20,161807526,-133114,1623,0,
VNB,2016-07-15,67909960,,2548,1,first_obs
VNB,2018-08-24,67898960,-11000,2548,1,
VNB,2019-10-03,67894960,-4000,2548,1,
SLS,2013-01-02,6800000,,3424,1,first_obs
SLS,2016-11-09,8160000,1360000,3424,1,
SLS,2016-11-22,8159983,-17,3424,1,tiny_delta
SLS,2018-03-16,9791979,1631996,3424,1,
SLS,2018-03-29,9791945,-34,3424,1,tiny_delta
HAR,2013-01-17,35000000,,3413,2,first_obs
HAR,2013-07-08,36400000,1400000,3413,2,
HAR,2013-07-23,36399875,-125,3413,2,tiny_delta
HAR,2014-06-27,54599813,18199938,3413,2,
HAR,2015-07-02,109199626,54599813,3413,2,
HAR,2015-09-03,94601678,-14597948,3413,2,
HAR,2015-11-03,96777516,2175838,3413,2,
HAR,2015-11-13,96776535,-981,3413,2,
HAR,2017-09-12,101131479,4354944,3413,2,
HAR,2017-09-21,101130100,-1379,3413,2,
HAR,2018-02-28,101350100,220000,3413,2,
HAR,2020-01-17,99184090,-2166010,3413,2,
HAR,2020-12-08,95684090,-3500000,3413,2,
BCC,2013-01-02,95661397,,3424,1,first_obs
BCC,2016-10-17,110010606,14349209,3424,1,
BCC,2016-10-26,110010054,-552,3424,1,tiny_delta
BCC,2020-09-24,123211260,13201206,3424,1,
BCC,2020-10-07,123209812,-1448,3424,1,
CST,2021-04-26,42846773,,1346,0,first_obs
DGT,2013-01-02,2481000,,3424,1,first_obs
DGT,2019-12-26,6481000,4000000,3424,1,
DGT,2020-12-30,20000000,13519000,3424,1,
DGT,2022-03-31,79000000,59000000,3424,1,
MFS,2019-04-16,7062979,,1860,0,first_obs
NSH,2017-07-31,20693437,,2287,0,first_obs
ST8,2013-01-02,11896902,,3424,1,first_obs
ST8,2013-11-18,12491747,594845,3424,1,
ST8,2013-11-26,12491523,-224,3424,1,
ST8,2014-06-09,13740675,1249152,3424,1,
ST8,2014-06-20,13740385,-290,3424,1,
ST8,2015-05-26,16488462,2748077,3424,1,
ST8,2015-06-10,16488209,-253,3424,1,
ST8,2016-06-07,19785850,3297641,3424,1,
ST8,2016-06-21,19785549,-301,3424,1,
ST8,2017-05-17,25721213,5935664,3424,1,
ST8,2017-05-29,25720902,-311,3424,1,
VTV,2013-01-02,15600000,,3424,0,first_obs
VTV,2015-05-12,23400000,7800000,3424,0,
VTV,2015-06-17,23399946,-54,3424,0,tiny_delta
VTV,2015-11-03,31199928,7799982,3424,0,
VTV,2015-11-13,31199825,-103,3424,0,tiny_delta
KDM,2016-03-29,6800000,,2615,1,first_obs
KDM,2016-12-13,7100000,300000,2615,1,
KDM,2024-07-05,7597000,497000,2615,1,
KDM,2024-07-17,7596981,-19,2615,1,tiny_delta
HTG,2017-06-14,22500000,,2313,0,first_obs
HTG,2021-10-05,23625000,1125000,2313,0,
HTG,2022-05-26,30003750,6378750,2313,0,
HTG,2022-06-03,30003075,-675,2313,0,
HTG,2023-05-25,36003690,6000615,2313,0,
HTG,2023-06-02,36002708,-982,2313,0,
HTG,2026-07-16,43203249,7200541,2313,0,
HTG,2026-07-24,43202392,-857,2313,0,
GKM,2017-07-17,4500000,,2297,1,first_obs
GKM,2018-01-12,13500000,9000000,2297,1,
GKM,2018-11-02,14175000,675000,2297,1,
GKM,2019-12-17,14883750,708750,2297,1,
GKM,2019-12-31,14883709,-41,2297,1,tiny_delta
GKM,2021-09-08,22325563,7441854,2297,1,
GKM,2021-10-07,23813934,1488371,2297,1,
GKM,2021-10-21,23813900,-34,2297,1,tiny_delta
GKM,2022-12-30,26195290,2381390,2297,1,
GKM,2023-01-06,26195240,-50,2297,1,tiny_delta
GKM,2023-07-13,31434288,5239048,2297,1,
GKM,2023-07-24,31434237,-51,2297,1,tiny_delta
MPC,2013-01-02,70000000,,2785,1,first_obs
MPC,2013-05-13,69369440,-630560,2785,1,
MPC,2014-05-14,69001560,-367880,2785,1,
MPC,2014-12-08,68462850,-538710,2785,1,
MPC,2018-06-11,136925700,68462850,2785,1,
MPC,2018-07-30,138462850,1537150,2785,1,
MPC,2019-07-02,198462850,60000000,2785,1,
MPC,2020-10-14,198929890,467040,2785,1,
MPC,2020-11-02,199366830,436940,2785,1,
MPC,2021-06-29,199334970,-31860,2785,1,
MPC,2021-12-10,199968140,633170,2785,1,
MPC,2022-04-20,199943650,-24490,2785,1,
MPC,2022-10-20,399887300,199943650,2785,1,
MPC,2024-09-25,400938300,1051000,2785,1,
MPC,2025-08-29,401093000,154700,2785,1,
PGV,2018-03-21,7149644,,2118,1,first_obs
PGV,2018-05-18,2080900000,2073750356,2118,1,
PGV,2018-10-24,1069969577,-1010930423,2118,1,
PGV,2021-07-23,1123468055,53498478,2118,1,
PGV,2021-08-09,1123468046,-9,2118,1,tiny_delta
PGV,2026-08-10,1213345489,89877443,2118,1,
PGV,2026-08-21,1213344881,-608,2118,1,tiny_delta
BCE,2013-01-02,30000000,,3424,0,first_obs
BCE,2021-02-24,35000000,5000000,3424,0,
BCE,2026-05-22,42000000,7000000,3424,0,
BCE,2026-06-02,41999846,-154,3424,0,tiny_delta
CNG,2013-01-02,21327638,,3424,0,first_obs
CNG,2013-10-09,25934407,4606769,3424,0,
CNG,2013-10-18,27000000,1065593,3424,0,
CNG,2014-10-15,26999673,-327,3424,0,
CNG,2023-07-13,35099574,8099901,3424,0,
CNG,2023-07-20,35099298,-276,3424,0,tiny_delta
MVC,2017-03-22,100000000,,2377,0,first_obs
C47,2013-01-02,8000000,,3424,1,first_obs
C47,2014-06-30,9600000,1600000,3424,1,
C47,2014-12-03,10560000,960000,3424,1,
C47,2015-03-10,12000000,1440000,3424,1,
C47,2016-10-27,15000000,3000000,3424,1,
C47,2017-01-09,17020130,2020130,3424,1,
C47,2021-01-05,18722143,1702013,3424,1,
C47,2021-09-01,21530464,2808321,3424,1,
C47,2021-09-13,21529504,-960,3424,1,
C47,2022-01-10,27529504,6000000,3424,1,
C47,2022-10-14,32529504,5000000,3424,1,
C47,2023-02-06,27533581,-4995923,3424,1,
C47,2023-06-05,33040297,5506716,3424,1,
C47,2023-06-14,33039061,-1236,3424,1,
C47,2023-11-29,36342967,3303906,3424,1,
C47,2023-12-08,36342269,-698,3424,1,
CMX,2013-01-02,13221234,,3424,1,first_obs
CMX,2020-02-11,26442468,13221234,3424,1,
CMX,2020-08-26,29086714,2644246,3424,1,
CMX,2020-09-09,30408751,1322037,3424,1,
CMX,2021-08-05,60817502,30408751,3424,1,
CMX,2021-11-29,90817502,30000000,3424,1,
CMX,2022-07-28,99899252,9081750,3424,1,
CMX,2022-08-04,101898990,1999738,3424,1,
IVS,2013-01-02,16100000,,3424,2,first_obs
IVS,2016-10-06,24150000,8050000,3424,2,
IVS,2017-01-16,34000000,9850000,3424,2,
IVS,2019-10-24,69350000,35350000,3424,2,
IVS,2025-01-07,138700000,69350000,3424,2,
IVS,2025-02-28,104923336,-33776664,3424,2,
MHC,2013-01-02,13555394,,3424,2,first_obs
MHC,2015-01-15,27110788,13555394,3424,2,
MHC,2016-04-27,28466327,1355539,3424,2,
MHC,2016-10-17,32736276,4269949,3424,2,
MHC,2016-10-27,32735090,-1186,3424,2,
MHC,2018-06-29,37645353,4910263,3424,2,
MHC,2018-07-13,37643776,-1577,3424,2,
MHC,2019-08-07,41408153,3764377,3424,2,
MHC,2019-08-15,41406844,-1309,3424,2,
MHC,2024-10-21,43477186,2070342,3424,2,
MHC,2024-10-31,43476198,-988,3424,2,
MHC,2026-07-23,45650007,2173809,3424,2,
MHC,2026-08-05,45648669,-1338,3424,2,
BKC,2013-01-02,5473200,,3424,0,first_obs
BKC,2013-05-24,6034700,561500,3424,0,
BKC,2015-01-15,11737728,5703028,3424,0,
BKC,2025-08-07,23475456,11737728,3424,0,
BKC,2026-07-23,30207356,6731900,3424,0,
BKC,2026-08-05,30206637,-719,3424,0,
AST,2018-01-04,36000000,,2176,1,first_obs
AST,2019-05-20,45000000,9000000,2176,1,
AST,2026-07-02,54000000,9000000,2176,1,
AST,2026-07-08,53999929,-71,2176,1,tiny_delta
PDV,2017-04-20,17000000,,2348,1,first_obs
PDV,2017-12-26,20000000,3000000,2348,1,
PDV,2018-11-15,23600000,3600000,2348,1,
PDV,2018-11-16,26600000,3000000,2348,1,
PDV,2019-07-02,47600000,21000000,2348,1,
PDV,2019-10-24,29500000,-18100000,2348,1,
PDV,2021-07-09,31110000,1610000,2348,1,
PDV,2021-07-16,31109986,-14,2348,1,tiny_delta
PDV,2023-09-08,43087331,11977345,2348,1,
PDV,2024-08-16,66095966,23008635,2348,1,
PDV,2025-12-02,79315159,13219193,2348,1,
PDV,2025-12-11,79314926,-233,2348,1,tiny_delta
CHP,2013-01-02,120000000,,3416,0,first_obs
CHP,2015-06-03,126000000,6000000,3416,0,
CHP,2015-06-22,125999511,-489,3416,0,tiny_delta
CHP,2018-06-21,138599462,12599951,3416,0,
CHP,2018-07-06,138598505,-957,3416,0,tiny_delta
CHP,2020-08-13,146914415,8315910,3416,0,
CHP,2020-08-26,146912668,-1747,3416,0,
CHP,2025-12-11,157659999,10747331,3416,0,
CHP,2025-12-23,157658076,-1923,3416,0,
HVA,2015-07-30,5000000,,2783,0,first_obs
HVA,2015-12-07,5400000,400000,2783,0,
HVA,2016-01-12,5650000,250000,2783,0,
HVA,2022-03-11,13650000,8000000,2783,0,
BMC,2013-01-02,12392630,,3423,0,first_obs
VTR,2019-09-27,12272340,,1746,0,first_obs
VTR,2019-11-07,12161952,-110388,1746,0,
VTR,2020-06-24,12717952,556000,1746,0,
VTR,2020-08-05,14515152,1797200,1746,0,
VTR,2020-08-17,16815152,2300000,1746,0,
VTR,2020-11-09,16713990,-101162,1746,0,
VTR,2021-05-18,16658247,-55743,1746,0,
VTR,2023-02-09,28658247,12000000,1746,0,
VTR,2025-05-19,57316494,28658247,1746,0,
VTR,2025-12-09,65913968,8597474,1746,0,
VTR,2025-12-16,65913567,-401,1746,0,tiny_delta
HLD,2013-03-26,10000000,,3370,0,first_obs
HLD,2013-09-25,20000000,10000000,3370,0,
HLD,2024-12-06,31600000,11600000,3370,0,
HLD,2024-12-16,31599961,-39,3370,0,tiny_delta
HLD,2025-05-07,54999961,23400000,3370,0,
ICT,2020-01-15,32185000,,1669,0,first_obs
ECO,2024-10-08,20000000,,486,0,first_obs
ECO,2025-11-21,30000000,10000000,486,0,
ECO,2026-01-14,29999985,-15,486,0,tiny_delta
CLL,2014-07-08,24000000,,3051,0,first_obs
CLL,2015-05-06,26400000,2400000,3051,0,
CLL,2015-07-20,34000000,7600000,3051,0,
DSC,2018-01-05,6000000,,2167,0,first_obs
DSC,2021-08-19,100000000,94000000,2167,0,
DSC,2023-05-31,200000000,100000000,2167,0,
DSC,2023-07-06,204883700,4883700,2167,0,
DSC,2023-07-26,204838925,-44775,2167,0,
DSC,2025-10-03,275000000,70161075,2167,0,
DSC,2025-10-21,274999911,-89,2167,0,tiny_delta
DSC,2026-03-18,278471711,3471800,2167,0,
SGT,2013-01-02,74001604,,3424,0,first_obs
SGT,2022-09-23,148003208,74001604,3424,0,
VIG,2013-01-02,34133300,,3423,0,first_obs
VIG,2023-01-13,45133300,11000000,3423,0,
DSN,2013-01-02,8450000,,3424,0,first_obs
DSN,2016-03-17,12083500,3633500,3424,0,
DSN,2016-03-29,12083009,-491,3424,0,
SRA,2013-01-02,2000108,,3424,1,first_obs
SRA,2019-01-16,18000000,15999892,3424,1,
SRA,2020-11-05,25200000,7200000,3424,1,
SRA,2020-11-20,25199974,-26,3424,1,tiny_delta
SRA,2021-01-28,43199974,18000000,3424,1,
ABC,2016-08-18,20389000,,2524,0,first_obs
GDT,2013-01-02,10372365,,3424,2,first_obs
GDT,2015-06-10,12446838,2074473,3424,2,
GDT,2015-06-25,12446837,-1,3424,2,tiny_delta
GDT,2015-12-14,12965499,518662,3424,2,
GDT,2016-07-05,12963455,-2044,3424,2,
GDT,2016-08-11,12957755,-5700,3424,2,
GDT,2016-08-31,14253530,1295775,3424,2,
GDT,2016-09-21,14253488,-42,3424,2,tiny_delta
GDT,2016-10-03,14251528,-1960,3424,2,
GDT,2016-12-26,14899800,648272,3424,2,
GDT,2017-05-03,14896800,-3000,3424,2,
GDT,2017-07-05,14887100,-9700,3424,2,
GDT,2017-09-28,14864900,-22200,3424,2,
GDT,2017-11-20,14857500,-7400,3424,2,
GDT,2018-02-12,14855850,-1650,3424,2,
GDT,2018-06-14,16341435,1485585,3424,2,
GDT,2018-06-15,16333685,-7750,3424,2,
GDT,2018-06-26,16332855,-830,3424,2,
GDT,2018-10-09,16316766,-16089,3424,2,
GDT,2018-12-17,16311166,-5600,3424,2,
GDT,2019-01-08,17053958,742792,3424,2,
GDT,2019-05-06,17035383,-18575,3424,2,
GDT,2019-07-19,17009233,-26150,3424,2,
GDT,2019-10-25,16963108,-46125,3424,2,
GDT,2019-12-13,16954008,-9100,3424,2,
GDT,2020-03-25,16942208,-11800,3424,2,
GDT,2020-09-09,16886508,-55700,3424,2,
GDT,2020-12-08,16877158,-9350,3424,2,
GDT,2021-01-21,16867808,-9350,3424,2,
GDT,2021-07-23,17711198,843390,3424,2,
GDT,2021-11-15,17670223,-40975,3424,2,
GDT,2022-01-10,19437245,1767022,3424,2,
GDT,2022-01-17,19437036,-209,3424,2,
GDT,2022-04-22,19365036,-72000,3424,2,
GDT,2023-01-09,21301539,1936503,3424,2,
GDT,2023-01-17,21301282,-257,3424,2,
GDT,2023-04-03,21218082,-83200,3424,2,
GDT,2023-07-07,21167382,-50700,3424,2,
GDT,2023-12-07,21478882,311500,3424,2,
GDT,2024-06-07,21452082,-26800,3424,2,
GDT,2024-11-19,23597290,2145208,3424,2,
GDT,2024-11-25,23596947,-343,3424,2,
GDT,2025-04-29,24670891,1073944,3424,2,
GDT,2025-12-30,24650191,-20700,3424,2,
GDT,2026-05-14,24614391,-35800,3424,2,
GDT,2026-06-17,27075830,2461439,3424,2,
GDT,2026-06-29,27075411,-419,3424,2,
GDT,2026-09-25,27053011,-22400,3424,2,
LAI,2015-08-10,8550000,,2782,0,first_obs
LAI,2024-08-19,17100000,8550000,2782,0,
LAI,2025-07-15,27360000,10260000,2782,0,
LAI,2025-07-24,27359969,-31,2782,0,tiny_delta
LAI,2026-07-27,32831962,5471993,2782,0,
LAI,2026-08-11,32831905,-57,2782,0,tiny_delta
CSC,2013-01-02,5000000,,3424,1,first_obs
CSC,2014-06-25,9000000,4000000,3424,1,
CSC,2015-06-02,9810000,810000,3424,1,
CSC,2015-07-01,10000000,190000,3424,1,
CSC,2018-12-04,20000000,10000000,3424,1,
CSC,2019-01-04,20500000,500000,3424,1,
CSC,2020-08-17,21525000,1025000,3424,1,
CSC,2020-09-14,21524869,-131,3424,1,tiny_delta
CSC,2021-06-29,22816361,1291492,3424,1,
CSC,2021-07-08,22816144,-217,3424,1,tiny_delta
CSC,2022-06-27,25554081,2737937,3424,1,
CSC,2022-07-07,25553740,-341,3424,1,
CSC,2023-05-25,31175562,5621822,3424,1,
CSC,2023-06-12,31174719,-843,3424,1,
CSC,2024-06-13,37409662,6234943,3424,1,
CSC,2024-06-21,37408982,-680,3424,1,
CSC,2025-06-24,41149880,3740898,3424,1,
CSC,2025-07-04,41149264,-616,3424,1,
CSC,2026-06-24,45264190,4114926,3424,1,
CSC,2026-07-02,45263582,-608,3424,1,
HAP,2013-01-02,27919791,,3417,1,first_obs
HAP,2013-11-22,32107759,4187968,3417,1,
HAP,2013-12-10,32104652,-3107,3417,1,
HAP,2015-03-04,51367443,19262791,3417,1,
HAP,2015-06-16,51364766,-2677,3417,1,
HAP,2016-10-20,55473947,4109181,3417,1,
HAP,2016-10-31,55471151,-2796,3417,1,
HAP,2022-01-20,110942302,55471151,3417,1,
CMS,2013-01-02,5000000,,3424,0,first_obs
CMS,2014-05-27,8000000,3000000,3424,0,
CMS,2015-06-26,13200000,5200000,3424,0,
CMS,2015-09-23,17200000,4000000,3424,0,
CMS,2022-07-19,25452500,8252500,3424,0,
VHG,2013-01-02,25000000,,3418,0,first_obs
VHG,2013-11-27,37500000,12500000,3418,0,
VHG,2014-06-10,75000000,37500000,3418,0,
VHG,2015-05-28,150000000,75000000,3418,0,
VHG,2015-11-16,145989770,-4010230,3418,0,
VHG,2017-03-03,147704760,1714990,3418,0,
VHG,2017-03-07,148495060,790300,3418,0,
VHG,2017-03-09,149018160,523100,3418,0,
VHG,2017-03-15,149286260,268100,3418,0,
VHG,2017-03-17,149444530,158270,3418,0,
VHG,2017-03-20,150000000,555470,3418,0,
VFG,2013-01-02,12962543,,3418,2,first_obs
VFG,2013-01-29,13272543,310000,3418,2,
VFG,2013-07-02,13231143,-41400,3418,2,
VFG,2013-09-27,13208643,-22500,3418,2,
VFG,2015-06-29,17611524,4402881,3418,2,
VFG,2015-07-31,17611326,-198,3418,2,
VFG,2015-11-10,17609326,-2000,3418,2,
VFG,2016-06-03,17685436,76110,3418,2,
VFG,2016-06-06,18283436,598000,3418,2,
VFG,2017-06-15,23768466,5485030,3418,2,
VFG,2017-06-26,23768189,-277,3418,2,
VFG,2018-06-25,30898645,7130456,3418,2,
VFG,2018-07-06,30898355,-290,3418,2,tiny_delta
VFG,2018-08-13,31611461,713106,3418,2,
VFG,2019-07-15,32086864,475403,3418,2,
VFG,2022-08-15,41712923,9626059,3418,2,
VFG,2022-08-19,41712614,-309,3418,2,tiny_delta
BKG,2020-12-31,32000000,,1427,0,first_obs
BKG,2022-03-29,62000000,30000000,1427,0,
BKG,2022-10-24,68200000,6200000,1427,0,
BKG,2022-11-01,68199983,-17,1427,0,tiny_delta
BKG,2024-06-24,71609982,3409999,1427,0,
BKG,2024-06-28,71609020,-962,1427,0,
PGB,2020-12-24,300000000,,1432,0,first_obs
PGB,2024-02-22,420000000,120000000,1432,0,
PGB,2025-03-18,500000000,80000000,1432,0,
PGB,2025-10-17,1000000000,500000000,1432,0,
PGB,2025-10-24,999996424,-3576,1432,0,tiny_delta
PGB,2026-01-30,681587608,-318408816,1432,0,
PGB,2026-06-09,732706678,51119070,1432,0,
PGB,2026-06-16,732702236,-4442,1432,0,tiny_delta
TVB,2015-06-18,9600000,,2809,1,first_obs
TVB,2017-06-07,15020000,5420000,2809,1,
TVB,2018-06-22,16191560,1171560,2809,1,
TVB,2018-12-26,24287340,8095780,2809,1,
TVB,2019-09-03,48574680,24287340,2809,1,
TVB,2020-07-14,52120631,3545951,2809,1,
TVB,2020-07-31,52119883,-748,2809,1,
TVB,2021-01-13,54725873,2605990,2809,1,
TVB,2021-01-20,71143872,16417999,2809,1,
TVB,2021-06-03,106715808,35571936,2809,1,
TVB,2021-08-11,106715461,-347,2809,1,tiny_delta
TVB,2021-12-08,112015461,5300000,2809,1,
TVB,2022-04-13,224030922,112015461,2809,1,
TVB,2022-06-30,112097019,-111933903,2809,1,
TVB,2025-12-31,109121519,-2975500,2809,1,
DDG,2018-12-18,12000000,,1929,0,first_obs
DDG,2020-05-14,14520000,2520000,1929,0,
DDG,2020-05-25,14519943,-57,1929,0,tiny_delta
DDG,2020-07-30,28519943,14000000,1929,0,
DDG,2021-10-14,57039886,28519943,1929,0,
DDG,2022-10-25,59839886,2800000,1929,0,
DDG,2024-02-21,79839886,20000000,1929,0,
TAR,2019-02-20,35000000,,1890,0,first_obs
TAR,2020-08-31,42000000,7000000,1890,0,
TAR,2020-09-09,41999997,-3,1890,0,tiny_delta
TAR,2020-10-19,41999977,-20,1890,0,tiny_delta
TAR,2021-07-16,46199974,4199997,1890,0,
TAR,2021-07-23,46199933,-41,1890,0,tiny_delta
TAR,2022-01-27,71199933,25000000,1890,0,
TAR,2022-11-10,78319926,7119993,1890,0,
TAR,2022-11-18,78319777,-149,1890,0,tiny_delta
CTX,2013-01-02,26353800,,3414,1,first_obs
CTX,2019-09-05,78907500,52553700,3414,1,
CTX,2019-09-16,78907276,-224,3414,1,tiny_delta
CTX,2026-01-22,100407276,21500000,3414,1,
CTX,2026-01-30,100406740,-536,3414,1,tiny_delta
DAH,2016-10-10,34200000,,2488,0,first_obs
DAH,2021-10-07,84200000,50000000,2488,0,
HU4,2016-01-29,15000000,,2660,0,first_obs
NO1,2022-11-28,24000000,,952,0,first_obs
NO1,2026-07-07,24600000,600000,952,0,
NO1,2026-07-16,24599798,-202,952,0,tiny_delta
IDV,2013-01-02,4070472,,3423,2,first_obs
IDV,2013-04-17,4031316,-39156,3423,2,
IDV,2013-07-30,4434447,403131,3423,2,
IDV,2013-10-04,4434352,-95,3423,2,
IDV,2014-02-10,5099505,665153,3423,2,
IDV,2014-04-23,5099493,-12,3423,2,tiny_delta
IDV,2014-05-15,5099320,-173,3423,2,
IDV,2014-06-09,5089788,-9532,3423,2,
IDV,2014-06-25,5092580,2792,3423,2,
IDV,2014-12-12,5143574,50994,3423,2,
IDV,2015-04-10,5150487,6913,3423,2,
IDV,2015-06-10,7725731,2575244,3423,2,
IDV,2015-06-25,7725679,-52,3423,2,tiny_delta
IDV,2015-08-04,7725730,51,3423,2,tiny_delta
IDV,2015-12-07,7725679,-51,3423,2,tiny_delta
IDV,2016-01-14,7680155,-45524,3423,2,
IDV,2016-02-17,7678993,-1162,3423,2,
IDV,2016-06-28,11518488,3839495,3423,2,
IDV,2016-07-11,11518312,-176,3423,2,
IDV,2017-09-14,16125636,4607324,3423,2,
IDV,2017-09-25,16125567,-69,3423,2,tiny_delta
IDV,2018-07-06,14825348,-1300219,3423,2,
IDV,2018-08-09,14525348,-300000,3423,2,
IDV,2018-12-05,16704150,2178802,3423,2,
IDV,2018-12-17,16704051,-99,3423,2,tiny_delta
IDV,2020-04-03,17004051,300000,3423,2,
IDV,2021-06-22,17814051,810000,3423,2,
IDV,2021-08-31,21023458,3209407,3423,2,
IDV,2021-09-20,21023307,-151,3423,2,tiny_delta
IDV,2021-11-24,21023450,143,3423,2,tiny_delta
IDV,2022-03-02,25228140,4204690,3423,2,
IDV,2022-03-11,25227906,-234,3423,2,tiny_delta
IDV,2023-02-22,30273487,5045581,3423,2,
IDV,2023-03-02,30273276,-211,3423,2,tiny_delta
IDV,2023-08-24,31181474,908198,3423,2,
IDV,2024-03-04,35858695,4677221,3423,2,
IDV,2024-03-14,35858385,-310,3423,2,tiny_delta
IDV,2025-03-10,41237142,5378757,3423,2,
IDV,2025-03-18,41236777,-365,3423,2,tiny_delta
IDV,2026-03-13,47422293,6185516,3423,2,
IDV,2026-03-25,47421881,-412,3423,2,tiny_delta
VPH,2013-01-02,27714816,,3424,2,first_obs
VPH,2013-07-30,30209149,2494333,3424,2,
VPH,2013-08-19,30208684,-465,3424,2,
VPH,2015-07-16,45313026,15104342,3424,2,
VPH,2015-07-29,45312675,-351,3424,2,tiny_delta
VPH,2016-09-01,46072675,760000,3424,2,
VPH,2016-10-14,52983576,6910901,3424,2,
VPH,2016-10-28,52983084,-492,3424,2,tiny_delta
VPH,2017-10-31,63579700,10596616,3424,2,
VPH,2018-02-23,75659843,12080143,3424,2,
VPH,2018-04-12,75658722,-1121,3424,2,
VPH,2018-10-12,76878722,1220000,3424,2,
VPH,2018-12-17,86104169,9225447,3424,2,
VPH,2018-12-28,86103449,-720,3424,2,tiny_delta
VPH,2019-05-06,86689501,586052,3424,2,
VPH,2019-06-27,95358451,8668950,3424,2,
VPH,2019-07-05,95357800,-651,3424,2,tiny_delta
PGN,2019-07-04,3300000,,1805,0,first_obs
PGN,2021-01-28,4950000,1650000,1805,0,
PGN,2021-02-25,5148000,198000,1805,0,
PGN,2021-03-15,5147998,-2,1805,0,tiny_delta
PGN,2021-04-05,6797991,1649993,1805,0,
PGN,2021-11-12,7545770,747779,1805,0,
PGN,2021-11-26,7545647,-123,1805,0,
PGN,2022-06-23,8451124,905477,1805,0,
PGN,2022-07-01,8450940,-184,1805,0,
PGN,2024-01-26,9465052,1014112,1805,0,
PGN,2024-02-06,9464859,-193,1805,0,
HBS,2013-01-02,32999980,,3424,0,first_obs
KHP,2013-01-02,40051296,,3424,0,first_obs
KHP,2020-08-19,56071814,16020518,3424,0,
KHP,2020-08-31,56071016,-798,3424,0,
KHP,2021-12-14,57472791,1401775,3424,0,
KHP,2021-12-20,57471442,-1349,3424,0,
KHP,2022-05-24,58908228,1436786,3424,0,
KHP,2022-05-31,58905967,-2261,3424,0,
KHP,2024-10-11,60378616,1472649,3424,0,
KHP,2024-10-18,60376746,-1870,3424,0,
KHP,2026-07-30,62188048,1811302,3424,0,
KHP,2026-08-07,62186518,-1530,3424,0,
VSH,2013-01-02,202241246,,3424,0,first_obs
VSH,2013-07-26,206241246,4000000,3424,0,
VSH,2021-01-07,236241246,30000000,3424,0,
TCW,2017-06-26,14998635,,2312,1,first_obs
TCW,2020-02-19,19992677,4994042,2312,1,
TCW,2020-03-03,19991020,-1657,2312,1,
STK,2015-09-30,42305336,,2746,2,first_obs
STK,2015-11-03,46535869,4230533,2746,2,
STK,2015-11-13,46535855,-14,2746,2,tiny_delta
STK,2016-06-01,53516210,6980355,2746,2,
STK,2016-06-08,53516024,-186,2746,2,tiny_delta
STK,2017-07-24,59937946,6421922,2746,2,
STK,2017-08-21,59937912,-34,2746,2,tiny_delta
STK,2019-01-24,70127224,10189312,2746,2,
STK,2019-04-08,70726944,599720,2746,2,
STK,2020-05-11,68185294,-2541650,2746,2,
STK,2022-08-04,81822352,13637058,2746,2,
STK,2022-09-28,81822175,-177,2746,2,tiny_delta
STK,2023-07-04,94095501,12273326,2746,2,
STK,2023-07-11,94095274,-227,2746,2,tiny_delta
STK,2024-04-01,95136924,1041650,2746,2,
STK,2024-06-05,96636924,1500000,2746,2,
STK,2025-10-30,140123539,43486615,2746,2,
STK,2025-11-10,140123130,-409,2746,2,tiny_delta
STK,2026-07-09,154135443,14012313,2746,2,
STK,2026-07-17,154135020,-423,2746,2,tiny_delta
NED,2017-08-18,36000754,,2273,0,first_obs
NED,2018-01-26,36254754,254000,2273,0,
NED,2018-07-26,40500000,4245246,2273,0,
SBA,2013-01-02,49800070,,3424,1,first_obs
SBA,2013-09-03,52290072,2490002,3424,1,
SBA,2013-09-17,52288331,-1741,3424,1,
SBA,2013-10-31,60288331,8000000,3424,1,
SBA,2017-11-22,60288340,9,3424,1,tiny_delta
SBA,2018-11-20,60404821,116481,3424,1,
SBA,2019-10-16,60288271,-116550,3424,1,
SBA,2020-03-04,60285171,-3100,3424,1,
SBA,2022-12-13,60488261,203090,3424,1,
KVC,2015-04-14,16500000,,2855,0,first_obs
KVC,2016-04-15,49500000,33000000,2855,0,
VNR,2013-01-02,100827658,,3424,0,first_obs
VNR,2014-06-30,131075955,30248297,3424,0,
VNR,2014-08-20,131075937,-18,3424,0,tiny_delta
VNR,2021-07-14,150737327,19661390,3424,0,
VNR,2021-07-22,150737130,-197,3424,0,tiny_delta
VNR,2023-10-19,165810843,15073713,3424,0,
VNR,2023-10-31,165810617,-226,3424,0,tiny_delta
VNR,2024-12-11,182391678,16581061,3424,0,
VNR,2024-12-18,182391455,-223,3424,0,tiny_delta
VNR,2025-07-21,200630600,18239145,3424,0,
VNR,2025-08-05,200630248,-352,3424,0,tiny_delta
VNR,2026-08-06,210661760,10031512,3424,0,
VNR,2026-08-14,210661274,-486,3424,0,tiny_delta
TTH,2016-10-26,10000000,,2476,1,first_obs
TTH,2016-12-28,13000000,3000000,2476,1,
TTH,2017-01-11,12999998,-2,2476,1,tiny_delta
TTH,2017-09-25,29899995,16899997,2476,1,
TTH,2017-11-15,29900241,246,2476,1,tiny_delta
TTH,2019-08-29,37374976,7474735,2476,1,
TTH,2019-09-10,37374846,-130,2476,1,tiny_delta
PHC,2013-01-02,10889977,,3418,1,first_obs
PHC,2017-02-23,10999977,110000,3418,1,
PHC,2017-07-03,20900002,9900025,3418,1,
PHC,2018-10-26,23407950,2507948,3418,1,
PHC,2018-11-06,23407755,-195,3418,1,tiny_delta
PHC,2019-10-21,25748530,2340775,3418,1,
PHC,2019-11-07,25748260,-270,3418,1,
PHC,2021-10-22,40682251,14933991,3418,1,
PHC,2021-11-02,40681927,-324,3418,1,tiny_delta
PHC,2021-12-08,50681927,10000000,3418,1,
HTP,2013-01-02,1645580,,3415,0,first_obs
HTP,2021-01-07,91645580,90000000,3415,0,
HTP,2021-03-25,91804980,159400,3415,0,
HCD,2016-07-04,13500000,,2550,0,first_obs
HCD,2018-01-29,26325000,12825000,2550,0,
HCD,2018-04-10,27000000,675000,2550,0,
HCD,2022-01-21,31590000,4590000,2550,0,
HCD,2022-02-10,31589802,-198,2550,0,tiny_delta
HCD,2023-09-05,36960068,5370266,2550,0,
HCD,2023-09-18,36958816,-1252,2550,0,
HCD,2026-05-25,46198520,9239704,2550,0,
HCD,2026-06-04,46197821,-699,2550,0,
MTA,2015-10-21,110113591,,2730,0,first_obs
HUB,2019-02-26,15246000,,1894,0,first_obs
HUB,2020-11-13,19057500,3811500,1894,0,
HUB,2020-11-24,19057316,-184,1894,0,tiny_delta
HUB,2022-10-21,22868778,3811462,1894,0,
HUB,2022-10-31,22868395,-383,1894,0,
HUB,2023-08-03,26298654,3430259,1894,0,
HUB,2023-08-10,26298437,-217,1894,0,tiny_delta
HUB,2025-06-24,30243202,3944765,1894,0,
HUB,2025-07-02,30242878,-324,1894,0,
HUB,2026-09-09,31755021,1512143,1894,0,
HUB,2026-09-16,31754597,-424,1894,0,
CSI,2019-03-15,16800000,,1881,0,first_obs
TCD,2017-05-26,32485000,,2326,1,first_obs
TCD,2017-07-05,34434100,1949100,2326,1,
TCD,2017-07-19,34434034,-66,2326,1,tiny_delta
TCD,2018-08-08,37877440,3443406,2326,1,
TCD,2018-08-17,38230192,352752,2326,1,
TCD,2019-10-10,42053211,3823019,2326,1,
TCD,2019-10-24,42053082,-129,2326,1,tiny_delta
TCD,2019-10-30,42302370,249288,2326,1,
TCD,2020-08-25,46955630,4653260,2326,1,
TCD,2020-09-08,47294590,338960,2326,1,
TCD,2021-02-05,82294590,35000000,2326,1,
TCD,2021-06-30,86409319,4114729,2326,1,
TCD,2021-07-05,86409152,-167,2326,1,tiny_delta
TCD,2021-07-15,87209152,800000,2326,1,
TCD,2021-11-30,174418304,87209152,2326,1,
TCD,2022-04-25,224418304,50000000,2326,1,
TCD,2022-07-22,244418304,20000000,2326,1,
TCD,2023-05-29,281081049,36662745,2326,1,
TCD,2023-06-09,282680804,1599755,2326,1,
TCD,2024-05-20,305295268,22614464,2326,1,
TCD,2024-05-23,305293986,-1282,2326,1,tiny_delta
TCD,2024-07-08,335823384,30529398,2326,1,
TCD,2024-07-15,335820641,-2743,2326,1,tiny_delta
FCM,2013-05-15,26800000,,3338,0,first_obs
FCM,2014-06-09,40200000,13400000,3338,0,
FCM,2014-08-28,41000000,800000,3338,0,
FCM,2021-11-29,45100000,4100000,3338,0,
FCM,2021-12-09,45099969,-31,3338,0,tiny_delta
FCM,2024-11-28,46227468,1127499,3338,0,
FCM,2024-12-05,46226626,-842,3338,0,
DFF,2021-07-08,40000000,,1301,0,first_obs
DFF,2022-03-16,80000000,40000000,1301,0,
SSH,2021-08-04,250000000,,1282,0,first_obs
SSH,2021-12-10,375000000,125000000,1282,0,
GPC,2023-01-06,41594000,,924,0,first_obs
GPC,2024-10-09,54072200,12478200,924,0,
GPC,2024-10-18,54072143,-57,924,0,tiny_delta
TMB,2017-01-16,10000238,,2418,1,first_obs
TMB,2019-07-30,15000000,4999762,2418,1,
VRG,2014-11-10,25894868,,2964,0,first_obs
PSB,2013-01-02,50000000,,3424,0,first_obs
ACC,2013-01-02,10000000,,3424,0,first_obs
ACC,2020-11-16,30000000,20000000,3424,0,
ACC,2022-01-06,105000000,75000000,3424,0,
ACC,2022-02-16,104999993,-7,3424,0,tiny_delta
PVL,2013-01-02,50000000,,3417,0,first_obs
TIS,2013-01-02,184000000,,3424,1,first_obs
TIS,2015-05-22,284000000,100000000,3424,1,
TIS,2017-07-13,184000000,-100000000,3424,1,
TIS,2019-08-15,183988900,-11100,3424,1,
ACG,2021-08-04,87355744,,1274,0,first_obs
ACG,2021-11-05,87640744,285000,1274,0,
ACG,2022-03-07,92022781,4382037,1274,0,
ACG,2022-04-13,135843153,43820372,1274,0,
ACG,2022-04-26,135836522,-6631,1274,0,
ACG,2023-07-18,150778539,14942017,1274,0,
ACG,2023-07-24,150778346,-193,1274,0,tiny_delta
ACG,2023-11-24,150787946,9600,1274,0,
HMR,2022-01-13,5612444,,1169,0,first_obs
AGM,2013-01-02,18200000,,3414,0,first_obs
HIO,2023-10-23,21000000,,728,0,first_obs
HIO,2026-01-22,42000000,21000000,728,0,
ITA,2013-01-02,444579314,,3417,1,first_obs
ITA,2013-03-14,560257346,115678032,3417,1,
ITA,2013-05-14,560253243,-4103,3417,1,tiny_delta
ITA,2013-06-14,562252867,1999624,3417,1,
ITA,2013-07-23,618478153,56225286,3417,1,
ITA,2013-07-31,618467913,-10240,3417,1,
ITA,2013-09-11,618074955,-392958,3417,1,
ITA,2014-01-22,718074955,100000000,3417,1,
ITA,2014-06-02,718005879,-69076,3417,1,
ITA,2014-08-19,718905879,900000,3417,1,
ITA,2015-03-10,838282817,119376938,3417,1,
ITA,2016-06-24,938321575,100038758,3417,1,
SAV,2013-01-02,9567680,,3424,2,first_obs
SAV,2016-03-11,10141740,574060,3424,2,
SAV,2016-04-05,10141733,-7,3424,2,tiny_delta
SAV,2016-10-06,11155785,1014052,3424,2,
SAV,2016-10-14,11155574,-211,3424,2,
SAV,2017-06-20,12271131,1115557,3424,2,
SAV,2017-06-28,12270841,-290,3424,2,
SAV,2018-05-04,12884383,613542,3424,2,
SAV,2018-05-17,12884307,-76,3424,2,tiny_delta
SAV,2019-05-24,13528321,644014,3424,2,
SAV,2019-06-05,13528003,-318,3424,2,
SAV,2020-06-24,14204403,676400,3424,2,
SAV,2020-07-02,14204085,-318,3424,2,
SAV,2021-05-20,15624493,1420408,3424,2,
SAV,2021-05-26,15624197,-296,3424,2,
SAV,2022-06-02,17967826,2343629,3424,2,
SAV,2022-06-08,17967405,-421,3424,2,
SAV,2023-08-14,21560886,3593481,3424,2,
SAV,2023-08-18,21560594,-292,3424,2,
SAV,2024-05-30,24794683,3234089,3424,2,
SAV,2024-06-05,24794195,-488,3424,2,
SAV,2025-05-22,26033904,1239709,3424,2,
SAV,2025-05-29,26033470,-434,3424,2,
SAV,2026-06-02,27335143,1301673,3424,2,
SAV,2026-06-08,27334710,-433,3424,2,
C32,2013-01-02,11200000,,3424,0,first_obs
C32,2017-06-21,13440000,2240000,3424,0,
C32,2017-07-03,13663992,223992,3424,0,
C32,2018-06-18,15030391,1366399,3424,0,
C32,2018-07-02,15030145,-246,3424,0,
C32,2025-08-14,15029145,-1000,3424,0,
C32,2025-12-26,30058290,15029145,3424,0,
EVE,2013-01-02,27507231,,3424,2,first_obs
EVE,2016-05-23,27986518,479287,3424,2,
EVE,2016-07-19,41979777,13993259,3424,2,
EVE,2016-08-04,41979773,-4,3424,2,tiny_delta
EVE,2018-01-11,39548061,-2431712,3424,2,
EVE,2018-12-17,38047973,-1500088,3424,2,
EVE,2022-01-19,41091810,3043837,3424,2,
EVE,2022-01-25,41091589,-221,3424,2,tiny_delta
EVE,2022-10-17,41979773,888184,3424,2,
GHC,2013-01-02,10000000,,3415,0,first_obs
GHC,2014-07-21,20000000,10000000,3415,0,
GHC,2014-11-07,20500000,500000,3415,0,
GHC,2020-10-29,30750000,10250000,3415,0,
GHC,2020-11-30,31775000,1025000,3415,0,
GHC,2021-08-30,47662500,15887500,3415,0,
HHG,2013-01-02,12617600,,3417,1,first_obs
HHG,2015-01-16,13600000,982400,3417,1,
HHG,2015-06-04,16600000,3000000,3417,1,
HHG,2015-06-17,17015000,415000,3417,1,
HHG,2015-06-29,17014910,-90,3417,1,tiny_delta
HHG,2016-01-18,25522407,8507497,3417,1,
HHG,2016-07-01,28840272,3317865,3417,1,
HHG,2016-07-15,28840125,-147,3417,1,tiny_delta
HHG,2018-06-28,34896551,6056426,3417,1,
HHG,2018-07-06,34896354,-197,3417,1,tiny_delta
TDM,2016-04-01,30000000,,2614,1,first_obs
TDM,2017-06-22,65040496,35040496,2614,1,
TDM,2018-01-18,81200207,16159711,2614,1,
TDM,2019-06-25,95700000,14499793,2614,1,
TDM,2020-09-29,100000000,4300000,2614,1,
TDM,2023-12-28,110000000,10000000,2614,1,
TDM,2025-07-22,111100000,1100000,2614,1,
TDM,2026-07-15,122210000,11110000,2614,1,
HSV,2021-04-27,5000000,,1351,0,first_obs
HSV,2021-08-23,10000000,5000000,1351,0,
HSV,2021-12-27,15000000,5000000,1351,0,
HSV,2022-08-31,15750000,750000,1351,0,
HSV,2022-09-12,15749994,-6,1351,0,tiny_delta
HSV,2026-03-05,30749994,15000000,1351,0,
CEN,2018-06-15,1309200,,2068,0,first_obs
CEN,2020-10-07,3809200,2500000,2068,0,
CEN,2021-08-10,11427600,7618400,2068,0,
CEN,2022-06-15,21712440,10284840,2068,0,
TID,2018-12-12,200000000,,1941,0,first_obs
PXS,2013-01-02,60028802,,3414,1,first_obs
PXS,2013-05-09,40630661,-19398141,3414,1,
PXS,2013-12-06,50000005,9369344,3414,1,
PXS,2015-08-20,60000000,9999995,3414,1,
PXS,2015-11-10,59999998,-2,3414,1,tiny_delta
KSQ,2013-07-26,3000000,,3277,0,first_obs
KSQ,2014-11-20,15000000,12000000,3277,0,
KSQ,2016-02-04,30000000,15000000,3277,0,
PAS,2020-09-21,25500000,,1500,0,first_obs
PAS,2021-02-23,28050000,2550000,1500,0,
PAS,2021-03-08,28049968,-32,1500,0,tiny_delta
VNA,2013-01-02,20000000,,3418,0,first_obs
VNA,2024-06-28,34000000,14000000,3418,0,
VNA,2024-07-09,33999960,-40,3418,0,tiny_delta
HD6,2020-11-23,14400000,,1455,0,first_obs
HD6,2023-08-21,15120000,720000,1455,0,
FID,2015-05-20,10000000,,2840,1,first_obs
FID,2015-10-13,11000000,1000000,2840,1,
FID,2015-10-29,10999999,-1,2840,1,tiny_delta
FID,2016-03-25,21999998,10999999,2840,1,
FID,2016-10-25,23539998,1540000,2840,1,
FID,2016-11-23,23539958,-40,2840,1,tiny_delta
FID,2021-12-09,24715958,1176000,2840,1,
SDA,2013-01-02,13103426,,3417,0,first_obs
SDA,2015-05-07,13103258,-168,3417,0,
SDA,2015-09-16,26206516,13103258,3417,0,
SDA,2016-01-07,26205990,-526,3417,0,
TSB,2013-01-02,6745480,,3424,0,first_obs
VGG,2016-03-10,28000000,,2636,1,first_obs
VGG,2016-05-06,42000000,14000000,2636,1,
VGG,2017-02-27,44100000,2100000,2636,1,
BCA,2021-09-08,19000000,,1259,0,first_obs
BCA,2025-04-16,50000000,31000000,1259,0,
DVG,2021-01-14,4000000,,1411,0,first_obs
DVG,2021-05-19,28000000,24000000,1411,0,
TEG,2015-12-22,15000000,,2680,1,first_obs
TEG,2017-07-11,18000000,3000000,2680,1,
TEG,2017-07-26,17999998,-2,2680,1,tiny_delta
TEG,2018-07-20,19439998,1440000,2680,1,
TEG,2018-07-31,19439856,-142,2680,1,tiny_delta
TEG,2019-01-25,29439856,10000000,2680,1,
TEG,2019-06-20,32383841,2943985,2680,1,
TEG,2019-07-03,32383642,-199,2680,1,tiny_delta
TEG,2021-08-27,55591919,23208277,2680,1,
TEG,2021-10-11,65591772,9999853,2680,1,
TEG,2023-06-15,72806866,7215094,2680,1,
TEG,2023-06-22,72806562,-304,2680,1,tiny_delta
TEG,2023-12-01,120806562,48000000,2680,1,
DQC,2013-01-02,21982279,,3424,2,first_obs
DQC,2014-03-10,21926028,-56251,3424,2,
DQC,2015-01-13,26322483,4396455,3424,2,
DQC,2015-01-30,26322243,-240,3424,2,tiny_delta
DQC,2015-02-26,26378494,56251,3424,2,
DQC,2015-05-28,29016343,2637849,3424,2,
DQC,2015-06-12,29015942,-401,3424,2,
DQC,2016-06-10,31917536,2901594,3424,2,
DQC,2016-06-23,31917016,-520,3424,2,
DQC,2018-01-09,31258066,-658950,3424,2,
DQC,2019-02-28,27558066,-3700000,3424,2,
CVN,2013-01-02,3250000,,3416,0,first_obs
CVN,2017-12-26,8250000,5000000,3416,0,
CVN,2020-12-07,11550000,3300000,3416,0,
CVN,2020-12-16,11549994,-6,3416,0,tiny_delta
CVN,2021-01-12,19799994,8250000,3416,0,
CVN,2022-06-16,29699991,9899997,3416,0,
SCI,2014-06-30,5000000,,3052,1,first_obs
SCI,2015-05-12,9750000,4750000,3052,1,
SCI,2015-08-05,10000000,250000,3052,1,
SCI,2018-07-19,11000000,1000000,3052,1,
SCI,2018-08-21,10999995,-5,3052,1,tiny_delta
SCI,2019-06-27,12099994,1099999,3052,1,
SCI,2019-07-11,12099968,-26,3052,1,tiny_delta
SCI,2020-12-25,24804934,12704966,3052,1,
SCI,2021-02-08,24804849,-85,3052,1,tiny_delta
SCI,2021-03-22,25409847,604998,3052,1,
SCI,2024-10-24,30491816,5081969,3052,1,
SCI,2024-10-31,30491409,-407,3052,1,
SCI,2026-01-13,45737113,15245704,3052,1,
SCI,2026-03-11,42000000,-3737113,3052,1,
BTP,2013-01-02,59285600,,3424,0,first_obs
BTP,2013-08-22,60485600,1200000,3424,0,
SD5,2013-01-02,9000000,,3424,0,first_obs
SD5,2013-08-22,18000000,9000000,3424,0,
SD5,2014-06-13,19800000,1800000,3424,0,
SD5,2014-07-29,19799848,-152,3424,0,tiny_delta
SD5,2014-08-26,25999848,6200000,3424,0,
ACL,2013-01-02,18399675,,3424,2,first_obs
ACL,2016-09-12,22799675,4400000,3424,2,
ACL,2020-08-05,50159285,27359610,3424,2,
ACL,2020-08-14,50159019,-266,3424,2,tiny_delta
PTL,2013-01-02,98865080,,3423,0,first_obs
PTL,2025-07-07,100000000,1134920,3423,0,
VNS,2013-01-02,29999997,,3424,0,first_obs
VNS,2013-05-29,40499996,10499999,3424,0,
VNS,2013-06-21,40499818,-178,3424,0,tiny_delta
VNS,2013-12-11,43499818,3000000,3424,0,
VNS,2014-05-28,56549764,13049946,3424,0,
VNS,2014-06-10,56549516,-248,3424,0,tiny_delta
VNS,2015-06-02,67859419,11309903,3424,0,
VNS,2015-07-01,67859192,-227,3424,0,tiny_delta
LCM,2013-01-02,21420000,,3417,0,first_obs
LCM,2013-06-10,24633000,3213000,3417,0,
LCM,2013-06-17,24632809,-191,3417,0,tiny_delta
LMH,2018-10-12,23300000,,1979,0,first_obs
LMH,2019-10-04,25630000,2330000,1979,0,
LMH,2019-10-14,25629995,-5,1979,0,tiny_delta
DHM,2013-01-02,16000000,,3424,1,first_obs
DHM,2013-08-20,24000000,8000000,3424,1,
DHM,2013-11-01,23498370,-501630,3424,1,
DHM,2016-10-03,25143255,1644885,3424,1,
DHM,2016-10-12,25143123,-132,3424,1,tiny_delta
DHM,2017-12-28,37643123,12500000,3424,1,
DHM,2018-03-12,31396180,-6246943,3424,1,
DHM,2024-11-29,34535798,3139618,3424,1,
DHM,2024-12-06,34535699,-99,3424,1,tiny_delta
NSC,2013-01-02,9907393,,3416,2,first_obs
NSC,2013-04-10,10029838,122445,3416,2,
NSC,2014-02-06,10019611,-10227,3416,2,
NSC,2014-04-15,15034530,5014919,3416,2,
NSC,2014-06-26,15295000,260470,3416,2,
NSC,2015-03-17,15044757,-250243,3416,2,
NSC,2015-05-06,15295000,250243,3416,2,
NSC,2015-11-05,15288378,-6622,3416,2,
NSC,2016-07-05,15283528,-4850,3416,2,
NSC,2018-06-15,15282528,-1000,3416,2,
NSC,2018-10-02,17574907,2292379,3416,2,
NSC,2018-10-25,17574516,-391,3416,2,
PFL,2013-01-02,50000000,,3406,0,first_obs
QBS,2014-11-13,32000000,,2947,1,first_obs
QBS,2015-10-05,64000000,32000000,2947,1,
QBS,2015-12-03,63999928,-72,2947,1,tiny_delta
QBS,2017-01-17,69329928,5330000,2947,1,
AAT,2021-03-24,34800000,,1374,0,first_obs
AAT,2021-10-14,38802000,4002000,1374,0,
AAT,2021-10-27,38801489,-511,1374,0,
AAT,2021-12-20,63801489,25000000,1374,0,
AAT,2023-07-04,70819652,7018163,1374,0,
AAT,2023-07-11,70819103,-549,1374,0,tiny_delta
ILA,2017-11-28,10000000,,2202,1,first_obs
ILA,2018-10-12,12000000,2000000,2202,1,
ILA,2018-10-24,11999993,-7,2202,1,tiny_delta
ILA,2018-12-25,16999993,5000000,2202,1,
ILA,2021-12-14,18529992,1529999,2202,1,
ILA,2021-12-29,18529939,-53,2202,1,tiny_delta
ILA,2024-10-08,19641735,1111796,2202,1,
ILA,2024-10-22,19641431,-304,2202,1,
DIH,2013-01-02,2890842,,3424,2,first_obs
DIH,2013-08-09,2900242,9400,3424,2,
DIH,2016-08-08,2915242,15000,3424,2,
DIH,2018-08-28,3177614,262372,3424,2,
DIH,2018-09-07,3177576,-38,3424,2,
DIH,2018-11-23,5910262,2732686,3424,2,
DIH,2024-02-01,5994962,84700,3424,2,
DIH,2024-07-09,6894206,899244,3424,2,
DIH,2024-07-18,6894164,-42,3424,2,tiny_delta
DIH,2026-07-06,7928288,1034124,3424,2,
DIH,2026-07-13,7928159,-129,3424,2,
PLP,2017-08-21,15000000,,2272,1,first_obs
PLP,2019-02-18,31500000,16500000,2272,1,
PLP,2019-04-16,26500000,-5000000,2272,1,
PLP,2019-04-23,25000000,-1500000,2272,1,
PLP,2020-08-13,40000000,15000000,2272,1,
PLP,2020-08-27,39999847,-153,2272,1,tiny_delta
PLP,2022-01-18,59999847,20000000,2272,1,
PLP,2022-08-26,69999847,10000000,2272,1,
PLP,2025-12-02,89999847,20000000,2272,1,
PBC,2019-11-26,40000000,,1703,0,first_obs
PBC,2020-09-30,90000000,50000000,1703,0,
PBC,2021-12-15,110000000,20000000,1703,0,
PBC,2022-08-19,113300000,3300000,1703,0,
PBC,2022-08-29,113299902,-98,1703,0,tiny_delta
PBC,2025-08-01,116698899,3398997,1703,0,
PBC,2025-08-08,116698448,-451,1703,0,tiny_delta
TDG,2017-06-15,12900000,,2319,1,first_obs
TDG,2018-10-15,16770000,3870000,2319,1,
TDG,2023-03-10,18447000,1677000,2319,1,
TDG,2023-03-20,18446831,-169,2319,1,tiny_delta
TDG,2023-12-01,19369172,922341,2319,1,
TDG,2024-10-21,23243006,3873834,2319,1,
TDG,2024-10-25,23242732,-274,2319,1,
TDG,2025-01-23,24211190,968458,2319,1,
OCH,2013-01-02,100000000,,3424,0,first_obs
OCH,2013-07-26,200000000,100000000,3424,0,
LDP,2013-01-02,3399959,,3423,2,first_obs
LDP,2015-05-07,3399927,-32,3423,2,tiny_delta
LDP,2016-12-19,6799854,3399927,3423,2,
LDP,2017-06-09,7830031,1030177,3423,2,
LDP,2017-06-21,7829926,-105,3423,2,
LDP,2020-07-29,13389173,5559247,3423,2,
LDP,2020-09-28,12703135,-686038,3423,2,
LDP,2025-07-01,13338135,635000,3423,2,
LDP,2025-10-30,18728135,5390000,3423,2,
DMC,2013-01-02,17809336,,3424,1,first_obs
DMC,2014-01-17,26714004,8904668,3424,1,
DMC,2014-01-27,26713797,-207,3424,1,tiny_delta
DMC,2016-06-16,34727936,8014139,3424,1,
DMC,2016-06-29,34727465,-471,3424,1,
ITQ,2013-01-02,10000000,,3424,1,first_obs
ITQ,2014-05-21,10300000,300000,3424,1,
ITQ,2014-07-16,15506000,5206000,3424,1,
ITQ,2014-10-03,15505998,-2,3424,1,tiny_delta
ITQ,2015-06-10,23843330,8337332,3424,1,
ITQ,2015-08-25,23843305,-25,3424,1,tiny_delta
ITQ,2020-05-18,22123705,-1719600,3424,1,
ITQ,2021-04-09,23843305,1719600,3424,1,
ITQ,2022-02-15,31843305,8000000,3424,1,
VCR,2013-01-02,35240000,,3419,1,first_obs
VCR,2019-08-15,35402100,162100,3419,1,
VCR,2019-12-11,36000000,597900,3419,1,
VCR,2020-12-14,180000000,144000000,3419,1,
VCR,2021-08-09,210000000,30000000,3419,1,
VUA,2022-01-25,33900000,,1161,0,first_obs
VUA,2026-01-28,200000000,166100000,1161,0,
PXI,2013-01-02,57500000,,3416,0,first_obs
PXI,2013-02-28,30000000,-27500000,3416,0,
VRC,2013-01-02,14181142,,3424,1,first_obs
VRC,2013-03-19,14011142,-170000,3424,1,
VRC,2014-11-17,14211142,200000,3424,1,
VRC,2015-05-06,14262142,51000,3424,1,
VRC,2016-02-29,14316142,54000,3424,1,
VRC,2016-03-03,14308142,-8000,3424,1,
VRC,2016-11-10,14327642,19500,3424,1,
VRC,2016-11-14,14362142,34500,3424,1,
VRC,2016-11-16,14401142,39000,3424,1,
VRC,2016-11-17,14440142,39000,3424,1,
VRC,2016-11-22,14472642,32500,3424,1,
VRC,2016-11-23,14487672,15030,3424,1,
VRC,2016-11-24,14504762,17090,3424,1,
VRC,2017-09-12,24658095,10153333,3424,1,
VRC,2017-10-23,50000000,25341905,3424,1,
PXT,2013-01-02,19821510,,3416,0,first_obs
PXT,2014-11-27,20000000,178490,3416,0,
PGC,2013-01-02,34443346,,3424,0,first_obs
PGC,2013-02-06,50287284,15843938,3424,0,
PGC,2013-03-01,50284150,-3134,3424,0,
PGC,2015-12-28,60340980,10056830,3424,0,
PGC,2016-02-18,60339285,-1695,3424,0,
KMR,2013-01-02,34397626,,3424,1,first_obs
KMR,2014-04-29,34396788,-838,3424,1,
KMR,2014-12-03,40396788,6000000,3424,1,
KMR,2014-12-19,44436466,4039678,3424,1,
KMR,2014-12-30,44435434,-1032,3424,1,
KMR,2015-06-18,48878977,4443543,3424,1,
KMR,2015-07-16,48877807,-1170,3424,1,
KMR,2017-01-18,56877807,8000000,3424,1,
PTC,2013-01-02,9500000,,3424,0,first_obs
PTC,2013-12-23,10000000,500000,3424,0,
PTC,2015-07-09,18000000,8000000,3424,0,
PTC,2015-07-27,17999999,-1,3424,0,tiny_delta
PTC,2017-10-20,16209999,-1790000,3424,0,
PTC,2020-10-01,16184299,-25700,3424,0,
PTC,2022-01-12,17884299,1700000,3424,0,
PTC,2022-04-26,32191738,14307439,3424,0,
PTC,2022-05-05,32191624,-114,3424,0,tiny_delta
WSS,2013-01-02,50300000,,3424,0,first_obs
THT,2013-01-02,13649738,,3424,1,first_obs
THT,2016-06-07,24569528,10919790,3424,1,
THT,2016-06-20,24569052,-476,3424,1,
HND,2016-10-05,500000000,,2491,0,first_obs
INN,2013-01-02,8100000,,3424,1,first_obs
INN,2014-05-15,10800000,2700000,3424,1,
INN,2018-08-21,17280000,6480000,3424,1,
INN,2019-01-07,18000000,720000,3424,1,
INN,2020-12-21,17958000,-42000,3424,1,
INN,2023-08-23,17956000,-2000,3424,1,
INN,2025-07-07,17983800,27800,3424,1,
INN,2025-08-28,18000000,16200,3424,1,
INN,2025-09-25,27000000,9000000,3424,1,
VNG,2013-01-02,13000189,,3424,2,first_obs
VNG,2017-02-02,75205031,62204842,3424,2,
VNG,2018-09-27,79718480,4513449,3424,2,
VNG,2018-12-04,83704405,3985925,3424,2,
VNG,2019-08-08,92666608,8962203,3424,2,
VNG,2020-01-07,97276608,4610000,3424,2,
TMS,2013-01-02,23073824,,3424,2,first_obs
TMS,2015-05-08,23766039,692215,3424,2,
TMS,2016-02-05,26610571,2844532,3424,2,
TMS,2016-04-11,26600713,-9858,3424,2,
TMS,2016-06-21,30590780,3990067,3424,2,
TMS,2016-07-06,30590201,-579,3424,2,
TMS,2016-09-30,31255465,665264,3424,2,
TMS,2017-02-27,34554450,3298985,3424,2,
TMS,2017-08-04,34552723,-1727,3424,2,
TMS,2018-04-05,43191335,8638612,3424,2,
TMS,2018-05-18,43190426,-909,3424,2,
TMS,2018-10-19,47509416,4318990,3424,2,
TMS,2018-10-31,47508888,-528,3424,2,
TMS,2019-07-04,54203873,6694985,3424,2,
TMS,2019-09-19,54869138,665265,3424,2,
TMS,2020-02-18,63099508,8230370,3424,2,
TMS,2020-03-04,63098791,-717,3424,2,
TMS,2020-06-22,70434542,7335751,3424,2,
TMS,2020-10-16,63098791,-7335751,3424,2,
TMS,2020-10-20,63474791,376000,3424,2,
TMS,2020-11-02,70810542,7335751,3424,2,
TMS,2020-12-16,81432123,10621581,3424,2,
TMS,2020-12-31,81431316,-807,3424,2,tiny_delta
TMS,2021-09-23,93646013,12214697,3424,2,
TMS,2021-10-05,93645232,-781,3424,2,tiny_delta
TMS,2022-01-10,105859929,12214697,3424,2,
TMS,2023-01-18,121738918,15878989,3424,2,
TMS,2023-02-03,121738226,-692,3424,2,tiny_delta
TMS,2023-10-04,158259693,36521467,3424,2,
TMS,2023-10-13,158258909,-784,3424,2,tiny_delta
TMS,2024-09-23,169337032,11078123,3424,2,
TMS,2024-10-08,169336335,-697,3424,2,tiny_delta
TMS,2026-01-26,172723061,3386726,3424,2,
TMS,2026-02-11,172722568,-493,3424,2,tiny_delta
TMS,2026-09-25,184813147,12090579,3424,2,
PVV,2013-01-02,30000000,,3418,0,first_obs
PGS,2013-01-02,38000000,,3424,0,first_obs
PGS,2015-03-17,50000000,12000000,3424,0,
PGS,2015-03-27,49998794,-1206,3424,0,
HDA,2013-01-02,2200000,,3424,0,first_obs
HDA,2013-10-30,2970000,770000,3424,0,
HDA,2015-02-27,5940000,2970000,3424,0,
HDA,2015-05-28,5900000,-40000,3424,0,
HDA,2015-06-11,11500000,5600000,3424,0,
HDA,2022-03-07,23000000,11500000,3424,0,
HDA,2022-12-09,27600000,4600000,3424,0,
HDA,2022-12-19,27599967,-33,3424,0,tiny_delta
HDA,2026-06-17,30359963,2759996,3424,0,
HDA,2026-06-30,30359909,-54,3424,0,tiny_delta
FTM,2017-02-06,50000000,,2401,0,first_obs
OPC,2013-01-02,12856860,,3424,1,first_obs
OPC,2014-03-17,12806860,-50000,3424,1,
OPC,2014-04-03,12797860,-9000,3424,1,
OPC,2014-10-27,12856860,59000,3424,1,
OPC,2014-11-14,19285290,6428430,3424,1,
OPC,2014-11-26,19285104,-186,3424,1,tiny_delta
OPC,2015-08-17,20249357,964253,3424,1,
OPC,2015-09-30,25311696,5062339,3424,1,
OPC,2018-08-07,26577280,1265584,3424,1,
OPC,2022-07-21,64051245,37473965,3424,1,
OPC,2022-08-02,64050892,-353,3424,1,tiny_delta
OPC,2026-07-09,74939543,10888651,3424,1,
OPC,2026-07-23,74939163,-380,3424,1,tiny_delta
SFI,2013-01-02,8704480,,3424,3,first_obs
SFI,2014-07-17,9139704,435224,3424,3,
SFI,2014-08-12,10317704,1178000,3424,3,
SFI,2015-04-23,10307708,-9996,3424,3,
SFI,2015-08-24,10823086,515378,3424,3,
SFI,2015-10-22,10793079,-30007,3424,3,
SFI,2016-05-06,10703077,-90002,3424,3,
SFI,2016-12-27,11238230,535153,3424,3,
SFI,2017-12-13,11800235,562005,3424,3,
SFI,2018-12-24,12390149,589914,3424,3,
SFI,2019-06-25,12365149,-25000,3424,3,
SFI,2019-07-11,14223671,1858522,3424,3,
SFI,2019-07-31,14219565,-4106,3424,3,
SFI,2019-10-24,14214565,-5000,3424,3,
SFI,2020-03-16,14925293,710728,3424,3,
SFI,2020-05-21,14865293,-60000,3424,3,
SFI,2020-08-05,14835293,-30000,3424,3,
SFI,2020-08-21,13355293,-1480000,3424,3,
SFI,2021-05-20,14023057,667764,3424,3,
SFI,2022-08-09,21034585,7011528,3424,3,
SFI,2022-08-15,21034319,-266,3424,3,
SFI,2022-12-15,22086034,1051715,3424,3,
SFI,2024-05-10,23157034,1071000,3424,3,
SFI,2025-07-10,24312034,1155000,3424,3,
SFI,2026-08-13,24647034,335000,3424,3,
HMC,2013-01-02,21000000,,3424,0,first_obs
HMC,2022-06-21,27300000,6300000,3424,0,
HMC,2022-06-27,27299999,-1,3424,0,tiny_delta
UDJ,2013-01-02,16500000,,3424,1,first_obs
UDJ,2015-07-23,14851015,-1648985,3424,1,
UDJ,2017-01-06,14610840,-240175,3424,1,
UDJ,2021-03-25,16500000,1889160,3424,1,
WSB,2013-01-02,14500000,,3424,0,first_obs
TRA,2013-01-02,12336691,,3424,1,first_obs
TRA,2013-05-29,24673381,12336690,3424,1,
TRA,2013-08-07,24673327,-54,3424,1,tiny_delta
TRA,2016-06-10,34542620,9869293,3424,1,
TRA,2016-06-22,34542383,-237,3424,1,tiny_delta
TRA,2017-05-15,41450859,6908476,3424,1,
TRA,2017-05-25,41450540,-319,3424,1,tiny_delta
TRA,2026-07-21,82901080,41450540,3424,1,
DNW,2016-03-16,100000000,,2632,0,first_obs
DNW,2021-01-20,120000000,20000000,2632,0,
VNH,2013-01-02,8023071,,3417,0,first_obs
VKC,2013-01-02,13000063,,3417,2,first_obs
VKC,2016-08-01,20000133,7000070,3417,2,
VKC,2019-02-27,19279000,-721133,3417,2,
UDC,2013-01-02,34706000,,3417,0,first_obs
SD9,2013-01-02,29250000,,3424,1,first_obs
SD9,2014-02-26,30566343,1316343,3424,1,
SD9,2016-07-04,34234256,3667913,3424,1,
SD9,2016-07-29,34234000,-256,3424,1,tiny_delta
SBV,2017-05-16,20480000,,2341,0,first_obs
SBV,2017-12-20,27306666,6826666,2341,0,
SBV,2018-01-02,27306476,-190,2341,0,tiny_delta
SBV,2020-12-14,27323976,17500,2341,0,
SBV,2025-12-25,28690175,1366199,2341,0,
SBV,2026-01-07,28690058,-117,2341,0,tiny_delta
SMT,2013-01-02,2931724,,3424,1,first_obs
SMT,2013-06-21,3078310,146586,3424,1,
SMT,2013-09-12,3078153,-157,3424,1,
SMT,2014-11-19,4001598,923445,3424,1,
SMT,2015-06-04,4481789,480191,3424,1,
SMT,2015-06-29,4481600,-189,3424,1,
SMT,2016-09-20,5467432,985832,3424,1,
SMT,2025-08-08,6560918,1093486,3424,1,
SMT,2025-08-21,6560739,-179,3424,1,
DDN,2013-01-02,2800000,,3424,3,first_obs
DDN,2014-07-08,5040131,2240131,3424,3,
DDN,2016-11-04,8820003,3779872,3424,3,
DDN,2017-03-27,8793896,-26107,3424,3,
DDN,2018-07-06,10112980,1319084,3424,3,
DDN,2018-07-19,10112877,-103,3424,3,
DDN,2019-06-27,12135194,2022317,3424,3,
DDN,2019-07-05,12134474,-720,3424,3,
DDN,2021-11-12,13954645,1820171,3424,3,
DDN,2021-11-25,13954315,-330,3424,3,
DDN,2022-06-16,15349746,1395431,3424,3,
DDN,2022-06-29,15349328,-418,3424,3,
DDN,2025-06-12,16116794,767466,3424,3,
DDN,2025-06-26,16116383,-411,3424,3,
SHA,2013-01-21,8000000,,3406,2,first_obs
SHA,2015-09-22,18000106,10000106,3406,2,
SHA,2016-09-30,20160000,2159894,3406,2,
SHA,2017-10-27,22579200,2419200,3406,2,
SHA,2017-12-05,27579490,5000290,3406,2,
SHA,2019-10-11,30337120,2757630,3406,2,
SHA,2020-11-11,31853976,1516856,3406,2,
SHA,2021-12-07,33446675,1592699,3406,2,
SHA,2025-10-09,35119009,1672334,3406,2,
SHA,2025-10-17,35118632,-377,3406,2,
VID,2013-01-02,25522840,,3424,1,first_obs
VID,2018-11-26,28075043,2552203,3424,1,
VID,2018-12-05,28073939,-1104,3424,1,
VID,2020-09-14,30881332,2807393,3424,1,
VID,2020-09-22,30880070,-1262,3424,1,
VID,2021-06-30,35512080,4632010,3424,1,
VID,2021-07-07,35510789,-1291,3424,1,
VID,2022-07-05,40837407,5326618,3424,1,
VID,2022-07-14,40836069,-1338,3424,1,
PGI,2013-01-02,69464458,,3424,1,first_obs
PGI,2013-07-18,69353088,-111370,3424,1,
PGI,2014-11-24,69577356,224268,3424,1,
PGI,2016-05-16,70974218,1396862,3424,1,
PGI,2017-08-08,88717773,17743555,3424,1,
PGI,2022-03-24,110897216,22179443,3424,1,
PGI,2022-04-04,110896796,-420,3424,1,tiny_delta
PRT,2018-05-07,300000000,,2096,0,first_obs
TMT,2013-01-02,28040536,,3424,1,first_obs
TMT,2014-05-13,30429590,2389054,3424,1,
TMT,2014-05-30,30429417,-173,3424,1,tiny_delta
TMT,2016-03-22,31929437,1500020,3424,1,
TMT,2016-06-01,33525887,1596450,3424,1,
TMT,2016-06-14,33525706,-181,3424,1,tiny_delta
TMT,2016-09-29,36878276,3352570,3424,1,
TMT,2016-10-11,36877980,-296,3424,1,tiny_delta
SVD,2021-02-02,12900000,,1405,0,first_obs
SVD,2022-03-01,25800000,12900000,1405,0,
SVD,2022-11-09,27606000,1806000,1405,0,
SVD,2022-11-15,27605908,-92,1405,0,tiny_delta
NVT,2013-01-02,60500000,,3424,0,first_obs
NVT,2013-04-03,90500000,30000000,3424,0,
TYA,2013-01-02,27892059,,3424,1,first_obs
TYA,2016-07-06,30681215,2789156,3424,1,
TYA,2016-07-14,30680582,-633,3424,1,
SDD,2013-01-02,16007685,,3415,0,first_obs
SDD,2015-05-07,16007334,-351,3415,0,
MCG,2013-01-02,52050000,,3417,0,first_obs
MCG,2026-05-14,57510000,5460000,3417,0,
NDT,2018-09-11,13600000,,2007,0,first_obs
NDT,2022-08-24,15640000,2040000,2007,0,
NDT,2022-09-06,15639976,-24,2007,0,tiny_delta
CDO,2015-03-09,20000000,,2845,1,first_obs
CDO,2016-09-21,33000000,13000000,2845,1,
CDO,2016-09-29,32999970,-30,2845,1,tiny_delta
CDO,2016-10-28,31504975,-1494995,2845,1,
SWC,2013-01-02,67100000,,3424,0,first_obs
ADG,2019-12-26,7400000,,1672,0,first_obs
ADG,2020-03-03,8288000,888000,1672,0,
ADG,2020-07-16,17819200,9531200,1672,0,
ADG,2020-08-11,18003657,184457,1672,0,
ADG,2020-08-25,18000333,-3324,1672,0,
ADG,2021-08-06,19800366,1800033,1672,0,
ADG,2021-08-17,19889098,88732,1672,0,
ADG,2022-11-17,21389098,1500000,1672,0,
ADG,2022-11-24,21380521,-8577,1672,0,
DTA,2013-01-02,10000000,,3423,2,first_obs
DTA,2016-11-21,15000000,5000000,3423,2,
DTA,2018-09-13,17200000,2200000,3423,2,
DTA,2019-12-30,18060000,860000,3423,2,
DTA,2020-01-13,18059832,-168,3423,2,tiny_delta
DTA,2026-03-04,19504618,1444786,3423,2,
DTA,2026-03-13,19504499,-119,3423,2,tiny_delta
DBT,2013-01-02,2948500,,3419,2,first_obs
DBT,2014-07-11,3000000,51500,3419,2,
DBT,2014-08-20,7000000,4000000,3419,2,
DBT,2014-09-24,6999895,-105,3419,2,
DBT,2015-11-26,7699884,699989,3419,2,
DBT,2015-12-22,7699808,-76,3419,2,tiny_delta
DBT,2016-12-20,11934702,4234894,3419,2,
DBT,2017-02-21,12314494,379792,3419,2,
DBT,2019-08-16,13528814,1214320,3419,2,
DBT,2021-01-05,14205254,676440,3419,2,
DBT,2021-01-13,14205116,-138,3419,2,tiny_delta
DBT,2023-01-30,15625627,1420511,3419,2,
DBT,2023-02-08,15625477,-150,3419,2,tiny_delta
DBT,2023-08-22,16325477,700000,3419,2,
DBT,2024-07-05,18611043,2285566,3419,2,
DBT,2024-07-15,18610650,-393,3419,2,
DBT,2024-12-16,19610650,1000000,3419,2,
DBT,2024-12-24,20530650,920000,3419,2,
DBT,2025-09-19,21967795,1437145,3419,2,
DBT,2025-09-29,21967262,-533,3419,2,
TDT,2018-07-18,8015040,,2045,1,first_obs
TDT,2019-11-13,11621808,3606768,2045,1,
TDT,2020-01-10,11621797,-11,2045,1,tiny_delta
TDT,2020-06-25,13946156,2324359,2045,1,
TDT,2020-07-06,13946144,-12,2045,1,tiny_delta
TDT,2021-11-09,20686779,6740635,2045,1,
TDT,2021-12-27,21336732,649953,2045,1,
TDT,2022-08-31,23897139,2560407,2045,1,
TDT,2022-09-15,23896534,-605,2045,1,
ACM,2015-07-23,51000000,,2787,0,first_obs
BTS,2013-01-02,109056192,,3424,0,first_obs
BTS,2017-09-08,119961811,10905619,3424,0,
BTS,2017-09-25,119961769,-42,3424,0,tiny_delta
BTS,2020-09-25,123560622,3598853,3424,0,
BTS,2020-10-07,123559858,-764,3424,0,tiny_delta
HOM,2013-01-02,69228600,,3424,0,first_obs
HOM,2020-10-02,71997744,2769144,3424,0,
HOM,2020-10-05,71997731,-13,3424,0,tiny_delta
PGD,2013-01-02,42900000,,3424,0,first_obs
PGD,2014-05-22,56966666,14066666,3424,0,
PGD,2014-09-10,59999045,3032379,3424,0,
PGD,2015-12-16,89998567,29999522,3424,0,
PGD,2015-12-24,89998070,-497,3424,0,tiny_delta
PGD,2023-07-20,98997877,8999807,3424,0,
PGD,2023-08-02,98997311,-566,3424,0,tiny_delta
PVM,2016-12-20,38638600,,2437,0,first_obs
MAC,2013-01-02,5499811,,3424,2,first_obs
MAC,2013-12-13,6159788,659977,3424,2,
MAC,2014-01-02,6333123,173335,3424,2,
MAC,2015-10-02,13109564,6776441,3424,2,
MAC,2015-12-14,13109009,-555,3424,2,
MAC,2016-06-10,14419880,1310871,3424,2,
MAC,2016-06-21,14419301,-579,3424,2,
MAC,2018-08-30,15140253,720952,3424,2,
MAC,2018-09-12,15139745,-508,3424,2,
MAC,2025-05-14,22709617,7569872,3424,2,
MAC,2025-05-26,22709408,-209,3424,2,tiny_delta
MAC,2025-11-27,45418816,22709408,3424,2,
MAC,2025-12-31,43956069,-1462747,3424,2,
MAC,2026-05-11,48351675,4395606,3424,2,
MAC,2026-05-19,48351334,-341,3424,2,tiny_delta
MPT,2016-01-15,9600123,,2664,2,first_obs
MPT,2016-10-25,15552216,5952093,2664,2,
MPT,2019-06-28,17107200,1554984,2664,2,
MPT,2019-07-10,17107164,-36,2664,2,tiny_delta
NDX,2013-07-17,4120000,,3293,0,first_obs
NDX,2014-08-22,4408400,288400,3293,0,
NDX,2014-09-30,4408376,-24,3293,0,tiny_delta
NDX,2015-11-25,6612564,2204188,3293,0,
NDX,2016-02-02,4859793,-1752771,3293,0,
NDX,2017-06-16,5345772,485979,3293,0,
NDX,2017-07-17,5345747,-25,3293,0,tiny_delta
NDX,2018-05-23,4945747,-400000,3293,0,
NDX,2018-06-18,5687609,741862,3293,0,
NDX,2018-07-25,5687557,-52,3293,0,tiny_delta
NDX,2020-11-03,9587557,3900000,3293,0,
SGB,2020-10-15,308000000,,1482,0,first_obs
SGB,2024-04-24,338800000,30800000,1482,0,
SGB,2024-05-08,338799141,-859,1482,0,tiny_delta
SGB,2025-12-17,360821085,22021944,1482,0,
SGB,2025-12-25,360819732,-1353,1482,0,tiny_delta
DNP,2013-01-02,3427637,,3423,2,first_obs
DNP,2014-03-12,3415127,-12510,3423,2,
DNP,2014-09-26,3427627,12500,3423,2,
DNP,2014-12-26,6786711,3359084,3423,2,
DNP,2015-03-10,6761951,-24760,3423,2,
DNP,2015-03-13,6786573,24622,3423,2,
DNP,2015-03-17,6786445,-128,3423,2,
DNP,2015-04-01,6786573,128,3423,2,
DNP,2015-06-29,7872425,1085852,3423,2,
DNP,2015-07-15,7872131,-294,3423,2,
DNP,2015-08-17,13507166,5635035,3423,2,
DNP,2016-06-22,27014262,13507096,3423,2,
DNP,2016-08-11,27013714,-548,3423,2,
DNP,2016-12-16,30005614,2991900,3423,2,
DNP,2017-07-04,49509262,19503648,3423,2,
DNP,2017-12-07,50009262,500000,3423,2,
DNP,2018-07-04,88009269,38000007,3423,2,
DNP,2018-08-23,88008525,-744,3423,2,tiny_delta
DNP,2019-01-07,98008525,10000000,3423,2,
DNP,2019-01-11,100008525,2000000,3423,2,
DNP,2019-03-21,99999725,-8800,3423,2,
DNP,2020-09-29,109999697,9999972,3423,2,
DNP,2020-11-20,109145683,-854014,3423,2,
DNP,2021-12-01,120060251,10914568,3423,2,
DNP,2021-12-31,118901103,-1159148,3423,2,
DNP,2024-07-11,140966036,22064933,3423,2,
CLC,2013-01-02,13103830,,3424,0,first_obs
CLC,2018-01-29,26207660,13103830,3424,0,
CLC,2018-02-13,26207583,-77,3424,0,tiny_delta
STG,2013-01-02,8351857,,3424,2,first_obs
STG,2015-09-14,13780563,5428706,3424,2,
STG,2015-09-29,13780349,-214,3424,2,
STG,2015-12-16,27560761,13780412,3424,2,
STG,2016-08-01,85438162,57877401,3424,2,
STG,2016-09-21,85437975,-187,3424,2,tiny_delta
STG,2018-12-27,98253560,12815585,3424,2,
STG,2019-01-10,98253357,-203,3424,2,tiny_delta
PDB,2015-08-03,8100000,,2787,0,first_obs
PDB,2017-07-17,8910000,810000,2787,0,
PDB,2017-07-28,8909981,-19,2787,0,tiny_delta
SDP,2013-01-02,11114472,,3418,0,first_obs
VCA,2013-01-02,15187322,,3413,0,first_obs
SEA,2016-12-23,124990500,,2433,0,first_obs
PTI,2013-01-02,50395709,,3424,0,first_obs
PTI,2015-07-13,80395709,30000000,3424,0,
PTI,2025-01-17,120593563,40197854,3424,0,
PTI,2025-01-24,120592129,-1434,3424,0,
PMB,2015-10-07,12000000,,2740,0,first_obs
FDC,2013-01-02,21238386,,3424,1,first_obs
FDC,2013-08-01,26548054,5309668,3424,1,
FDC,2013-09-24,27609988,1061934,3424,1,
FDC,2016-10-12,38629988,11020000,3424,1,
FDC,2020-09-16,38623488,-6500,3424,1,
CVT,2013-01-02,7794100,,3420,1,first_obs
CVT,2014-08-14,8000000,205900,3420,1,
CVT,2014-10-31,16000000,8000000,3420,1,
CVT,2015-06-10,19200000,3200000,3420,1,
CVT,2015-07-02,19199968,-32,3420,1,tiny_delta
CVT,2017-01-05,20159966,959998,3420,1,
CVT,2017-05-17,28223952,8063986,3420,1,
CVT,2017-06-06,28223903,-49,3420,1,tiny_delta
CVT,2018-05-15,36691073,8467170,3420,1,
CVT,2018-06-01,36690887,-186,3420,1,tiny_delta
ILB,2019-05-15,24502245,,1841,0,first_obs
ILB,2025-03-06,38202245,13700000,1841,0,
ILB,2025-03-13,38199492,-2753,1841,0,
SFG,2014-12-01,43543306,,2950,1,first_obs
SFG,2016-08-24,47897637,4354331,2950,1,
SFG,2016-09-06,47897333,-304,2950,1,tiny_delta
VCC,2013-01-02,6000000,,3424,1,first_obs
VCC,2016-12-08,12000000,6000000,3424,1,
VCC,2023-09-25,24000000,12000000,3424,1,
BVG,2013-01-02,9750948,,3294,0,first_obs
DS3,2017-08-21,10669730,,2271,0,first_obs
TNS,2017-01-06,20000000,,2425,0,first_obs
APC,2013-01-02,11440600,,3415,2,first_obs
APC,2014-10-02,11448000,7400,3415,2,
APC,2014-11-07,12020400,572400,3415,2,
APC,2015-03-04,12014590,-5810,3415,2,
APC,2015-05-04,11822620,-191970,3415,2,
APC,2015-05-28,11821390,-1230,3415,2,
APC,2015-06-18,11819380,-2010,3415,2,
APC,2016-07-04,11804030,-15350,3415,2,
APC,2019-11-04,23608060,11804030,3415,2,
APC,2019-12-30,19905025,-3703035,3415,2,
DNM,2013-01-02,3014362,,3414,0,first_obs
DNM,2014-04-03,4019149,1004787,3414,0,
DNM,2014-09-10,4169149,150000,3414,0,
DNM,2014-10-01,4169148,-1,3414,0,tiny_delta
DNM,2015-11-06,4377605,208457,3414,0,
DNM,2022-06-27,5253126,875521,3414,0,
DNM,2022-07-11,5253070,-56,3414,0,
BAX,2017-03-24,8200000,,2375,0,first_obs
LPT,2021-04-08,8000000,,1363,0,first_obs
LPT,2022-03-30,12000000,4000000,1363,0,
MLS,2016-12-28,4000000,,2426,0,first_obs
SD6,2013-01-02,19223711,,3415,1,first_obs
SD6,2014-02-18,30823711,11600000,3415,1,
SD6,2014-05-16,19223711,-11600000,3415,1,
SD6,2014-05-20,34771611,15547900,3415,1,
SKH,2017-10-25,7951640,,2226,0,first_obs
SKH,2018-05-18,33000000,25048360,2226,0,
SD3,2013-12-24,15999356,,3180,0,first_obs
VMD,2013-01-02,8440268,,3424,1,first_obs
VMD,2016-12-20,11940268,3500000,3424,1,
VMD,2017-05-05,15440268,3500000,3424,1,
SDT,2013-01-02,21060000,,3416,0,first_obs
SDT,2013-12-27,27378000,6318000,3416,0,
SDT,2014-01-10,27377996,-4,3416,0,tiny_delta
SDT,2014-03-18,35663710,8285714,3416,0,
SDT,2014-05-22,39945403,4281693,3416,0,
SDT,2014-12-12,42732311,2786908,3416,0,
POS,2016-11-25,40000000,,2454,0,first_obs
POS,2025-09-29,46000000,6000000,2454,0,
POS,2025-10-08,45999965,-35,2454,0,tiny_delta
VE9,2013-01-02,7200088,,3418,1,first_obs
VE9,2014-12-10,7848167,648079,3418,1,
VE9,2014-12-22,7847929,-238,3418,1,
VE9,2015-08-17,23543787,15695858,3418,1,
VE9,2015-10-29,11596165,-11947622,3418,1,
VE9,2016-07-04,12523858,927693,3418,1,
VE9,2016-07-22,12523613,-245,3418,1,
VE9,2020-09-01,12023613,-500000,3418,1,
SZB,2019-12-20,30000000,,1686,0,first_obs
TCT,2013-01-02,3197000,,3417,0,first_obs
TCT,2014-01-06,6394000,3197000,3417,0,
TCT,2014-10-13,12788000,6394000,3417,0,
TL4,2015-02-04,16008338,,2905,0,first_obs
TL4,2017-04-24,14658338,-1350000,2905,0,
TL4,2024-10-17,15333338,675000,2905,0,
BAB,2017-12-28,500000000,,2176,1,first_obs
BAB,2018-05-23,546204900,46204900,2176,1,
BAB,2018-08-17,550000000,3795100,2176,1,
BAB,2019-10-21,650000000,100000000,2176,1,
BAB,2020-09-07,708500000,58500000,2176,1,
BAB,2021-08-10,753135500,44635500,2176,1,
BAB,2022-07-05,813386340,60250840,2176,1,
BAB,2023-02-13,935394291,122007951,2176,1,
BAB,2023-03-29,833426644,-101967647,2176,1,
BAB,2024-01-11,895933642,62506998,2176,1,
BAB,2025-02-04,958021843,62088201,2176,1,
BAB,2025-07-09,1053824027,95802184,2176,1,
BAB,2025-09-05,1003219052,-50604975,2176,1,
BAB,2026-02-06,1072140201,68921149,2176,1,
BAB,2026-06-25,1152550716,80410515,2176,1,
CIA,2017-11-29,8000000,,2201,1,first_obs
CIA,2018-04-20,9600000,1600000,2201,1,
CIA,2018-05-14,9599982,-18,2201,1,tiny_delta
CIA,2018-10-29,11099982,1500000,2201,1,
CIA,2019-09-11,18209980,7109998,2201,1,
CIA,2019-11-05,19709980,1500000,2201,1,
CIA,2019-12-06,19709904,-76,2201,1,tiny_delta
CIA,2021-01-14,18382143,-1327761,2201,1,
CIA,2022-02-17,18661243,279100,2201,1,
VMC,2013-01-02,6500000,,3424,1,first_obs
VMC,2015-04-20,10000000,3500000,3424,1,
VMC,2018-08-17,20000000,10000000,3424,1,
VMC,2022-07-19,21600000,1600000,3424,1,
VMC,2022-07-27,21599583,-417,3424,1,
VMC,2023-10-27,23759541,2159958,3424,1,
VMC,2023-11-10,23758951,-590,3424,1,
VMC,2024-07-17,26134846,2375895,3424,1,
VMC,2024-07-24,26134132,-714,3424,1,
VMC,2025-11-17,28747545,2613413,3424,1,
VMC,2025-11-21,28747017,-528,3424,1,
SNZ,2017-11-20,376500000,,2206,0,first_obs
SNZ,2018-05-29,376491800,-8200,2206,0,
SCJ,2013-01-02,9758000,,3419,1,first_obs
SCJ,2014-08-13,19516000,9758000,3419,1,
SCJ,2018-12-11,37839000,18323000,3419,1,
SCJ,2023-01-13,57839000,20000000,3419,1,
RIC,2013-01-02,70368754,,3416,0,first_obs
ASG,2020-09-24,63044964,,1491,0,first_obs
ASG,2021-07-07,75653956,12608992,1491,0,
ASG,2021-07-16,75653891,-65,1491,0,tiny_delta
ASG,2024-01-24,90784669,15130778,1491,0,
SRC,2013-01-02,16200000,,3423,1,first_obs
SRC,2013-05-23,18225000,2025000,3423,1,
SRC,2013-06-13,18224994,-6,3423,1,tiny_delta
SRC,2013-07-12,18224216,-778,3423,1,
SRC,2015-06-08,20046637,1822421,3423,1,
SRC,2015-06-23,20045875,-762,3423,1,
SRC,2016-10-07,28064225,8018350,3423,1,
SRC,2016-10-18,28063368,-857,3423,1,
SRC,2026-06-11,36482378,8419010,3423,1,
SRC,2026-06-18,36481727,-651,3423,1,
GIC,2020-11-06,12120000,,1466,0,first_obs
GIC,2026-03-02,25452000,13332000,1466,0,
GIC,2026-03-11,25451988,-12,1466,0,tiny_delta
HAC,2016-10-18,29176390,,2482,0,first_obs
HAC,2026-01-16,129176390,100000000,2482,0,
VIT,2013-01-02,9900000,,3424,0,first_obs
VIT,2015-06-08,15000000,5100000,3424,0,
VIT,2015-09-01,14999664,-336,3424,0,
VIT,2017-08-23,19499664,4500000,3424,0,
VIT,2021-05-24,49999664,30500000,3424,0,
VIT,2026-03-26,68801326,18801662,3424,0,
VIT,2026-06-23,79809592,11008266,3424,0,
VIT,2026-07-08,79808798,-794,3424,0,tiny_delta
ICG,2013-01-02,20000000,,3424,1,first_obs
ICG,2019-04-03,17572000,-2428000,3424,1,
KKC,2013-01-02,4692300,,3424,0,first_obs
KKC,2022-02-23,5200000,507700,3424,0,
KKC,2022-03-24,5199816,-184,3424,0,
GMC,2013-01-02,10583173,,3416,2,first_obs
GMC,2013-02-28,10583171,-2,3416,2,tiny_delta
GMC,2014-05-30,11641488,1058317,3416,2,
GMC,2014-06-19,11641070,-418,3416,2,
GMC,2016-09-23,15521426,3880356,3416,2,
GMC,2016-11-21,15506360,-15066,3416,2,
GMC,2019-06-27,17832314,2325954,3416,2,
GMC,2019-06-28,17831668,-646,3416,2,
GMC,2019-12-02,26747825,8916157,3416,2,
GMC,2020-01-16,26747105,-720,3416,2,
GMC,2020-08-25,29956757,3209652,3416,2,
GMC,2020-09-01,29956020,-737,3416,2,
GMC,2021-08-31,32951622,2995602,3416,2,
GMC,2021-09-10,32950999,-623,3416,2,
DIC,2013-01-02,15911129,,3418,1,first_obs
DIC,2013-09-30,16547574,636445,3418,1,
DIC,2013-10-31,16546865,-709,3418,1,
DIC,2013-11-21,16516865,-30000,3418,1,
DIC,2014-10-14,17081805,564940,3418,1,
DIC,2015-01-15,25081805,8000000,3418,1,
DIC,2015-10-05,26586713,1504908,3418,1,
DIC,2015-10-19,26585840,-873,3418,1,
DIC,2016-07-04,26084560,-501280,3418,1,
PVX,2013-01-02,400000000,,3418,1,first_obs
PVX,2016-08-02,399997029,-2971,3418,1,tiny_delta
YBM,2018-08-21,12999938,,2021,0,first_obs
YBM,2019-09-17,14299931,1299993,2021,0,
YBM,2019-09-27,14299880,-51,2021,0,tiny_delta
YBM,2025-12-02,32174730,17874850,2021,0,
YBM,2025-12-15,32174525,-205,2021,0,tiny_delta
PMG,2018-01-25,33000000,,2161,1,first_obs
PMG,2018-07-31,37950000,4950000,2161,1,
PMG,2018-08-07,37949847,-153,2161,1,tiny_delta
PMG,2019-06-14,42124331,4174484,2161,1,
PMG,2019-06-18,42124094,-237,2161,1,tiny_delta
PMG,2020-08-17,46336503,4212409,2161,1,
PMG,2020-08-21,46336278,-225,2161,1,tiny_delta
MAS,2013-01-02,3008816,,3420,0,first_obs
MAS,2017-02-07,4272493,1263677,3420,0,
MAS,2017-03-31,4267683,-4810,3420,0,
S55,2013-01-02,2490100,,3424,0,first_obs
S55,2013-12-27,2000100,-490000,3424,0,
S55,2014-11-11,2496000,495900,3424,0,
S55,2015-05-13,4992000,2496000,3424,0,
S55,2017-05-15,5990400,998400,3424,0,
S55,2017-06-14,5990349,-51,3424,0,tiny_delta
S55,2018-03-13,10003883,4013534,3424,0,
S55,2018-05-22,10000000,-3883,3424,0,
ATS,2016-03-29,3500000,,2616,0,first_obs
SVC,2013-01-02,24975507,,3424,0,first_obs
SVC,2020-08-19,33300676,8325169,3424,0,
SVC,2020-08-31,33300466,-210,3424,0,tiny_delta
SVC,2022-01-21,33310032,9566,3424,0,
SVC,2022-12-28,66620064,33310032,3424,0,
SVC,2025-09-11,93268090,26648026,3424,0,
SVC,2025-09-22,93267789,-301,3424,0,tiny_delta
HKB,2015-04-08,20000000,,2860,1,first_obs
HKB,2016-03-17,51600020,31600020,2860,1,
HKB,2016-06-01,51599999,-21,2860,1,tiny_delta
DCS,2013-01-02,34773000,,3418,0,first_obs
DCS,2013-01-16,34772988,-12,3418,0,tiny_delta
DCS,2013-02-05,34772687,-301,3418,0,tiny_delta
DCS,2014-01-15,38348699,3576012,3418,0,
DCS,2014-03-24,38309533,-39166,3418,0,
DCS,2015-01-07,60309533,22000000,3418,0,
PVE,2013-01-02,25000000,,3419,0,first_obs
NET,2013-01-02,7999446,,3423,1,first_obs
NET,2014-05-29,15998985,7999539,3423,1,
NET,2016-09-13,22398449,6399464,3423,1,
NET,2016-09-21,22398374,-75,3423,1,tiny_delta
BHN,2016-10-28,231800000,,2468,0,first_obs
TOP,2015-07-23,3900000,,2794,1,first_obs
TOP,2016-02-19,9750031,5850031,2794,1,
TOP,2016-06-16,25350000,15599969,2794,1,
ATG,2016-08-22,15220000,,2513,0,first_obs
CMI,2013-01-02,7426000,,3417,0,first_obs
CMI,2014-02-18,10000000,2574000,3417,0,
CMI,2014-03-04,7426000,-2574000,3417,0,
CMI,2014-04-21,10000000,2574000,3417,0,
CMI,2015-04-17,16000000,6000000,3417,0,
QHD,2013-01-02,4249937,,3424,1,first_obs
QHD,2016-06-23,5524871,1274934,3424,1,
QHD,2016-10-24,5524716,-155,3424,1,
QHD,2025-06-11,6629659,1104943,3424,1,
QHD,2025-06-24,6629489,-170,3424,1,
G20,2015-03-09,9600000,,2879,0,first_obs
G20,2016-01-07,14400000,4800000,2879,0,
G20,2017-03-06,28800000,14400000,2879,0,
G20,2017-05-18,14400000,-14400000,2879,0,
SHP,2013-01-02,93710200,,3419,0,first_obs
SHP,2022-01-20,101207016,7496816,3419,0,
SHP,2022-01-27,101206352,-664,3419,0,tiny_delta
LGC,2013-01-02,8283561,,3424,0,first_obs
LGC,2013-08-01,16567122,8283561,3424,0,
LGC,2013-10-18,15150719,-1416403,3424,0,
LGC,2014-03-14,14732509,-418210,3424,0,
LGC,2014-08-18,22098763,7366254,3424,0,
LGC,2014-09-03,22098745,-18,3424,0,tiny_delta
LGC,2015-01-07,36831242,14732497,3424,0,
LGC,2015-01-27,72531242,35700000,3424,0,
LGC,2015-02-27,72436685,-94557,3424,0,
LGC,2015-03-12,72441275,4590,3424,0,
LGC,2015-05-18,72854765,413490,3424,0,
LGC,2015-09-21,192854765,120000000,3424,0,
LGC,2025-10-20,212140241,19285476,3424,0,
LGC,2025-12-09,212130308,-9933,3424,0,
HJS,2013-01-02,14999989,,3424,0,first_obs
HJS,2015-11-12,20999982,5999993,3424,0,
HJS,2016-01-22,20999900,-82,3424,0,tiny_delta
TJC,2013-01-02,6000000,,3424,0,first_obs
TJC,2015-03-02,9600000,3600000,3424,0,
TJC,2015-05-20,8600000,-1000000,3424,0,
DHP,2013-03-21,9492200,,3373,0,first_obs
ATA,2013-01-02,11999998,,3415,0,first_obs
HMH,2013-01-02,9784784,,3424,0,first_obs
HMH,2015-01-12,9968284,183500,3424,0,
HMH,2015-10-22,12668284,2700000,3424,0,
HMH,2016-01-19,13199847,531563,3424,0,
HMH,2018-08-14,12847647,-352200,3424,0,
HMH,2018-08-15,12908447,60800,3424,0,
HMH,2019-09-09,12847647,-60800,3424,0,
HMH,2025-05-20,13199847,352200,3424,0,
HMH,2025-10-31,13842229,642382,3424,0,
UNI,2013-01-02,9484468,,3424,1,first_obs
UNI,2013-01-08,9182868,-301600,3424,1,
UNI,2013-02-18,14182868,5000000,3424,1,
UNI,2016-05-30,15317497,1134629,3424,1,
UNI,2016-06-08,15316032,-1465,3424,1,
UNI,2021-03-25,15617632,301600,3424,1,
UNI,2025-04-16,42617632,27000000,3424,1,
SMA,2013-01-02,16120000,,3424,1,first_obs
SMA,2018-08-14,19021499,2901499,3424,1,
SMA,2021-01-06,20353004,1331505,3424,1,
SMA,2021-01-14,20352836,-168,3424,1,tiny_delta
LAF,2013-01-02,14728019,,3418,0,first_obs
LAF,2024-07-26,15228019,500000,3418,0,
PCT,2013-01-02,23000000,,3424,0,first_obs
PCT,2022-10-27,27600000,4600000,3424,0,
PCT,2022-11-17,27599896,-104,3424,0,tiny_delta
PCT,2023-07-24,55199792,27599896,3424,0,
PCT,2023-09-08,50035493,-5164299,3424,0,
PCT,2026-04-01,80035493,30000000,3424,0,
EFI,2013-01-02,10742000,,3419,0,first_obs
EFI,2013-05-13,10880000,138000,3419,0,
SD7,2013-01-02,9000000,,3419,0,first_obs
SD7,2016-02-29,10600000,1600000,3419,0,
PXA,2013-01-02,15000000,,3418,0,first_obs
KSD,2013-01-02,12000000,,3424,0,first_obs
VCF,2013-01-02,26579135,,3424,0,first_obs
PHH,2013-01-02,18214000,,3409,0,first_obs
PHH,2013-03-05,18100000,-114000,3409,0,
VST,2013-01-02,58999337,,3401,0,first_obs
VST,2018-01-26,60999337,2000000,3401,0,
VST,2020-12-29,62999337,2000000,3401,0,
VST,2023-02-03,66999337,4000000,3401,0,
VST,2024-11-06,68999337,2000000,3401,0,
EBS,2013-01-02,9387284,,3424,0,first_obs
EBS,2013-01-08,9600184,212900,3424,0,
EBS,2013-07-18,9382384,-217800,3424,0,
EBS,2014-04-07,8535084,-847300,3424,0,
EBS,2014-11-17,7685084,-850000,3424,0,
EBS,2015-08-26,8065584,380500,3424,0,
EBS,2015-12-25,9965584,1900000,3424,0,
TNC,2013-01-02,19250000,,3423,0,first_obs
TIE,2013-01-02,9569900,,3418,0,first_obs
BLF,2013-01-02,5000000,,3415,2,first_obs
BLF,2016-05-24,5500000,500000,3415,2,
BLF,2016-06-29,10500000,5000000,3415,2,
BLF,2019-05-07,11499999,999999,3415,2,
SII,2013-01-02,40000000,,3416,1,first_obs
SII,2013-10-09,58370000,18370000,3416,1,
SII,2017-06-23,64516000,6146000,3416,1,
SII,2020-01-21,101935280,37419280,3416,1,
SII,2020-03-17,64522104,-37413176,3416,1,
