date,foreign_matched_net_bn,foreign_deal_net_bn,proprietary_net_bn,local_institutional_net_bn,local_individual_net_bn,flags
2014-01-02,26.2,8.1,4.1,,,
2014-01-03,20.5,0.0,3.6,,,
2014-01-06,25.3,0.5,4.2,,,
2014-01-07,22.1,0.8,8.7,,,
2014-01-08,36.8,0.8,9.8,,,
2014-01-09,51.2,64.8,0.7,,,
2014-01-10,72.4,5.1,-100.2,,,
2014-01-13,74.2,12.6,-35.1,,,
2014-01-14,74.2,1.4,10.5,,,
2014-01-15,134.8,-1.2,-10.5,,,
2014-01-16,177.0,17.0,12.0,,,
2014-01-17,249.0,-0.8,-18.6,,,
2014-01-20,309.8,0.0,-14.9,,,
2014-01-21,202.5,3.0,-3.1,,,
2014-01-22,175.2,-432.3,34.5,,,
2014-01-23,64.0,58.2,20.1,,,
2014-01-24,135.6,-0.6,12.4,,,
2014-01-27,-8.6,22.2,-2.4,,,
2014-02-06,-92.5,-4.0,-8.0,,,
2014-02-07,30.0,2.5,-4.2,,,
2014-02-10,33.2,-8.5,20.4,,,
2014-02-11,158.0,8.0,-11.6,,,
2014-02-12,85.7,0.9,72.2,,,
2014-02-13,92.5,1.1,-37.3,,,
2014-02-14,121.2,0.3,-187.5,,,
2014-02-17,-54.3,-2.2,-22.2,,,
2014-02-18,100.7,-3.9,-22.4,,,
2014-02-19,63.0,-14.3,-20.6,,,
2014-02-20,186.3,-27.6,-17.6,,,
2014-02-21,67.9,-35.2,24.1,,,
2014-02-24,-5.0,-32.4,52.5,,,
2014-02-25,145.5,0.6,17.7,,,
2014-02-26,57.9,-22.1,-94.6,,,
2014-02-27,69.8,0.4,-39.3,,,
2014-02-28,15.1,0.0,-11.6,,,
2014-03-03,-95.5,3.0,-8.9,,,
2014-03-04,-133.3,0.0,-16.7,,,
2014-03-05,-102.5,0.0,-28.6,,,
2014-03-06,-26.0,-48.1,-44.2,,,
2014-03-07,-5.7,-61.7,-6.1,,,
2014-03-10,-68.7,20.1,19.5,,,
2014-03-11,-38.3,-2.9,-42.8,,,
2014-03-12,-55.0,100.8,-36.5,,,
2014-03-13,-84.8,0.0,-56.9,,,
2014-03-14,-35.2,0.9,19.7,,,
2014-03-17,11.2,10.3,-21.2,,,
2014-03-18,-97.4,101.2,51.2,,,
2014-03-19,-101.3,56.5,-42.3,,,
2014-03-20,-132.8,3.9,-160.9,,,
2014-03-21,-195.4,0.4,-1.6,,,
2014-03-24,-138.0,1.3,-56.9,,,
2014-03-25,-165.9,-441.5,-22.3,,,
2014-03-26,31.4,15.2,-33.6,,,
2014-03-27,-36.4,-57.2,-44.7,,,
2014-03-28,-13.5,11.9,-40.3,,,
2014-03-31,15.5,84.2,-12.1,,,
2014-04-01,80.9,7.0,22.8,,,
2014-04-02,32.0,0.0,46.6,,,
2014-04-03,34.8,6.0,15.8,,,
2014-04-04,-42.1,1499.2,46.5,,,
2014-04-07,-127.1,12.7,-4.6,,,
2014-04-08,-81.3,17.6,3.8,,,
2014-04-10,-160.0,14.1,-6.6,,,
2014-04-11,-178.9,0.0,-26.8,,,
2014-04-14,-99.1,7.1,-3.3,,,
2014-04-15,47.2,-4.6,-25.7,,,
2014-04-16,141.6,2.1,-17.5,,,
2014-04-17,-32.7,-4.6,276.4,,,
2014-04-18,81.0,0.0,28.3,,,
2014-04-21,103.2,0.0,30.7,,,
2014-04-22,71.4,-1.4,-0.7,,,
2014-04-23,81.8,-3.6,-30.7,,,
2014-04-24,14.7,2.3,213.0,,,
2014-04-25,36.5,0.0,1.7,,,
2014-04-28,4.2,0.9,-177.9,,,
2014-04-29,7.6,1.6,7.9,,,
2014-05-05,16.9,0.0,13.6,,,
2014-05-06,52.6,-35.0,8.2,,,
2014-05-07,44.7,5.2,7.7,,,
2014-05-08,242.8,0.7,221.9,,,
2014-05-09,91.1,0.0,-13.0,,,
2014-05-12,224.8,1.7,-29.8,,,
2014-05-13,219.7,2.0,38.2,,,
2014-05-14,218.1,0.0,26.0,,,
2014-05-15,344.6,-21.2,-26.5,,,
2014-05-16,176.3,-33.1,18.4,,,
2014-05-19,158.6,-16.6,-56.7,,,
2014-05-20,26.3,4.3,-7.5,,,
2014-05-21,6.9,-34.3,-21.0,,,
2014-05-22,57.0,-140.3,-6.4,,,
2014-05-23,16.2,0.0,0.1,,,
2014-05-26,37.8,0.0,-205.1,,,
2014-05-27,19.5,13.5,-51.5,,,
2014-05-28,38.3,0.0,-26.5,,,
2014-05-29,121.3,3.7,-10.5,,,
2014-05-30,223.9,-1.8,-30.5,,,
2014-06-02,114.9,0.4,4.7,,,
2014-06-03,80.8,61.0,-51.3,,,
2014-06-04,55.8,0.0,10.4,,,
2014-06-05,10.6,-0.9,24.0,,,
2014-06-06,3.4,2.4,-8.9,,,
2014-06-09,8.2,0.6,-24.2,,,
2014-06-10,39.6,0.2,-21.4,,,
2014-06-11,4.7,21.3,31.3,,,
2014-06-12,37.8,1.7,-36.5,,,
2014-06-13,-4.1,0.0,-10.8,,,
2014-06-16,15.3,0.0,-53.9,,,
2014-06-17,12.9,1.2,-15.9,,,
2014-06-18,95.2,0.0,-5.1,,,
2014-06-19,132.4,0.0,-7.3,,,
2014-06-20,367.5,0.0,-128.8,,,
2014-06-23,45.3,0.0,26.4,,,
2014-06-24,23.1,2.2,-47.6,,,
2014-06-25,37.8,0.0,-53.2,,,
2014-06-26,115.2,1.5,-5.7,,,
2014-06-27,64.2,76.1,-0.6,,,
2014-06-30,33.9,19.7,-61.3,,,
2014-07-01,21.0,10.4,-0.2,,,
2014-07-02,8.2,3.0,-7.4,,,
2014-07-03,-65.5,104.6,0.5,,,
2014-07-04,-63.4,163.3,53.9,,,
2014-07-07,-56.9,92.3,-7.8,,,
2014-07-08,-50.6,0.0,5.9,,,
2014-07-09,-39.5,0.0,30.2,,,
2014-07-10,37.0,0.0,-18.1,,,
2014-07-11,-10.9,0.0,8.3,,,
2014-07-14,-45.5,0.0,12.7,,,
2014-07-15,-77.4,0.0,68.6,,,
2014-07-16,22.9,0.0,67.6,,,
2014-07-17,63.9,7.8,7.5,,,
2014-07-18,-27.2,0.0,-5.8,,,
2014-07-21,0.8,11.5,43.2,,,
2014-07-22,38.7,0.0,1.7,,,
2014-07-23,15.7,0.0,19.3,,,
2014-07-24,50.4,68.2,18.0,,,
2014-07-25,33.8,0.0,11.1,,,
2014-07-28,26.5,0.0,34.6,,,
2014-07-29,40.7,0.0,-29.4,,,
2014-07-30,-4.3,-483.5,12.8,,,
2014-07-31,-23.0,0.0,-33.4,,,
2014-08-01,26.7,0.0,5.6,,,
2014-08-04,30.4,2.2,4.4,,,
2014-08-05,-57.7,0.0,-7.9,,,
2014-08-06,-126.9,-51.0,21.9,,,
2014-08-07,-129.3,3.7,11.0,,,
2014-08-08,-150.4,-95.7,5.8,,,
2014-08-11,-77.9,-68.0,-1.9,,,
2014-08-12,-139.2,0.0,-4.5,,,
2014-08-13,-203.2,1.1,-3.9,,,
2014-08-14,-101.0,-8.8,42.9,,,
2014-08-15,-41.7,1.4,10.4,,,
2014-08-18,-35.5,0.0,-11.1,,,
2014-08-19,-98.7,0.0,29.4,,,
2014-08-20,-60.0,-6.6,0.5,,,
2014-08-21,70.5,6.6,-32.9,,,
2014-08-22,67.3,6.7,-10.4,,,
2014-08-25,108.3,0.0,-24.9,,,
2014-08-26,71.4,-1.0,-28.0,,,
2014-08-27,-134.3,0.0,8.1,,,
2014-08-28,-12.8,-1.4,-5.0,,,
2014-08-29,54.3,847.0,6.7,,,
2014-09-03,242.2,-207.9,35.6,,,
2014-09-04,155.6,0.0,1.4,,,
2014-09-05,-158.8,2.1,-37.9,,,
2014-09-08,38.9,-2.1,5.7,,,
2014-09-09,111.0,7.2,244.0,,,
2014-09-10,-143.6,4.6,28.8,,,
2014-09-11,-31.2,-2.3,-43.7,,,
2014-09-12,-46.1,-3.7,9.0,,,
2014-09-15,73.7,-8.4,-198.9,,,
2014-09-16,-266.5,-1.2,15.0,,,
2014-09-17,-313.3,0.0,-92.7,,,
2014-09-18,-72.3,0.0,109.3,,,
2014-09-19,140.0,-101.5,14.1,,,
2014-09-22,-7.7,152.2,-121.4,,,
2014-09-23,149.6,66.1,-1.3,,,
2014-09-24,-70.2,5.0,-6.8,,,
2014-09-25,-395.4,0.0,10.9,,,
2014-09-26,-9.3,0.0,15.4,,,
2014-09-29,-34.9,0.0,-67.4,,,
2014-09-30,-116.0,4.8,30.3,,,
2014-10-01,-63.6,163.4,13.6,,,
2014-10-02,-3.4,82.0,83.1,,,
2014-10-03,-94.7,-275.6,19.2,,,
2014-10-06,-22.7,27.1,39.6,,,
2014-10-07,-96.9,74.2,-21.9,,,
2014-10-08,-156.9,82.1,-6.2,,,
2014-10-09,-131.4,38.3,-8.7,,,
2014-10-10,0.6,15.0,9.7,,,
2014-10-13,-208.0,-58.2,15.9,,,
2014-10-14,-46.8,17.1,-7.4,,,
2014-10-15,-154.0,38.0,3.0,,,
2014-10-16,-245.1,-6.4,62.3,,,
2014-10-17,-395.3,27.8,-1.5,,,
2014-10-20,-57.4,18.9,8.9,,,
2014-10-21,-30.2,-31.1,8.6,,,
2014-10-22,15.0,18.8,8.5,,,
2014-10-23,-3.3,0.0,19.7,,,
2014-10-24,13.2,4.2,-29.5,,,
2014-10-27,6.9,0.5,30.1,,,
2014-10-28,16.5,18.1,29.6,,,
2014-10-29,105.7,4.8,-2.4,,,
2014-10-30,112.7,0.0,-25.4,,,
2014-10-31,101.8,8.2,10.4,,,
2014-11-03,90.9,0.0,-14.4,,,
2014-11-04,-11.3,-14.9,22.5,,,
2014-11-05,5.6,0.0,26.9,,,
2014-11-06,-5.9,16.4,8.6,,,
2014-11-07,55.3,53.1,-13.5,,,
2014-11-10,-80.5,41.7,48.2,,,
2014-11-11,-24.4,19.7,3.6,,,
2014-11-12,-19.7,0.0,57.8,,,
2014-11-13,-105.2,-3.7,-6.2,,,
2014-11-14,-149.9,-76.8,5.6,,,
2014-11-17,-25.2,23.2,-12.9,,,
2014-11-18,-141.7,-76.3,-13.9,,,
2014-11-19,-33.5,7.4,10.8,,,
2014-11-20,-39.1,-15.6,-45.4,,,
2014-11-21,-6.0,0.0,-31.8,,,
2014-11-24,30.7,0.0,75.2,,,
2014-11-25,47.7,-9.6,28.2,,,
2014-11-26,-35.9,-2.1,-158.0,,,
2014-11-27,-103.3,-96.2,-2.7,,,
2014-11-28,-148.5,-29.0,20.0,,,
2014-12-01,-143.0,36.1,78.2,,,
2014-12-02,-121.6,25.1,28.0,,,
2014-12-03,-68.3,29.0,-29.1,,,
2014-12-04,63.9,1.7,-29.6,,,
2014-12-05,62.9,0.0,-88.0,,,
2014-12-08,-8.0,-2.4,258.6,,,
2014-12-09,-11.5,3.9,56.5,,,
2014-12-10,-79.4,0.0,-258.5,,,
2014-12-11,-27.0,12.2,18.9,,,
2014-12-12,-20.6,22.9,29.1,,,
2014-12-15,-31.3,-2.2,61.1,,,
2014-12-16,-22.4,14.7,59.8,,,
2014-12-17,-25.6,-66.3,88.6,,,
2014-12-18,-140.7,29.7,8.0,,,
2014-12-19,-284.0,38.0,-22.3,,,
2014-12-22,72.4,95.2,6.1,,,
2014-12-23,92.0,-2.2,43.0,,,
2014-12-24,75.9,0.0,-28.5,,,
2014-12-25,37.1,4.2,49.2,,,
2014-12-26,90.7,39.5,-23.1,,,
2014-12-29,98.5,0.0,43.2,,,
2014-12-30,92.4,0.0,-9.8,,,
2014-12-31,96.8,0.0,10.9,,,
2015-01-05,12.3,2.5,13.6,,,
2015-01-06,3.6,41.6,3.2,,,
2015-01-07,-94.9,0.0,0.7,,,
2015-01-08,-45.5,0.0,-4.6,,,
2015-01-09,-4.2,2.7,9.4,,,
2015-01-12,48.2,0.0,-7.5,,,
2015-01-13,91.1,-128.4,28.3,,,
2015-01-14,28.3,22.9,44.0,,,
2015-01-15,-30.4,16.2,30.8,,,
2015-01-16,52.5,0.0,-5.3,,,
2015-01-19,43.3,0.0,15.3,,,
2015-01-20,-3.0,0.0,-10.0,,,
2015-01-21,13.5,-9.8,-37.3,,,
2015-01-22,-20.1,-62.0,28.2,,,
2015-01-23,12.7,1.9,37.7,,,
2015-01-26,5.1,36.8,9.2,,,
2015-01-27,-28.0,0.0,11.6,,,
2015-01-28,21.6,4.7,1.8,,,
2015-01-29,14.7,3.0,-10.2,,,
2015-01-30,26.6,18.8,-15.0,,,
2015-02-02,-15.0,-155.9,18.1,,,
2015-02-03,-31.4,1.1,38.5,,,
2015-02-04,3.6,-13.0,-9.5,,,
2015-02-05,58.5,-14.2,-6.6,,,
2015-02-06,85.7,16.0,12.9,,,
2015-02-09,209.7,22.0,-10.1,,,
2015-02-10,73.6,0.0,37.5,,,
2015-02-11,133.3,0.0,31.6,,,
2015-02-12,133.9,2.1,22.8,,,
2015-02-13,125.8,1.9,7.2,,,
2015-02-24,108.1,12.4,9.6,,,
2015-02-25,207.1,-2.4,-21.1,,,
2015-02-26,76.7,0.0,22.0,,,
2015-02-27,33.6,0.0,16.1,,,
2015-03-02,38.9,25.2,47.2,,,
2015-03-03,104.2,-26.9,31.9,,,
2015-03-04,33.3,48.8,28.1,,,
2015-03-05,-112.2,138.0,18.5,,,
2015-03-06,-122.8,19.0,7.3,,,
2015-03-09,-57.5,-57.6,25.0,,,
2015-03-10,-55.3,31.4,29.4,,,
2015-03-11,-94.8,22.2,-48.4,,,
2015-03-12,-7.7,0.0,22.0,,,
2015-03-13,-46.3,-1.2,-18.3,,,
2015-03-16,-14.1,8.9,8.4,,,
2015-03-17,-6.1,0.0,-1.5,,,
2015-03-18,-2.7,16.0,-3.4,,,
2015-03-19,-221.6,0.0,15.1,,,
2015-03-20,205.8,7.4,90.7,,,
2015-03-23,-99.8,2.4,-24.8,,,
2015-03-24,-40.5,0.0,-118.5,,,
2015-03-25,-86.3,13.7,5.4,,,
2015-03-26,-209.2,-56.7,9.0,,,
2015-03-27,-142.3,5.9,35.4,,,
2015-03-30,-26.7,-142.4,29.3,,,
2015-03-31,-7.4,0.8,25.0,,,
2015-04-01,51.1,116.1,71.2,,,
2015-04-02,12.8,-9.2,-51.8,,,
2015-04-03,54.2,0.0,69.5,,,
2015-04-06,40.1,1.4,12.5,,,
2015-04-07,-83.8,35.6,16.8,,,
2015-04-08,-68.4,7.4,-34.1,,,
2015-04-09,-3.9,-38.0,-6.1,,,
2015-04-10,86.9,139.3,23.6,,,
2015-04-13,116.7,-8.6,2.0,,,
2015-04-14,169.7,5.5,-18.7,,,
2015-04-15,135.2,-16.2,-117.5,,,
2015-04-16,201.4,1.7,-6.6,,,
2015-04-17,319.2,0.0,-0.4,,,
2015-04-20,128.4,2.3,73.9,,,
2015-04-21,180.5,0.0,-5.3,,,
2015-04-22,149.2,1.3,-22.3,,,
2015-04-23,102.3,57.7,-2.3,,,
2015-04-24,75.8,-123.8,-2.8,,,
2015-04-27,50.0,-244.4,-28.0,,,
2015-05-04,213.2,0.0,-8.5,,,
2015-05-05,175.1,-242.9,16.7,,,
2015-05-06,211.9,0.0,13.1,,,
2015-05-07,115.4,-25.4,2.3,,,
2015-05-08,60.6,0.3,3.9,,,
2015-05-11,57.0,0.0,8.9,,,
2015-05-12,-44.4,16.3,22.9,,,
2015-05-13,-95.1,0.5,14.8,,,
2015-05-14,-17.2,-1.3,12.1,,,
2015-05-15,-37.1,0.0,8.1,,,
2015-05-18,27.2,8.3,26.3,,,
2015-05-19,80.4,-5.0,17.3,,,
2015-05-20,44.6,51.5,12.9,,,
2015-05-21,53.0,0.0,1.5,,,
2015-05-22,131.9,13.2,-5.3,,,
2015-05-25,54.4,-3.8,-0.1,,,
2015-05-26,175.6,-1.4,35.0,,,
2015-05-27,74.2,0.5,14.1,,,
2015-05-28,30.1,9.5,-11.5,,,
2015-05-29,7.8,3.5,-21.8,,,
2015-06-01,99.0,3.0,-14.9,,,
2015-06-02,141.7,0.0,0.9,,,
2015-06-03,-95.7,0.0,6.3,,,
2015-06-04,-25.7,0.0,-139.8,,,
2015-06-05,-106.3,5.5,-46.7,,,
2015-06-08,-6.9,-50.4,-8.8,,,
2015-06-09,8.9,-1.3,18.6,,,
2015-06-10,-105.1,0.0,-1.8,,,
2015-06-11,22.6,-56.3,-6.8,,,
2015-06-12,149.1,7.9,41.1,,,
2015-06-15,-29.1,-1.7,-6.9,,,
2015-06-16,39.1,0.0,-7.8,,,
2015-06-17,89.0,0.0,-15.4,,,
2015-06-18,68.4,-42.3,25.8,,,
2015-06-19,358.4,-171.7,-35.2,,,
2015-06-22,234.3,-71.2,10.9,,,
2015-06-23,113.0,-423.6,-99.3,,,
2015-06-24,49.2,-238.2,48.9,,,
2015-06-25,-87.2,0.0,-25.3,,,
2015-06-26,87.5,372.4,43.0,,,
2015-06-29,269.5,44.4,-77.1,,,
2015-06-30,422.0,8.1,-171.0,,,
2015-07-01,60.0,-43.6,-42.4,,,
2015-07-02,162.0,-81.2,52.3,,,
2015-07-03,94.3,71.4,63.5,,,
2015-07-06,64.5,-25.8,56.2,,,
2015-07-07,75.9,-18.6,-80.5,,,
2015-07-08,80.9,-65.3,-94.3,,,
2015-07-09,7.5,-31.4,-2.9,,,
2015-07-10,44.8,1.3,-6.7,,,
2015-07-13,87.7,1.0,-13.3,,,
2015-07-14,65.7,3.5,2.5,,,
2015-07-15,-4.5,7.9,-25.4,,,
2015-07-16,-73.4,-69.9,-29.9,,,
2015-07-17,31.0,-61.1,6.4,,,
2015-07-20,108.3,-93.2,-6.5,,,
2015-07-21,115.0,1.0,-2.9,,,
2015-07-22,-2.4,-93.8,-47.5,,,
2015-07-23,82.7,0.0,-34.9,,,
2015-07-24,81.3,0.0,-44.8,,,
2015-07-27,-37.9,7.6,46.2,,,
2015-07-28,-88.5,2.1,44.3,,,
2015-07-29,-43.9,5.9,-3.0,,,
2015-07-30,33.7,-5.3,38.0,,,
2015-07-31,21.6,34.7,13.4,,,
2015-08-03,8.6,21.1,24.7,,,
2015-08-04,-39.1,5.1,-6.2,,,
2015-08-05,58.4,-33.4,30.7,,,
2015-08-06,147.3,19.3,-84.5,,,
2015-08-07,63.8,-11.7,18.8,,,
2015-08-10,43.0,5.9,29.0,,,
2015-08-11,187.9,8.6,-54.2,,,
2015-08-12,93.8,4.6,-35.2,,,
2015-08-13,-9.5,5.1,-30.0,,,
2015-08-14,-60.2,-34.4,10.6,,,
2015-08-17,-9.5,8.0,29.6,,,
2015-08-18,-4.5,2.9,23.5,,,
2015-08-19,-130.6,5.1,21.4,,,
2015-08-20,-132.1,2.8,26.3,,,
2015-08-21,-294.9,-5.2,25.1,,,
2015-08-24,104.2,0.0,61.7,,,
2015-08-25,-57.1,2.8,20.8,,,
2015-08-26,-159.9,-17.7,22.6,,,
2015-08-27,3.4,22.0,-40.5,,,
2015-08-28,88.3,50.5,-49.8,,,
2015-08-31,-24.0,-215.9,3.8,,,
2015-09-01,-25.0,-170.5,-41.9,,,
2015-09-03,-120.2,-28.2,-8.8,,,
2015-09-04,37.1,0.0,-30.5,,,
2015-09-07,39.5,-13.7,6.6,,,
2015-09-08,-16.0,0.0,-23.8,,,
2015-09-09,43.9,34.0,-17.5,,,
2015-09-10,84.5,10.3,16.5,,,
2015-09-11,-17.5,-0.5,12.7,,,
2015-09-14,16.1,-6.0,1.4,,,
2015-09-15,57.9,2.3,47.1,,,
2015-09-16,-22.3,9.1,6.3,,,
2015-09-17,219.1,21.0,-7.0,,,
2015-09-18,-46.4,-11.5,-5.1,,,
2015-09-21,-27.9,0.0,29.7,,,
2015-09-22,36.1,-83.6,11.6,,,
2015-09-23,-12.2,-374.4,13.8,,,
2015-09-24,-0.8,-14.5,-21.7,,,
2015-09-25,-39.4,-223.5,-12.9,,,
2015-09-28,-61.9,-53.7,-7.8,,,
2015-09-29,-56.4,-28.9,73.2,,,
2015-09-30,-32.3,-25.0,-43.5,,,
2015-10-01,-8.9,62.5,-8.5,,,
2015-10-02,-22.9,-38.6,-4.4,,,
2015-10-05,-4.5,-10.1,-11.1,,,
2015-10-06,8.6,-13.0,-6.0,,,
2015-10-07,150.4,8.7,-10.8,,,
2015-10-08,132.0,655.4,-100.3,,,
2015-10-09,161.5,0.0,131.3,,,
2015-10-12,205.4,-314.3,-106.7,,,
2015-10-13,69.8,-136.0,-15.1,,,
2015-10-14,42.9,1.2,-48.5,,,
2015-10-15,-29.7,3.7,-56.8,,,
2015-10-16,-9.6,0.0,87.5,,,
2015-10-19,-11.2,0.0,-11.8,,,
2015-10-20,-58.8,69.3,-79.7,,,
2015-10-21,45.6,8.2,-25.8,,,
2015-10-22,33.4,-4.7,6.8,,,
2015-10-23,110.2,0.0,-7.5,,,
2015-10-26,31.2,15.1,-34.2,,,
2015-10-27,6.1,0.0,65.8,,,
2015-10-28,-53.0,1.5,166.3,,,
2015-10-29,-65.9,-3.7,-31.5,,,
2015-10-30,39.5,57.4,-239.2,,,
2015-11-02,31.2,-63.4,4.3,,,
2015-11-03,39.6,40.0,-37.2,,,
2015-11-04,31.2,15.0,-19.9,,,
2015-11-05,9.6,14.3,-40.9,,,
2015-11-06,29.6,4.9,-1.1,,,
2015-11-09,-0.5,-62.8,4.3,,,
2015-11-10,8.7,0.0,-216.2,,,
2015-11-11,-22.0,0.4,-1.0,,,
2015-11-12,-145.9,-49.7,34.5,,,
2015-11-13,-76.7,-31.5,-1.6,,,
2015-11-16,-61.0,17.4,13.7,,,
2015-11-17,-91.6,36.9,-8.1,,,
2015-11-18,-22.3,-2.8,-28.5,,,
2015-11-19,-28.6,-0.5,0.8,,,
2015-11-20,-12.1,23.6,-2.8,,,
2015-11-23,116.7,-3.8,-8.3,,,
2015-11-24,-34.4,-67.0,12.3,,,
2015-11-25,-147.5,-5.0,4.6,,,
2015-11-26,1.0,-28.2,0.7,,,
2015-11-27,-41.4,-11.1,-2.3,,,
2015-11-30,-15.8,51.4,-1.5,,,
2015-12-01,-102.1,-0.6,-4.1,,,
2015-12-02,-137.4,6.7,-8.2,,,
2015-12-03,-13.9,-227.1,-53.0,,,
2015-12-04,-49.9,0.0,-8.6,,,
2015-12-07,-110.2,0.3,-9.7,,,
2015-12-08,-155.4,-32.6,-8.9,,,
2015-12-09,-301.3,0.0,17.3,,,
2015-12-10,-53.7,-386.3,12.8,,,
2015-12-11,-43.1,-4.8,0.3,,,
2015-12-14,-46.7,46.7,-10.6,,,
2015-12-15,-33.0,-57.6,-12.7,,,
2015-12-16,-219.6,29.4,64.0,,,
2015-12-17,-129.5,6.0,-22.9,,,
2015-12-18,-207.5,188.7,-53.1,,,
2015-12-21,-38.0,-137.8,6.0,,,
2015-12-22,-43.9,0.0,-93.2,,,
2015-12-23,36.9,1.8,-4.5,,,
2015-12-24,-3.9,0.0,-0.3,,,
2015-12-25,48.5,0.0,-25.1,,,
2015-12-28,-2.5,0.0,-22.4,,,
2015-12-29,41.0,-225.0,26.5,,,
2015-12-30,47.8,0.0,-29.7,,,
2015-12-31,17.0,295.3,-24.8,,,
2016-01-04,-19,1,-13,,,lin_eq_pn_unavail
2016-01-05,-91,-10,11,,,lin_eq_pn_unavail
2016-01-06,-44,18,0,,,lin_eq_pn_unavail
2016-01-07,-24,0,41,,,lin_eq_pn_unavail
2016-01-08,0,0,-25,,,lin_eq_pn_unavail
2016-01-11,-20,7,6,,,lin_eq_pn_unavail
2016-01-12,-19,14,-3,,,lin_eq_pn_unavail
2016-01-13,-96,14,1,,,lin_eq_pn_unavail
2016-01-14,-172,48,3,,,lin_eq_pn_unavail
2016-01-15,-122,0,4,,,lin_eq_pn_unavail
2016-01-18,-36,-1,-21,,,lin_eq_pn_unavail
2016-01-19,-64,-17,1,,,lin_eq_pn_unavail
2016-01-20,-69,91,-29,,,lin_eq_pn_unavail
2016-01-21,-89,-6,-3,,,lin_eq_pn_unavail
2016-01-22,-74,-6,17,,,lin_eq_pn_unavail
2016-01-25,-145,0,-38,,,lin_eq_pn_unavail
2016-01-26,-38,-5,-24,,,lin_eq_pn_unavail
2016-01-27,-111,6,-13,,,lin_eq_pn_unavail
2016-01-28,-120,0,-26,,,lin_eq_pn_unavail
2016-01-29,-47,-59,31,,,lin_eq_pn_unavail
2016-02-01,-36,0,40,,,lin_eq_pn_unavail
2016-02-02,-38,-119,-25,,,lin_eq_pn_unavail
2016-02-03,-73,-5,-12,,,lin_eq_pn_unavail
2016-02-04,1,25,-1,,,lin_eq_pn_unavail
2016-02-05,-23,-7,-5,,,lin_eq_pn_unavail
2016-02-15,-71,-13,5,,,lin_eq_pn_unavail
2016-02-16,-91,1,33,,,lin_eq_pn_unavail
2016-02-17,-126,-34,0,,,lin_eq_pn_unavail
2016-02-18,-4,26,20,,,lin_eq_pn_unavail
2016-02-19,190,40,-19,,,lin_eq_pn_unavail
2016-02-22,3,-1,-7,,,lin_eq_pn_unavail
2016-02-23,121,-41,-27,,,lin_eq_pn_unavail
2016-02-24,36,0,7,,,lin_eq_pn_unavail
2016-02-25,15,0,5,,,lin_eq_pn_unavail
2016-02-26,-12,14,1,,,lin_eq_pn_unavail
2016-02-29,-30,8,-2,,,lin_eq_pn_unavail
2016-03-01,-12,20,-10,,,lin_eq_pn_unavail
2016-03-02,138,-1,-1,,,lin_eq_pn_unavail
2016-03-03,44,33,-37,,,lin_eq_pn_unavail
2016-03-04,104,5,-21,,,lin_eq_pn_unavail
2016-03-07,85,5,6,,,lin_eq_pn_unavail
2016-03-08,40,0,-23,,,lin_eq_pn_unavail
2016-03-09,-43,-6,3,,,lin_eq_pn_unavail
2016-03-10,-55,62,7,,,lin_eq_pn_unavail
2016-03-11,-48,19,25,,,lin_eq_pn_unavail
2016-03-14,23,9,-1,,,lin_eq_pn_unavail
2016-03-15,-73,-32,-2,,,lin_eq_pn_unavail
2016-03-16,-8,14,-4,,,lin_eq_pn_unavail
2016-03-17,-2,207,-30,,,lin_eq_pn_unavail
2016-03-18,-256,105,23,,,lin_eq_pn_unavail
2016-03-21,-19,0,-37,,,lin_eq_pn_unavail
2016-03-22,24,11,-22,,,lin_eq_pn_unavail
2016-03-23,64,0,-70,,,lin_eq_pn_unavail
2016-03-24,-27,0,-31,,,lin_eq_pn_unavail
2016-03-25,108,33,6,,,lin_eq_pn_unavail
2016-03-28,97,8,-29,,,lin_eq_pn_unavail
2016-03-29,49,-106,-31,,,lin_eq_pn_unavail
2016-03-30,61,-1,-36,,,lin_eq_pn_unavail
2016-03-31,121,-308,-54,,,lin_eq_pn_unavail
2016-04-01,33,0,23,-9,-29,
2016-04-04,35,4,-11,37,-82,
2016-04-05,23,-634,-40,13,592,
2016-04-06,65,-508,-64,-54,499,
2016-04-07,84,25,-42,-53,-55,
2016-04-08,39,-204,-51,190,-26,
2016-04-11,40,116,98,-205,49,
2016-04-12,41,-805,17,-63,826,
2016-04-13,38,20,-195,-33,-31,
2016-04-14,79,34,-33,-95,-14,
2016-04-15,63,11,25,-20,-51,
2016-04-19,45,-45,-48,83,-77,
2016-04-20,126,13,-82,-74,-61,
2016-04-21,56,19,-7,-82,8,
2016-04-22,149,55,86,-48,-157,
2016-04-25,-21,30,351,-79,68,
2016-04-26,78,-846,6,278,542,
2016-04-27,46,15,-80,-39,-22,
2016-04-28,-4,50,-65,-98,53,
2016-04-29,93,-17,-36,-24,-105,
2016-05-04,69,22,-43,-100,29,
2016-05-05,24,6,-229,-25,-49,
2016-05-06,162,7,-60,-27,-161,
2016-05-09,96,-220,-20,751,-665,
2016-05-10,55,16,-23,-163,58,
2016-05-11,120,-318,28,1094,-930,
2016-05-12,41,-52,-9,12,-79,
2016-05-13,30,0,-27,11,-91,
2016-05-16,11,24,2,43,-90,
2016-05-17,134,14,-54,24,-215,
2016-05-18,132,16,-68,22,-275,
2016-05-19,43,-153,-45,-55,114,
2016-05-20,-101,0,-33,-58,123,
2016-05-23,61,0,-10,11,-78,
2016-05-24,57,5,-16,49,-139,
2016-05-25,26,0,12,31,-83,
2016-05-26,91,0,2,14,-211,
2016-05-27,92,0,1,21,-189,
2016-05-30,155,-12,17,-20,-165,
2016-05-31,80,4,-13,-15,-172,
2016-06-01,108,-93,15,0,-63,
2016-06-02,107,-2,-39,0,-130,
2016-06-03,28,0,2,3,-79,
2016-06-06,-1,-217,21,-34,203,
2016-06-07,74,19,-16,-25,-110,
2016-06-08,167,7,482,-44,-165,
2016-06-09,120,12,-2,-29,-160,
2016-06-10,188,7,8,-6,-264,
2016-06-13,28,-115,14,13,46,
2016-06-14,-16,0,-64,38,-38,
2016-06-15,-16,0,22,13,-36,
2016-06-16,-54,30,10,-35,26,
2016-06-17,-474,47,-10,21,353,
2016-06-20,61,8,-7,0,-119,
2016-06-21,81,3,-20,-67,-93,
2016-06-22,26,10,-5,-45,-58,
2016-06-23,-82,2,-117,-62,94,
2016-06-24,-29,6,-9,-8,-69,
2016-06-27,18,-2,29,61,-91,
2016-06-28,23,4,73,6,-118,
2016-06-29,-21,1,-267,14,-92,
2016-06-30,47,15,3,10,-202,
2016-07-01,66,8,57,-13,-139,
2016-07-04,-15,4,-1,-51,14,
2016-07-05,55,7,104,41,-149,
2016-07-06,-30,6,14,-293,-69,
2016-07-07,50,0,233,-86,-83,
2016-07-08,-10,14,-11,-71,-18,
2016-07-11,145,17,73,-83,-175,
2016-07-12,99,-23,-1,45,-259,
2016-07-13,77,5,25,-59,-109,
2016-07-14,125,-6,86,-52,-131,
2016-07-15,14,3,30,5,-134,
2016-07-18,27,5,-22,-135,53,
2016-07-19,87,3,-38,-11,-84,
2016-07-20,35,-1,46,-79,-14,
2016-07-21,-70,-3,11,0,25,
2016-07-22,27,17,133,98,-271,
2016-07-25,100,9,-12,19,-277,
2016-07-26,147,10,6,2,-244,
2016-07-27,113,18,11,-34,-209,
2016-07-28,9,-2,-36,-88,-46,
2016-07-29,61,5,-29,-100,-128,
2016-08-01,-11,0,79,-3,-47,
2016-08-02,16,22,-41,-253,168,
2016-08-03,178,-4,64,-12,-249,
2016-08-04,48,-4,12,58,-177,
2016-08-05,-15,0,37,102,-128,
2016-08-08,-122,-8,13,65,29,
2016-08-09,14,-128,11,3,-83,
2016-08-10,-69,-14,0,25,36,
2016-08-11,43,-3,-9,29,-161,
2016-08-12,-73,0,-11,5,49,
2016-08-15,-208,0,7,20,140,
2016-08-16,-208,0,0,-457,391,
2016-08-17,-155,0,-12,-17,156,
2016-08-18,-250,-1,-2,72,110,
2016-08-19,-263,-9,-6,-49,291,
2016-08-22,-121,-9,7,42,40,
2016-08-23,-178,0,4,44,81,
2016-08-24,-134,36,20,0,88,
2016-08-25,-67,0,-150,38,-7,
2016-08-26,-95,0,-8,64,-34,
2016-08-29,48,4,-37,20,-124,
2016-08-30,-118,54,-14,16,39,
2016-08-31,-31,0,-14,152,-175,
2016-09-01,-172,-16,51,-20,74,
2016-09-05,-281,-5,-21,6,251,
2016-09-06,-120,-24,-82,-110,189,
2016-09-07,-283,25,-15,-79,221,
2016-09-08,-84,2,-20,13,-58,
2016-09-09,-177,-30,-30,-27,126,
2016-09-12,-170,-1,-5,19,16,
2016-09-13,-117,0,-5,64,31,
2016-09-14,-43,0,-5,34,-1,
2016-09-15,-159,10,10,54,40,
2016-09-16,-1284,-184,61,329,1020,
2016-09-19,-13,-8,-16,-13,-30,
2016-09-20,-40,-28,-3,3,-7,
2016-09-21,7,379,-17,-600,-79,
2016-09-22,20,11,-63,-75,42,
2016-09-23,85,0,-13,96,-143,
2016-09-26,-14,5,-13,-76,144,
2016-09-27,-103,0,-40,-43,99,
2016-09-28,-38,1,-60,-91,49,
2016-09-29,30,5,39,161,-245,
2016-09-30,49,14,29,136,-234,
2016-10-03,-153,0,64,362,-251,
2016-10-04,-42,-20,19,108,-130,
2016-10-05,3,0,-9,71,-145,
2016-10-06,59,12,46,326,-478,
2016-10-07,-21,-109,14,113,-141,
2016-10-10,-43,11,-12,126,-158,
2016-10-11,6,9,-93,352,-384,
2016-10-12,92,0,-17,-44,-57,
2016-10-13,-33,0,-3,206,-212,
2016-10-14,14,318,63,-482,143,
2016-10-17,-55,-1,-34,-27,19,
2016-10-18,36,-80,11,723,-775,
2016-10-19,74,-30,-14,706,-848,
2016-10-20,-29,0,5,484,-508,
2016-10-21,-23,15,5,20,-120,
2016-10-24,-32,0,-3,302,-398,
2016-10-25,-2,-26,-11,71,-55,
2016-10-26,16,-5,9,28,-146,
2016-10-27,-20,0,10,47,-95,
2016-10-28,75,12,8,-25,-83,
2016-10-31,-5,59,-10,36,-143,
2016-11-01,12,0,40,25,-111,
2016-11-02,-26,-20,11,-32,-56,
2016-11-03,90,0,21,165,-354,
2016-11-04,34,0,3,37,-114,
2016-11-07,4,0,-16,-40,-26,
2016-11-08,102,7,-18,-27,-109,
2016-11-09,121,0,-7,-3,-140,
2016-11-10,-85,0,-3,3,28,
2016-11-11,-72,-5,6,113,-131,
2016-11-14,-282,10,14,98,112,
2016-11-15,-122,1,-32,43,14,
2016-11-16,13,2,17,60,-121,
2016-11-17,-56,-3,-4,63,-75,
2016-11-18,-155,-9,88,145,-35,
2016-11-21,-73,-53,176,201,-91,
2016-11-22,-89,-2,-6,144,-135,
2016-11-23,-63,-6,60,191,-241,
2016-11-24,-222,-2,-114,98,81,
2016-11-25,-307,14,29,296,-71,
2016-11-28,-398,11,36,226,125,
2016-11-29,-257,2,13,128,82,
2016-11-30,354,-7,-4,-96,-292,
2016-12-01,-188,9,-61,41,56,
2016-12-02,-149,9,18,230,-136,
2016-12-05,-17,4,4,-87,120,
2016-12-06,-166,5,-1,80,56,
2016-12-07,-165,48,44,3,-239,
2016-12-08,-186,-7,-1,404,-386,
2016-12-09,-146,-222,-13,178,53,
2016-12-12,124,1,-67,92,-360,
2016-12-13,1,13,-6,136,-138,
2016-12-14,-31,31,28,38,-31,
2016-12-15,-26,0,85,327,-239,
2016-12-16,-271,41,61,9,244,
2016-12-19,-19,13,-8,18,42,
2016-12-20,-180,22,23,-67,353,
2016-12-21,-54,135,41,-78,-406,
2016-12-22,-48,36,37,-146,210,
2016-12-23,23,-27,120,39,-25,
2016-12-26,58,-378,-23,-21,351,
2016-12-27,79,56,-55,-322,27,
2016-12-28,-88,8,-10,-174,133,
2016-12-29,-90,117,-112,-104,10,
2016-12-30,-91,581,-200,-397,-151,
2017-01-03,8,0,13,135,-159,
2017-01-04,105,0,66,98,-220,
2017-01-05,20,-10,44,86,-153,
2017-01-06,11,100,34,95,-120,
2017-01-09,37,17,16,126,-252,
2017-01-10,-20,0,24,11,-64,
2017-01-11,26,15,24,49,-123,
2017-01-12,-95,-93,-8,22,19,
2017-01-13,24,-24,6,-3,8,
2017-01-16,32,0,21,22,-131,
2017-01-17,-57,30,9,24,-103,
2017-01-18,1,-3,6,8,-55,
2017-01-19,-90,96,16,68,-36,
2017-01-20,164,48,1,-17,-260,
2017-01-23,1,6,-40,11,-59,
2017-01-24,10,173,-110,-35,-204,
2017-01-25,57,-1,7,-5,-104,
2017-02-02,7,-1,-6,1,-48,
2017-02-03,9,-5,-16,-19,-11,
2017-02-06,-9,13,10,6,-69,
2017-02-07,18,-17,6,-84,41,
2017-02-08,-14,-20,-9,-70,18,
2017-02-09,18,38,13,-87,-75,
2017-02-10,8,3,2,-41,-99,
2017-02-13,14,9,-6,-77,63,
2017-02-14,6,-3,2,-81,-118,
2017-02-15,99,3,-15,-81,-126,
2017-02-16,168,11,66,-35,-248,
2017-02-17,-35,0,13,-197,136,
2017-02-20,94,13,-15,-64,-123,
2017-02-21,121,69,28,-7,-247,
2017-02-22,-23,2,-12,-15,-65,
2017-02-23,-24,0,74,127,-161,
2017-02-24,64,3,-10,-28,-99,
2017-02-27,-56,-6,5,-108,105,
2017-02-28,21,1,26,-141,-1,
2017-03-01,18,-19,-16,-34,-35,
2017-03-02,87,38,-5,-45,-243,
2017-03-03,152,55,12,100,-207,
2017-03-06,40,-21,-6,-158,23,
2017-03-07,-37,-69,50,-116,29,
2017-03-08,-73,73,-71,-206,-73,
2017-03-09,5,-71,38,228,-215,
2017-03-10,5,-41,22,6,-88,
2017-03-13,64,199,-33,-43,-302,
2017-03-14,108,-77,128,161,-214,
2017-03-15,20,-3,40,88,-111,
2017-03-16,-37,235,-2,304,-525,
2017-03-17,-732,448,107,175,-81,
2017-03-20,20,124,6,86,-393,
2017-03-21,87,228,-140,-250,-201,
2017-03-22,19,0,-3,-111,-247,
2017-03-23,316,143,-230,-13,-392,
2017-03-24,164,14,57,-169,-220,
2017-03-27,151,25,-8,-177,-84,
2017-03-28,54,14,-211,-410,88,
2017-03-29,149,19,106,-11,-333,
2017-03-30,217,45,-68,-201,-292,
2017-03-31,154,0,11,-49,-167,
2017-04-03,59,5,8,16,-335,
2017-04-04,226,38,-31,-239,-310,
2017-04-05,47,27,-35,17,-299,
2017-04-07,237,-435,-28,67,-55,
2017-04-10,247,32,-1,-71,-342,
2017-04-11,256,55,-50,-97,-153,
2017-04-12,197,2,11,121,-385,
2017-04-13,184,314,-1,-111,-420,
2017-04-14,37,7,69,248,-397,
2017-04-17,118,0,34,310,-578,
2017-04-18,233,5,-51,135,-462,
2017-04-19,99,5,-7,9,-197,
2017-04-20,-45,15,18,7,-179,
2017-04-21,166,-164,33,381,-490,
2017-04-24,77,11,-70,245,-426,
2017-04-25,76,5,-17,246,-496,
2017-04-26,41,0,-14,113,-215,
2017-04-27,45,63,-44,136,-379,
2017-04-28,-14,0,76,35,105,
2017-05-03,75,-338,-33,-80,145,
2017-05-04,59,-109,-19,157,62,
2017-05-05,-19,-14,0,556,-444,
2017-05-08,27,14,22,-62,143,
2017-05-09,-80,-1,-11,19,147,
2017-05-10,88,0,-19,-36,146,
2017-05-11,142,0,60,273,-444,
2017-05-12,-1,-10,5,145,45,
2017-05-15,-13,-4,20,-328,295,
2017-05-16,-65,0,2,-149,217,
2017-05-17,139,-33,-18,-63,-100,
2017-05-18,67,14,-10,-29,-19,
2017-05-19,166,8,32,243,-416,
2017-05-22,448,19,-31,-605,64,
2017-05-23,123,0,4,-33,-123,
2017-05-24,-204,12,-2,420,-296,
2017-05-25,-34,4,-13,105,-27,
2017-05-26,184,-2,62,-12,-40,
2017-05-29,143,0,-9,36,-37,
2017-05-30,37,33,-221,-135,1,
2017-05-31,212,0,-14,-179,-129,
2017-06-01,63,-33,18,165,-228,
2017-06-02,45,31,-10,58,-31,
2017-06-05,-19,-7,-6,208,-844,
2017-06-06,162,6,-8,224,-332,
2017-06-07,13,6,6,267,-161,
2017-06-08,50,0,191,-838,726,
2017-06-09,42,-3,6,-60,-26,
2017-06-12,27,-1,-145,-158,142,
2017-06-13,69,1,-54,39,-129,
2017-06-14,268,0,57,138,-332,
2017-06-15,252,0,-33,-51,-270,
2017-06-16,-124,-8,135,-66,127,
2017-06-19,113,-1,71,-70,-133,
2017-06-20,66,1,-259,-80,-9,
2017-06-21,17,50,-25,-79,-12,
2017-06-22,16,71,-126,-97,-68,
2017-06-23,121,13,-81,-53,-145,
2017-06-26,36,41,60,-76,-67,
2017-06-27,109,31,-33,-5,-168,
2017-06-28,100,2,99,91,-243,
2017-06-29,102,0,70,163,-302,
2017-06-30,391,0,-33,-62,-419,
2017-07-03,75,31,-9,97,-313,
2017-07-04,3,28,-19,-43,-58,
2017-07-05,10,12,17,41,-83,
2017-07-06,122,28,13,72,-299,
2017-07-07,-75,13,14,176,-246,
2017-07-10,77,52,-8,38,-226,
2017-07-11,69,37,-24,11,-167,
2017-07-12,4,90,13,60,-308,
2017-07-13,48,-3,56,68,-274,
2017-07-14,-15,80,1,37,-89,
2017-07-17,-193,95,102,216,-169,
2017-07-18,24,57,-37,-41,-234,
2017-07-19,-1,-3,61,65,-235,
2017-07-20,-3,85,-5,-35,-113,
2017-07-21,35,26,1,-141,4,
2017-07-24,144,43,4,64,-341,
2017-07-25,33,1342,-5,178,-357,
2017-07-26,-2,42,-134,-9,-95,
2017-07-27,18,52,-53,-103,-28,
2017-07-28,73,-3,54,-31,-107,
2017-07-31,242,18,-24,-56,-243,
2017-08-01,87,10,9,-81,-89,
2017-08-02,90,57,-32,-308,75,
2017-08-03,122,40,-3,-4,-252,
2017-08-04,64,19,-8,5,-171,
2017-08-07,93,-4,-24,-132,-91,
2017-08-08,99,14,-55,-144,-64,
2017-08-09,-17,0,38,197,-420,
2017-08-10,45,37,-15,198,-368,
2017-08-11,89,4,-14,-60,-89,
2017-08-14,61,-1,-13,-78,-81,
2017-08-15,-24,-23,-2,31,-34,
2017-08-16,36,-9,21,7,-113,
2017-08-17,1460,0,-629,-638,-771,
2017-08-18,-2,-19,-1,-44,11,
2017-08-21,-56,6,26,-112,184,
2017-08-22,79,0,29,80,-192,
2017-08-23,75,-12,5,-38,-24,
2017-08-24,37,6,3,168,-280,
2017-08-25,41,-1,40,319,-330,
2017-08-28,79,-2,15,71,-187,
2017-08-29,-129,13,-5,-133,190,
2017-08-30,49,19,22,-199,199,
2017-08-31,49,71,25,-258,53,
2017-09-01,107,0,34,-33,-177,
2017-09-05,60,0,-17,-85,-130,
2017-09-06,-51,0,83,-105,119,
2017-09-07,-87,0,27,-44,-56,
2017-09-08,-14,-13,61,173,-239,
2017-09-11,-108,189,-12,105,-288,
2017-09-12,-149,80,9,-131,75,
2017-09-13,-49,23,-70,-4,-64,
2017-09-14,-112,-3,-81,-314,279,
2017-09-15,-231,-52,-12,7,196,
2017-09-18,-66,-19,10,109,-66,
2017-09-19,37,-2,-15,-21,-51,
2017-09-20,8,0,-37,142,-154,
2017-09-21,-24,24,-31,389,-455,
2017-09-22,-4,8,-14,-294,-144,
2017-09-25,-14,-44,-52,-54,-17,
2017-09-26,27,1,-17,204,-240,
2017-09-27,59,2,-73,-80,-52,
2017-09-28,155,-5,-38,-214,48,
2017-09-29,65,-34,8,-61,-135,
2017-10-02,18,28,71,466,-597,
2017-10-03,7,-13,-13,61,-211,
2017-10-04,55,-7,-28,-24,-99,
2017-10-05,-191,-88,-24,57,13,
2017-10-06,12,-13,23,-36,-95,
2017-10-09,-46,-2,3,-11,-40,
2017-10-10,-61,-4,2,-8,-9,
2017-10-11,2,-8,22,249,-310,
2017-10-12,32,15,-5,79,-228,
2017-10-13,-70,75,33,63,-154,
2017-10-16,-52,307,-15,-168,-482,
2017-10-17,-37,29,8,27,-238,
2017-10-18,-1,-13,17,196,-343,
2017-10-19,-114,-15,5,538,-827,
2017-10-20,-11,-81,103,313,-377,
2017-10-23,72,-132,126,134,-254,
2017-10-24,37,-41,59,30,-423,
2017-10-25,-46,-29,-183,-285,-19,
2017-10-26,13,99,-15,58,-402,
2017-10-27,16,78,48,7,-304,
2017-10-30,147,147,-43,17,-504,
2017-10-31,23,27,17,-181,-82,
2017-11-01,70,164,-30,-48,-308,
2017-11-02,203,13,61,168,-501,
2017-11-03,147,444,-35,-246,-465,
2017-11-06,4,37,10,1,-63,
2017-11-07,171,5547,-13,49,-24,
2017-11-08,92,-76,117,321,-626,
2017-11-09,310,73,-1,151,-895,
2017-11-10,1232,-57,73,10,-1345,
2017-11-13,17,227,86,-87,-622,
2017-11-14,201,-66,48,72,-211,
2017-11-15,156,-183,-11,-404,374,
2017-11-16,26,266,-203,-216,-419,
2017-11-17,-208,3,36,89,-22,
2017-11-20,-125,94,62,-2,1,
2017-11-21,-10,53,137,191,-346,
2017-11-22,-12,29,62,23,-132,
2017-11-23,-59,62,10,-120,25,
2017-11-24,-94,15,-31,-125,116,
2017-11-27,242,54,-97,-245,-122,
2017-11-28,1201,5,205,448,290,
2017-11-29,-26,93,-34,-127,-3,
2017-11-30,-21,108,-118,-236,35,
2017-12-01,165,-52,-76,-224,-107,
2017-12-04,0,-1,62,-32,-106,
2017-12-05,148,52,25,-55,-273,
2017-12-06,-205,-336,35,-172,579,
2017-12-07,-180,72,-135,-293,255,
2017-12-08,-122,-342,-55,-284,440,
2017-12-11,-19,22,105,16,-197,
2017-12-12,154,-310,-24,-48,89,
2017-12-13,28,28,-111,-55,-113,
2017-12-14,43,-98,-90,-48,-124,
2017-12-15,-266,26,34,-21,81,
2017-12-18,89,75,35,-62,-257,
2017-12-19,173,84,12,-32,-389,
2017-12-20,141,2,8,-29,-235,
2017-12-21,174,55,-357,-244,-390,
2017-12-22,240,34,-46,-3,-429,
2017-12-25,29,-104,84,134,-202,
2017-12-26,104,67,-9,-149,-902,
2017-12-27,346,-16,-51,56,-544,
2017-12-28,211,10,20,-302,85,
2017-12-29,526,593,-262,-427,-696,
2018-01-02,203,53,5,54,-517,
2018-01-03,234,-2,26,-98,-247,
2018-01-04,159,122,86,-263,-128,
2018-01-05,421,17,112,-91,-642,
2018-01-08,8,678,-515,-822,-13,
2018-01-09,86,129,17,-109,-179,
2018-01-10,362,120,42,-568,95,
2018-01-11,311,178,21,-95,-639,
2018-01-12,780,277,-86,-127,-1020,
2018-01-15,400,240,-89,-261,-357,
2018-01-16,334,214,-12,13,-462,
2018-01-17,232,332,-192,-109,-416,
2018-01-18,217,312,101,180,-628,
2018-01-19,528,336,-50,-711,-341,
2018-01-22,367,132,-53,-121,-357,
2018-01-23,0,0,,,,provider_gap
2018-01-24,0,0,,,,provider_gap
2018-01-25,614,157,-379,121,-1034,
2018-01-26,526,-65,80,343,-1204,
2018-01-29,-217,-45,197,326,-410,
2018-01-30,-309,233,64,-61,-76,
2018-01-31,237,-3,-86,-63,-322,
2018-02-01,161,80,-106,-55,-215,
2018-02-02,43,239,-17,-49,-370,
2018-02-05,49,156,-115,107,-377,
2018-02-06,-236,4393,460,532,-4978,
2018-02-07,-8,-248,80,-110,-5,
2018-02-08,240,226,-123,-106,-494,
2018-02-09,-321,54,11,114,-16,
2018-02-12,-466,16,60,-126,433,
2018-02-13,-631,-5,59,-71,559,
2018-02-21,-56,8,65,31,11,
2018-02-22,151,9,-62,-137,-69,
2018-02-23,-220,-38,85,-22,178,
2018-02-26,-174,1,40,152,-155,
2018-02-27,-150,-46,67,-104,133,
2018-02-28,-301,-113,54,-174,439,
2018-03-01,-171,4,-170,-239,13,
2018-03-02,-22,-106,-40,-150,222,
2018-03-05,-166,-29,106,22,115,
2018-03-06,163,116,-218,-392,-53,
2018-03-07,117,-32,8,49,-252,
2018-03-08,-131,17,-82,111,-183,
2018-03-09,-40,-58,-64,-69,63,
2018-03-12,271,399,-9,-17,-1054,
2018-03-13,158,26,-176,-176,-134,
2018-03-14,-137,-78,-58,-78,162,
2018-03-15,20,-10,-246,-358,168,
2018-03-16,-1508,407,97,69,863,
2018-03-19,-71,156,128,226,-460,
2018-03-20,-226,-98,24,55,158,
2018-03-21,246,-38,0,-7,-372,
2018-03-22,220,-100,28,-15,-177,
2018-03-23,205,49,34,-139,-310,
2018-03-26,-138,-9,-60,944,-917,
2018-03-27,-364,-15,100,-97,245,
2018-03-28,-16,99,-127,-69,-226,
2018-03-29,190,-288,29,948,-1085,
2018-03-30,180,172,56,-123,-413,
2018-04-02,80,-16,53,61,-143,
2018-04-03,-356,16,20,-1,249,
2018-04-04,85,58,-2,1000,-1132,
2018-04-05,-78,80,10,-80,1230,
2018-04-06,-73,-46,-97,180,-231,
2018-04-09,165,124,-62,-207,-167,
2018-04-10,15,42,167,141,-372,
2018-04-11,-63,-227,146,228,-138,
2018-04-12,-165,103,32,116,-163,
2018-04-13,-54,59,-11,-1287,1136,
2018-04-16,-208,150,49,-2147,2017,
2018-04-17,-341,64,-62,-46,259,
2018-04-18,-168,116,16,61,-60,
2018-04-19,-451,135,-256,-142,268,
2018-04-20,-350,3489,76,-28,-3278,
2018-04-23,-99,97,-113,56,-152,
2018-04-24,-650,33,5,53,524,
2018-04-26,-261,48,-69,280,-159,
2018-04-27,-11,153,-53,-125,-105,
2018-05-02,-383,25,-63,-12,217,
2018-05-03,-831,61,220,106,605,
2018-05-04,-640,-13,-19,114,395,
2018-05-07,-417,73,88,244,-46,
2018-05-08,-177,12,-7,72,-16,
2018-05-09,-310,62,-4,67,-11,
2018-05-10,-3,1161,-163,-1179,12,
2018-05-11,-202,32,-31,89,13,
2018-05-14,-107,13,27,198,-153,
2018-05-15,-183,49,38,-101,127,
2018-05-16,-168,83,-139,38,-9,
2018-05-17,-214,9,-68,227,-58,
2018-05-18,-125,28571,74,2281,-30767,
2018-05-21,-436,21,167,143,228,
2018-05-22,-389,-224,139,214,301,
2018-05-23,-431,-269,120,153,474,
2018-05-24,-185,38,-295,-262,355,
2018-05-25,-332,-187,-18,93,325,
2018-05-28,-10,3,-3,-30,-95,
2018-05-29,14,-122,-231,-489,417,
2018-05-30,-419,40,-183,-180,406,
2018-05-31,-681,18,-26,-18,538,
2018-06-01,90,-38,-55,-119,-176,
2018-06-04,-35,22,-77,-63,-50,
2018-06-05,-34,12,-118,-94,-57,
2018-06-06,-118,94,-66,-104,-18,
2018-06-07,169,40,-113,-142,-221,
2018-06-08,-6,-25,-28,-41,-87,
2018-06-11,-126,-66,-22,17,81,
2018-06-12,-80,-218,-22,-173,345,
2018-06-13,49,-43,102,-119,1,
2018-06-14,-574,-21,68,23,411,
2018-06-15,-337,-205,31,-54,548,
2018-06-18,-432,-24,181,190,192,
2018-06-19,-67,-104,64,-12,48,
2018-06-20,-168,32,-31,-162,260,
2018-06-21,52,66,-23,-62,-51,
2018-06-22,179,-54,-63,-70,-179,
2018-06-25,35,29,-49,-122,-22,
2018-06-26,-32,78,8,-229,-15,
2018-06-27,-27,2249,210,294,-2608,
2018-06-28,-15,31,-29,-65,-11,
2018-06-29,-329,148,-103,-214,367,
2018-07-02,239,2,39,220,-534,
2018-07-03,-340,-19,81,151,212,
2018-07-04,-490,27,-2,-71,475,
2018-07-05,-237,5,222,91,79,
2018-07-06,-430,74,-34,-88,362,
2018-07-09,-147,-3,5,52,7,
2018-07-10,-78,-3,57,0,-11,
2018-07-11,44,26,47,52,-198,
2018-07-12,-72,8,109,111,-126,
2018-07-13,-46,1,80,-12,0,
2018-07-16,-103,15,107,-16,-11,
2018-07-17,-188,7,65,31,76,
2018-07-18,-219,68,-170,-447,370,
2018-07-19,-109,58,-22,-162,87,
2018-07-20,0,-50,-71,-526,643,
2018-07-23,120,-47,83,222,-411,
2018-07-24,-135,-282,101,320,-53,
2018-07-25,-52,-147,-53,213,-84,
2018-07-26,18,18,-122,-43,-97,
2018-07-27,1,12,-258,-245,106,
2018-07-30,-53,12,57,49,-90,
2018-07-31,-62,-8,82,155,-247,
2018-08-01,-5,-233,-40,19,213,
2018-08-02,-157,6,-24,36,-7,
2018-08-03,-420,15,-172,-59,268,
2018-08-06,-396,7,-10,54,-296,
2018-08-07,-179,88,-162,-415,437,
2018-08-08,-191,25,55,-67,176,
2018-08-09,-64,27,16,109,-191,
2018-08-10,-68,12,24,145,-163,
2018-08-13,0,34,46,6,-122,
2018-08-14,-46,54,-26,-7,-150,
2018-08-15,-53,21,-9,31,115,
2018-08-16,-288,-33,127,105,148,
2018-08-17,70,-7,-2,-63,-52,
2018-08-20,-93,7,15,42,-134,
2018-08-21,-80,232,-95,-496,259,
2018-08-22,-2,55,-47,-289,-63,
2018-08-23,-132,10,73,14,4,
2018-08-24,-39,-7,39,-292,108,
2018-08-27,-9,102,-43,-69,-105,
2018-08-28,209,106,59,67,-448,
2018-08-29,-186,92,-26,-71,-13,
2018-08-30,-178,163,-58,-90,122,
2018-08-31,-46,19,-60,-139,74,
2018-09-04,-2,-4,92,173,-250,
2018-09-05,-195,-21,97,155,-39,
2018-09-06,-78,0,-11,45,-93,
2018-09-07,120,32,-130,-139,-181,
2018-09-10,117,13,-118,-119,-141,
2018-09-11,373,110,-92,-80,-471,
2018-09-12,128,47,43,128,-371,
2018-09-13,17,-67,129,105,-116,
2018-09-14,104,31,73,-73,-196,
2018-09-17,85,-22,-9,48,-226,
2018-09-18,-93,0,-42,-218,183,
2018-09-19,21,43,4,-429,-94,
2018-09-20,-9,17,14,58,-148,
2018-09-21,-773,-9,76,146,479,
2018-09-24,21,33,-14,-90,-62,
2018-09-25,77,5,-48,-157,-168,
2018-09-26,65,-35,20,-10,-160,
2018-09-27,111,-8,37,48,-268,
2018-09-28,205,16,-27,18,-325,
2018-10-01,90,0,128,2,-188,
2018-10-02,-195,11318,-128,86,-166,
2018-10-03,-55,13,69,-85,-6,
2018-10-04,-448,13,12,3,371,
2018-10-05,-354,349,-135,125,-232,
2018-10-08,-183,56,-23,-149,269,
2018-10-09,-133,34,-62,-84,104,
2018-10-10,-377,24,30,107,162,
2018-10-11,-278,-6,113,325,-231,
2018-10-12,135,146,-135,-215,-154,
2018-10-15,76,-9,-202,-26,-122,
2018-10-16,0,1,-69,-113,22,
2018-10-17,-85,5,139,27,20,
2018-10-18,94,-2,42,-89,-18,
2018-10-19,-223,11,5,-200,242,
2018-10-22,-83,-5,33,71,-9,
2018-10-23,-63,0,69,73,-72,
2018-10-24,-117,0,-99,138,-81,
2018-10-25,-138,-24,-238,21,37,
2018-10-26,30,-20,28,37,-74,
2018-10-29,-51,-14,76,188,-252,
2018-10-30,-103,7,79,50,44,
2018-10-31,-141,-22,-51,-120,-36,
2018-11-01,-156,2295,-199,135,40,
2018-11-02,-253,11,137,-184,303,
2018-11-05,24,39,-218,-135,61,
2018-11-06,46,-35,-14,-29,-46,
2018-11-07,92,-3,-194,-133,-36,
2018-11-08,15,20,-20,25,-141,
2018-11-09,78,83,-165,-246,15,
2018-11-12,-32,-193,-22,45,131,
2018-11-13,-47,-30,27,12,30,
2018-11-14,128,-138,43,36,-157,
2018-11-15,-40,-319,16,-110,192,
2018-11-16,-116,-12,168,-81,68,
2018-11-19,-92,-1,-10,-60,0,
2018-11-20,-33,-45,-23,-87,-73,
2018-11-21,-131,-50,31,-63,-12,
2018-11-22,-75,0,14,-140,-248,
2018-11-23,35,83,11,29,-192,
2018-11-26,36,0,19,-963,838,
2018-11-27,89,0,-42,-8,-135,
2018-11-28,30,26,-8,328,-491,
2018-11-29,77,19,25,-44,-158,
2018-11-30,-66,53,-44,298,-43,
2018-12-03,142,0,18,-564,395,
2018-12-04,2,32,35,-971,581,
2018-12-05,-9,-9,43,-629,516,
2018-12-06,-2,-63,-1,-202,79,
2018-12-07,-33,-18,132,-562,498,
2018-12-10,2,40,-17,-660,443,
2018-12-11,14,32,-34,-754,592,
2018-12-12,81,7,-8,-925,688,
2018-12-13,-57,16,-74,-48,-74,
2018-12-14,-31,31,3,-696,629,
2018-12-17,28,-56,145,-484,-153,
2018-12-18,89,296,50,-135,-579,
2018-12-19,-156,0,29,-45,111,
2018-12-20,-95,16,-82,-118,141,
2018-12-21,-434,122,104,131,30,
2018-12-24,17,36,173,189,-294,
2018-12-25,29,-6,93,928,-1062,
2018-12-26,86,11,66,163,-361,
2018-12-27,241,-63,46,-6,-475,
2018-12-28,371,21,62,-17,-644,
2019-01-02,142,2,-134,-42,-118,
2019-01-03,136,4,-283,-181,6,
2019-01-04,-76,0,-130,-163,183,
2019-01-07,-45,0,2,16,-5,
2019-01-08,-121,-3,-17,-7,92,
2019-01-09,-1,34,86,52,-129,
2019-01-10,74,66,17,-58,-156,
2019-01-11,172,1,-48,10,-273,
2019-01-14,36,4,-48,140,-242,
2019-01-15,67,-2,-46,-24,-80,
2019-01-16,30,565,-2,-234,-705,
2019-01-17,26,0,-30,-94,3,
2019-01-18,-11,-12,-1,-38,8,
2019-01-21,-70,40,-33,-34,54,
2019-01-22,-19,82,-34,-15,-105,
2019-01-23,44,-21,-34,63,-107,
2019-01-24,-30,6,196,223,-246,
2019-01-25,50,-82,64,-6,-83,
2019-01-28,122,-6,-15,59,-246,
2019-01-29,198,-37,12,43,-395,
2019-01-30,89,-8,34,91,-206,
2019-01-31,-84,-35,22,114,-36,
2019-02-01,6,165,7,-151,-42,
2019-02-11,35,-25,54,66,-86,
2019-02-12,139,-68,-39,15,-134,
2019-02-13,303,-65,-146,173,-354,
2019-02-14,305,1163,-118,-36,-1455,
2019-02-15,136,6,19,12,-189,
2019-02-18,53,-65,-229,-47,80,
2019-02-19,123,92,63,239,-513,
2019-02-20,101,148,-59,59,-341,
2019-02-21,178,80,-58,316,-602,
2019-02-22,67,-5,-110,-120,-48,
2019-02-25,98,28,122,-95,-88,
2019-02-26,47,108,-50,-83,-171,
2019-02-27,8,45,172,133,-239,
2019-02-28,-264,-85,-54,52,227,
2019-03-01,-99,-1,-118,-100,95,
2019-03-04,-148,12,87,78,-1,
2019-03-05,57,37,-36,32,-303,
2019-03-06,23,50,-134,-294,114,
2019-03-07,-100,132,-191,-217,61,
2019-03-08,-19,32,-109,-79,-180,
2019-03-11,-37,43,-111,-181,5,
2019-03-12,8,21,12,25,-152,
2019-03-13,95,31,-127,-105,-131,
2019-03-14,-11,-12,-64,-3,-91,
2019-03-15,-424,239,125,170,-119,
2019-03-18,-95,16,76,110,-405,
2019-03-19,154,37,24,80,-543,
2019-03-20,-3,72,-7,-82,-341,
2019-03-21,119,22,17,66,-267,
2019-03-22,240,22,90,9,-500,
2019-03-25,174,24,23,-417,-184,
2019-03-26,-84,-41,293,282,-299,
2019-03-27,49,60,-277,-16,-126,
2019-03-28,169,-17,-24,123,-559,
2019-03-29,99,39,-1,52,-252,
2019-04-01,70,2,-15,220,-703,
2019-04-02,140,120,-64,-385,26,
2019-04-03,-65,1,25,-175,159,
2019-04-04,-27,-2,-9,9,-65,
2019-04-05,-84,31,70,139,-929,
2019-04-08,133,11,34,-87,-145,
2019-04-09,-250,-39,-40,118,51,
2019-04-10,61,21,-259,-132,-56,
2019-04-11,-78,16,-56,-71,82,
2019-04-12,33,1,64,-40,-169,
2019-04-16,187,4,59,35,-289,
2019-04-17,123,38,43,6,-308,
2019-04-18,172,0,115,68,-323,
2019-04-19,-3,-24,49,117,-123,
2019-04-22,45,32,1,13,-146,
2019-04-23,-42,-169,-109,-87,11,
2019-04-24,172,14,-115,-61,-163,
2019-04-25,-3,-8,-80,28,-159,
2019-04-26,-4,26,-49,-189,70,
2019-05-02,46,0,2,-22,-123,
2019-05-03,57,0,109,42,-166,
2019-05-06,77,1,-61,50,-225,
2019-05-07,-118,-37,14,-116,102,
2019-05-08,-85,-4,174,189,-152,
2019-05-09,-115,19,23,24,14,
2019-05-10,-183,-37,82,123,36,
2019-05-13,-162,45,14,91,-44,
2019-05-14,-207,-5,-47,190,37,
2019-05-15,-221,58,-19,325,-69,
2019-05-16,-137,-66,129,474,-378,
2019-05-17,12,-3,25,83,-89,
2019-05-20,-44,14,177,294,-258,
2019-05-21,-193,5789,199,-5605,-107,
2019-05-22,-155,131,95,144,-45,
2019-05-23,-84,-23,179,56,70,
2019-05-24,-306,21,186,256,-21,
2019-05-27,68,-1,-141,-83,-78,
2019-05-28,-21,48,9,-92,-141,
2019-05-29,93,44,-55,-102,-62,
2019-05-30,-49,-640,118,124,10,
2019-05-31,199,4,184,4,-239,
2019-06-03,138,-146,-130,63,-158,
2019-06-04,121,71,-236,-518,66,
2019-06-05,42,35,64,57,-188,
2019-06-06,-123,71,93,-1,13,
2019-06-07,-118,133,13,146,-220,
2019-06-10,75,99,230,-117,-134,
2019-06-11,21,242,37,162,-509,
2019-06-12,-44,16,52,38,-18,
2019-06-13,-133,54,-90,-81,120,
2019-06-14,-5,-57,-72,-67,7,
2019-06-17,93,10,-157,-6,-132,
2019-06-18,26,-10,-196,-158,37,
2019-06-19,1,31,7,133,-203,
2019-06-20,-69,59,84,70,-159,
2019-06-21,-362,11,4,8,263,
2019-06-24,15,-108,98,148,-212,
2019-06-25,-21,-37,196,233,-386,
2019-06-26,139,20,150,67,-326,
2019-06-27,45,-28,91,137,-233,
2019-06-28,208,-33,-109,-232,-279,
2019-07-01,-57,-52,178,217,-157,
2019-07-02,38,-74,33,-40,32,
2019-07-03,6,-17,-93,-44,28,
2019-07-04,7,110,9,88,-407,
2019-07-05,217,-127,-44,-153,-5,
2019-07-08,161,31,-181,-326,74,
2019-07-09,157,-29,-127,-215,-112,
2019-07-10,163,29,378,63,-280,
2019-07-11,93,22,112,167,-231,
2019-07-12,316,15,-118,-307,16,
2019-07-15,-18,17,-146,-148,247,
2019-07-16,398,58,87,-127,-374,
2019-07-17,216,-4,-146,-289,43,
2019-07-18,84,1,-155,-285,162,
2019-07-19,136,11,19,-7,-220,
2019-07-22,84,73,126,34,-172,
2019-07-23,56,-12,-10,245,-178,
2019-07-24,62,125,54,65,-321,
2019-07-25,109,-69,39,-10,30,
2019-07-26,64,4,15,-30,-64,
2019-07-29,2,7,52,78,-301,
2019-07-30,1,-178,-70,199,-148,
2019-07-31,45,-37,-110,-188,149,
2019-08-01,-77,-22,-73,,,lin_eq_pn_unavail
2019-08-02,-18,-183,-16,78,84,
2019-08-05,-202,-88,104,316,-157,
2019-08-06,-237,-6,150,228,22,
2019-08-07,-108,-112,-23,299,458,
2019-08-08,-69,-53,-26,-84,89,
2019-08-09,-38,-64,-24,642,-606,
2019-08-12,29,-47,70,322,-341,
2019-08-13,-106,-195,32,188,129,
2019-08-14,-197,-25,5,119,112,
2019-08-15,-65,0,31,225,-261,
2019-08-16,-153,-75,126,347,-152,
2019-08-19,-43,924,32,186,-1134,
2019-08-20,-112,35,-3,51,-143,
2019-08-21,-70,184,-50,233,-477,
2019-08-22,-17,-70,33,577,-601,
2019-08-23,-135,-85,10,82,51,
2019-08-26,-94,-104,-78,-72,202,
2019-08-27,-71,-5,-3,152,-74,
2019-08-28,-11,42,-11,-51,50,
2019-08-29,18,-12,-2,-74,39,
2019-08-30,48,-15,-23,-179,70,
2019-09-03,18,-29,17,-45,-510,
2019-09-04,-42,8,31,75,-663,
2019-09-05,-126,10,86,624,-544,
2019-09-06,39,265,64,418,-462,
2019-09-09,21,339,-189,303,-861,
2019-09-10,57,1,19,76,-215,
2019-09-11,-11,9,-23,415,-541,
2019-09-12,-42,-10,-67,115,-47,
2019-09-13,-45,11,-117,-91,90,
2019-09-16,-32,-8,-44,-46,2,
2019-09-17,33,-218,-19,-33,-10,
2019-09-18,58,-5,1,-72,-142,
2019-09-19,-10,7,56,-219,-26,
2019-09-20,-642,276,145,256,-30,
2019-09-23,-61,67,1,88,-146,
2019-09-24,-15,-1,-22,163,-372,
2019-09-25,-88,15,65,-171,285,
2019-09-26,-110,3,39,136,-5,
2019-09-27,-84,38,-7,-157,190,
2019-09-30,-88,13,87,219,-34,
2019-10-01,-147,7,5,-438,70,
2019-10-02,-250,-96,74,133,112,
2019-10-03,-204,2,178,332,-948,
2019-10-04,-158,-108,99,322,-211,
2019-10-07,-44,-1,82,147,-233,
2019-10-08,-11,-1,-17,40,-42,
2019-10-09,16,-29,-16,48,-3,
2019-10-10,9,-90,10,-236,165,
2019-10-11,1,-70,-77,10,5,
2019-10-14,29,-3,-58,-27,16,
2019-10-15,-57,-102,-62,159,5,
2019-10-16,6,-77,-27,141,-48,
2019-10-17,-14,33,-281,-151,120,
2019-10-18,36,4,67,92,-265,
2019-10-21,-55,17,-90,-102,-15,
2019-10-22,9,14,271,328,-353,
2019-10-23,-3,-5,13,180,-180,
2019-10-24,-66,-18,-59,85,102,
2019-10-25,-13,-4,-151,122,-12,
2019-10-28,-16,32,37,-73,-46,
2019-10-29,-123,43,-9,-30,14,
2019-10-30,-61,15,51,-69,92,
2019-10-31,-183,76,78,-87,143,
2019-11-01,295,-41,-56,81,-343,
2019-11-04,56,4,-16,-45,-68,
2019-11-05,-22,51,-99,29,21,
2019-11-06,-63,-26,23,205,-185,
2019-11-07,86,48,-69,-132,-47,
2019-11-08,16,-9,14,116,-25,
2019-11-11,31,-21,37,-138,-50,
2019-11-12,-98,-53,43,-171,118,
2019-11-13,-86,-653,324,319,253,
2019-11-14,25,16,219,259,-500,
2019-11-15,-164,-17,89,299,-85,
2019-11-18,-68,-38,33,153,-80,
2019-11-19,-50,23,61,101,-293,
2019-11-20,-32,18,17,380,-416,
2019-11-21,-81,-249,-807,-340,593,
2019-11-22,-37,26,53,355,-377,
2019-11-25,-25,88,8,260,-313,
2019-11-26,-178,-18,51,499,-394,
2019-11-27,82,-9,61,397,-563,
2019-11-28,58,-14,16,356,-545,
2019-11-29,152,-86,43,73,-228,
2019-12-02,-15,2,25,805,-869,
2019-12-03,-258,25,128,3260,-3106,
2019-12-04,-234,32,98,427,-388,
2019-12-05,-51,9,-109,166,-108,
2019-12-06,-47,8,-3,726,-964,
2019-12-09,77,-19,-83,174,-347,
2019-12-10,-141,-5,-52,408,-433,
2019-12-11,-133,-35,-16,4,-6,
2019-12-12,-172,0,26,-80,240,
2019-12-13,-37,53,-155,-18,-81,
2019-12-16,-105,201,34,-153,-201,
2019-12-17,-30,0,26,-16,34,
2019-12-18,27,-52,-119,1151,-764,
2019-12-19,189,4,-253,-190,-39,
2019-12-20,-233,-95,107,216,32,
2019-12-23,43,3,100,79,-324,
2019-12-24,34,46,-163,-138,-30,
2019-12-25,-11,0,62,17,-121,
2019-12-26,77,-10,66,1082,-1299,
2019-12-27,42,-2,49,115,-233,
2019-12-30,71,3,-41,111,-281,
2019-12-31,-114,-22,-12,160,-69,
2020-01-02,-31,0,69,251,-290,
2020-01-03,160,-7,-54,-18,-176,
2020-01-06,18,13,68,163,-210,
2020-01-07,-60,0,8,112,-97,
2020-01-08,106,-267,256,355,-203,
2020-01-09,73,73,-40,8,-213,
2020-01-10,98,974,77,221,-355,
2020-01-13,76,-5,3,168,-281,
2020-01-14,49,196,-263,-72,-251,
2020-01-15,35,-70,17,48,-15,
2020-01-16,12,35,-21,126,-233,
2020-01-17,67,-15,47,12,-204,
2020-01-20,-63,590,-302,-145,-414,
2020-01-21,8,8,-48,-95,35,
2020-01-22,82,-3,-42,-63,-47,
2020-01-30,-165,-19,121,153,21,
2020-01-31,-65,43,270,154,-142,
2020-02-03,56,-5,93,316,-454,
2020-02-04,-201,-11,-113,-168,311,
2020-02-05,-152,-21,-146,-61,161,
2020-02-06,-179,12,-170,-216,324,
2020-02-07,-39,-87,-24,-23,105,
2020-02-10,46,-12,33,79,-155,
2020-02-11,-35,-22,21,-14,58,
2020-02-12,-71,23,-36,-21,-60,
2020-02-13,-23,0,22,54,-118,
2020-02-14,-105,16,-12,116,-103,
2020-02-17,-129,0,22,-20,40,
2020-02-18,-260,-25,36,83,114,
2020-02-19,-204,-13,21,-39,106,
2020-02-20,-276,-19,24,-49,218,
2020-02-21,-81,-36,45,-176,157,
2020-02-24,150,-150,106,109,-229,
2020-02-25,-91,-21,47,35,14,
2020-02-26,-228,-4,43,97,9,
2020-02-27,-219,-21,-4,-90,210,
2020-02-28,-362,-15,61,75,229,
2020-03-02,-358,62,301,408,-210,
2020-03-03,-313,44,97,-21,180,
2020-03-04,-321,-37,110,26,217,
2020-03-05,-17,7,-74,-163,35,
2020-03-06,-37,7,-122,-149,86,
2020-03-09,-203,-26,78,358,-252,
2020-03-10,-339,-59,-52,-49,421,
2020-03-11,-214,-32,-90,3,165,
2020-03-12,-399,-39,62,251,100,
2020-03-13,-655,-14,101,295,310,
2020-03-16,-379,-9,14,-193,543,
2020-03-17,-502,-61,170,405,31,
2020-03-18,-498,-98,-51,-45,413,
2020-03-19,-615,139,8,-141,442,
2020-03-20,-906,-10,25,122,714,
2020-03-23,-372,-12,-74,309,-45,
2020-03-24,-554,-107,89,146,445,
2020-03-25,-284,-54,-147,-102,309,
2020-03-26,-49,5,-212,-208,63,
2020-03-27,42,-24,-155,-235,-19,
2020-03-30,-67,-89,64,148,-156,
2020-03-31,-386,-7,-20,73,268,
2020-04-01,-128,1,-42,145,-316,
2020-04-03,-325,-50,-71,45,301,
2020-04-06,-641,-29,-102,-200,732,
2020-04-07,-347,-16,-124,-29,270,
2020-04-08,-175,-42,0,64,-26,
2020-04-09,-298,7,-159,-162,218,
2020-04-10,-62,2,-78,-138,35,
2020-04-13,-158,-89,-109,-44,80,
2020-04-14,-144,-9,-85,-52,107,
2020-04-15,-179,-6,13,11,18,
2020-04-16,-169,-10,-220,-233,256,
2020-04-17,-397,5,-565,-535,710,
2020-04-20,-339,-3,-49,-45,241,
2020-04-21,-176,-34,-90,-80,119,
2020-04-22,-362,48,-87,-225,407,
2020-04-23,-312,-2,-51,-50,242,
2020-04-24,-304,-41,-29,11,210,
2020-04-27,-460,-3,-45,32,240,
2020-04-28,-389,-7,-9,177,103,
2020-04-29,-180,-313,-13,144,-22,
2020-05-04,-88,0,-33,107,-128,
2020-05-05,-110,-1,59,111,-86,
2020-05-06,-222,-2158,-32,135,2097,
2020-05-07,-74,-46,140,258,-128,
2020-05-08,114,-41,1083,1308,-1456,
2020-05-11,196,-624,-34,15,192,
2020-05-12,106,-11,-124,-159,-274,
2020-05-13,7,69,-446,-854,532,
2020-05-14,-2,2454,-182,-177,-2390,
2020-05-15,-99,205,-190,-184,6,
2020-05-18,-110,21,-14,-43,49,
2020-05-19,-108,12,172,342,-424,
2020-05-20,61,52,-14,-3,-139,
2020-05-21,-93,25,312,493,-501,
2020-05-22,35,-9,-269,-217,81,
2020-05-25,-34,-44,-19,-5,-125,
2020-05-26,-20,-20,-146,-166,66,
2020-05-27,-104,-12,-119,-108,21,
2020-05-28,293,-14,-63,-47,-2519,
2020-05-29,-41,-11,-122,-164,8,
2020-06-01,52,42,1,-90,-1076,
2020-06-02,53,-20,137,161,-345,
2020-06-03,57,-121,302,264,-201,
2020-06-04,-22,-141,78,-477,586,
2020-06-05,-13,-137,138,267,-243,
2020-06-08,157,198,-317,-367,-188,
2020-06-09,-334,186,-225,-293,223,
2020-06-10,128,60,-237,-253,-91,
2020-06-11,127,132,-37,-203,-410,
2020-06-12,-69,-185,245,334,-213,
2020-06-15,-246,15103,-1,-1473,-10738,
2020-06-16,47,10,-176,-223,-74,
2020-06-17,70,29,-174,-232,46,
2020-06-18,108,-124,-71,-146,79,
2020-06-19,-24,-23,-150,-87,25,
2020-06-22,-15,-7,50,69,-135,
2020-06-23,-140,13,-115,-6,-117,
2020-06-24,-55,116,5,-37,-104,
2020-06-25,-103,51,-43,-144,99,
2020-06-26,-144,115,-30,-144,-22,
2020-06-29,-169,22,0,66,-247,
2020-06-30,-25,-7,-136,-14,-36,
2020-07-01,-8,126,3,-347,-225,
2020-07-02,-121,-57,25,-18,130,
2020-07-03,40,119,-13,-112,-308,
2020-07-06,26,-1,4,-6,-91,
2020-07-07,4,54,-98,55,-257,
2020-07-08,-185,-128,-11,-242,77,
2020-07-09,-111,-52,186,237,-662,
2020-07-10,-168,6,-28,-19,48,
2020-07-13,-102,39,30,-19,59,
2020-07-14,-76,3,-113,-222,29,
2020-07-15,-111,1,126,243,-217,
2020-07-16,-47,22,55,90,-152,
2020-07-17,-10,6,-44,-55,-47,
2020-07-20,-239,0,-3,-39,152,
2020-07-21,-314,11,29,14,193,
2020-07-22,-143,-5,-46,-288,316,
2020-07-23,-84,2,14,78,-117,
2020-07-24,177,79,44,-246,-286,
2020-07-27,273,22,101,280,-819,
2020-07-28,199,17,14,-207,-104,
2020-07-29,98,206,-264,102,-537,
2020-07-30,-13,27,16,105,-230,
2020-07-31,-91,-39,220,175,-152,
2020-08-03,24,-11,102,-258,17,
2020-08-04,-37,-77,57,0,-14,
2020-08-05,20,3,-144,169,-419,
2020-08-06,42,-30,62,102,-259,
2020-08-07,99,-188,-6,-78,-95,
2020-08-10,-144,-44,276,245,-113,
2020-08-11,-118,-3,17,-12,-38,
2020-08-12,-107,12,-7,17,-80,
2020-08-13,-123,-7,85,195,-162,
2020-08-14,-213,6,11,165,-102,
2020-08-17,-79,-4,8,84,-105,
2020-08-18,-215,-68,78,213,-90,
2020-08-19,-17,-3,47,168,-207,
2020-08-20,-123,1549,-479,55,-1668,
2020-08-21,-239,-32,61,161,55,
2020-08-24,-392,-4,201,185,80,
2020-08-25,-378,-78,207,737,-402,
2020-08-26,-352,-9,41,62,154,
2020-08-27,-280,45,-182,-95,209,
2020-08-28,-441,-786,784,1044,49,
2020-08-31,-189,-99,-42,82,36,
2020-09-01,-179,-13,233,40,-72,
2020-09-03,-211,601,-232,-158,-329,
2020-09-04,-21,6,187,248,-267,
2020-09-07,-42,96,-245,5,-136,
2020-09-08,-329,-99,12,-6,326,
2020-09-09,-185,17,-310,-335,383,
2020-09-10,-616,5365,126,-2025,-2882,
2020-09-11,-363,54,-266,-506,558,
2020-09-14,-397,-31,200,32,32,
2020-09-15,-299,-62,-213,90,238,
2020-09-16,-168,3,-100,-42,104,
2020-09-17,-130,20,-556,-503,436,
2020-09-18,-105,37,22,-6,41,
2020-09-21,33,67,196,227,-483,
2020-09-22,36,46,24,-100,-117,
2020-09-23,53,72,137,-135,-285,
2020-09-24,-145,24,-34,-101,26,
2020-09-25,-154,23,99,153,-68,
2020-09-28,-403,17,-5,-4,268,
2020-09-29,-597,3,-43,-55,445,
2020-09-30,-261,11,40,96,82,
2020-10-01,-226,-45,51,127,45,
2020-10-02,-284,7,147,204,172,
2020-10-05,-183,4,-30,132,-39,
2020-10-06,-95,-1,-86,-30,25,
2020-10-07,-192,-1,16,-187,139,
2020-10-08,-68,-23,-34,-162,189,
2020-10-09,-35,-1,-102,-100,123,
2020-10-12,-265,-110,7,-16,391,
2020-10-13,-71,44,14,-38,65,
2020-10-14,-563,4,139,-27,548,
2020-10-15,-271,5,-242,-156,423,
2020-10-16,-352,-71,-78,-112,528,
2020-10-19,-382,22,21,-44,413,
2020-10-20,-360,-546,238,287,618,
2020-10-21,-290,-69,164,93,265,
2020-10-22,-596,-3,407,467,133,
2020-10-23,-369,130,550,785,-545,
2020-10-26,-343,-74,-33,95,322,
2020-10-27,-210,41,205,88,81,
2020-10-28,-484,4,539,373,102,
2020-10-29,-335,0,209,-23,358,
2020-10-30,-559,-13,21,-49,621,
2020-11-02,-508,0,157,181,327,
2020-11-03,-686,29,52,116,541,
2020-11-04,-621,-19,-213,-188,827,
2020-11-05,-49,75,67,-60,33,
2020-11-06,-200,51,-506,-434,583,
2020-11-09,-278,68,-62,-255,465,
2020-11-10,-722,-40,259,106,656,
2020-11-11,-580,-10,-282,-330,921,
2020-11-12,-154,20,209,268,-134,
2020-11-13,-73,281,-135,-205,-2,
2020-11-16,-397,-2,-306,-265,664,
2020-11-17,-120,3,-309,-208,325,
2020-11-18,198,262,-13,-138,-322,
2020-11-19,303,97,-174,-329,-71,
2020-11-20,60,52,227,350,-462,
2020-11-23,17,145,-250,135,-297,
2020-11-24,53,86,394,363,-502,
2020-11-25,-188,25,249,740,-577,
2020-11-26,-258,-213,184,135,336,
2020-11-27,-173,250,60,242,-319,
2020-11-30,-227,361,-223,-318,184,
2020-12-01,301,95,-29,-278,-118,
2020-12-02,293,-1298,-606,1332,-326,
2020-12-03,387,58,-319,-452,11,
2020-12-04,-48,3,223,147,-102,
2020-12-07,135,102,171,107,-341,
2020-12-08,-152,81,119,-350,420,
2020-12-09,8,29,49,190,-227,
2020-12-10,-254,472,-108,-168,-99,
2020-12-11,-2,689,33,-98,-589,
2020-12-14,-84,-374,-43,563,-105,
2020-12-15,-1002,185,-271,-192,1008,
2020-12-16,-302,80,-182,-235,457,
2020-12-17,-847,73,-373,-1295,2069,
2020-12-18,-72,124,281,150,-86,
2020-12-21,51,97,114,79,-227,
2020-12-22,-85,1,63,197,-113,
2020-12-23,-188,26,102,4,158,
2020-12-24,-91,20,443,580,-509,
2020-12-25,-230,0,133,-235,466,
2020-12-28,-441,92,356,400,-51,
2020-12-29,63,-434,174,299,71,
2020-12-30,-303,23,-41,-37,318,
2020-12-31,143,70,129,-72,-140,
2021-01-04,-427,62,197,-534,899,
2021-01-05,504,14,173,-162,-357,
2021-01-06,212,18,-376,-522,291,
2021-01-07,-343,42,-480,70,231,
2021-01-08,-320,-3,578,503,-179,
2021-01-11,-610,356,429,1160,-899,
2021-01-12,-404,152,290,374,-116,
2021-01-13,-468,191,153,-177,454,
2021-01-14,-108,1055,66,-677,-271,
2021-01-15,-465,-1643,84,-237,2345,
2021-01-18,-826,270,-340,-558,1115,
2021-01-19,115,3,335,158,-275,
2021-01-20,177,57,-628,-79,-145,
2021-01-21,-207,-28,-45,104,131,
2021-01-22,-274,221,-33,115,-62,
2021-01-25,-513,255,-409,-912,1201,
2021-01-26,-297,146,-223,-300,451,
2021-01-27,77,-58,-400,-504,484,
2021-01-28,523,-29,298,395,-889,
2021-01-29,278,863,326,-351,-790,
2021-02-01,176,8,-186,139,-323,
2021-02-02,93,13,503,854,-959,
2021-02-03,-107,1270,-247,177,-1340,
2021-02-04,-92,254,-426,-469,307,
2021-02-05,162,270,-112,-36,-396,
2021-02-08,-1430,23,-432,-1181,2589,
2021-02-09,-550,66,770,1093,-610,
2021-02-17,599,103,-23,-342,-360,
2021-02-18,467,151,-150,-38,-579,
2021-02-19,-66,53,-98,-26,38,
2021-02-22,-611,-2,110,-71,684,
2021-02-23,-697,79,-73,-752,1370,
2021-02-24,-670,-12,-317,-424,1106,
2021-02-25,-473,14,99,-149,608,
2021-02-26,-485,12,35,-148,622,
2021-03-01,-213,4,-133,-491,700,
2021-03-02,-703,-24,-243,-434,1162,
2021-03-03,-480,10,-134,-172,643,
2021-03-04,-257,22,185,-99,334,
2021-03-05,-1303,-39,114,-47,1389,
2021-03-08,-1214,-35,104,-79,1328,
2021-03-09,-1203,61,120,-176,1318,
2021-03-10,-475,2,-1,107,367,
2021-03-11,-379,111,240,44,224,
2021-03-12,-250,7,-171,-519,762,
2021-03-15,-451,41,113,0,410,
2021-03-16,-420,167,-172,-800,1052,
2021-03-17,-1146,101,-16,-94,1139,
2021-03-18,-429,80,208,276,357,
2021-03-19,-1365,244,-208,-149,1270,
2021-03-22,-524,60,15,-294,757,
2021-03-23,-372,90,-204,-227,623,
2021-03-24,-380,-1,-41,1002,-620,
2021-03-25,-559,828,113,790,-1058,
2021-03-26,-382,98,-103,44,240,
2021-03-29,-39,-117,-144,-858,1014,
2021-03-30,-352,57,-436,-1266,1559,
2021-03-31,-636,412,4,379,-156,
2021-04-01,-44,82,-278,-252,214,
2021-04-02,295,410,177,267,-972,
2021-04-05,44,91,-78,-230,95,
2021-04-06,-129,118,107,-127,138,
2021-04-07,-149,90,-127,-509,567,
2021-04-08,-23,12,-91,225,-214,
2021-04-09,22,2311,-156,-641,-1693,
2021-04-12,-400,182,92,47,171,
2021-04-13,98,25,171,386,-510,
2021-04-14,-1086,103,-180,15,968,
2021-04-15,-737,-92,-145,-809,1638,
2021-04-16,-521,-37,-73,-216,774,
2021-04-19,-747,5,267,524,219,
2021-04-20,-606,47,329,389,170,
2021-04-22,-627,514,-195,-775,888,
2021-04-23,371,-33,85,39,-377,
2021-04-26,-313,393,-566,-556,476,
2021-04-27,279,124,-102,-379,-24,
2021-04-28,388,8,-203,-469,73,
2021-04-29,-401,5,288,-789,1185,
2021-05-04,-501,-200,325,861,-161,
2021-05-05,-757,-26,-36,290,494,
2021-05-06,-997,-107,-380,944,160,
2021-05-07,-476,143,-162,-219,552,
2021-05-10,51,38,-25,-377,288,
2021-05-11,-380,86,203,-12,306,
2021-05-12,-522,-45,384,844,-277,
2021-05-13,-1064,-103,-112,-4,1171,
2021-05-14,-1595,-20,344,562,1053,
2021-05-17,-1476,224,-279,-916,2168,
2021-05-18,-650,0,-161,-385,1035,
2021-05-19,-389,85,-158,-190,495,
2021-05-20,-286,-273,-118,319,239,
2021-05-21,-272,-21,-157,-185,478,
2021-05-24,-424,-194,237,76,541,
2021-05-25,-5,-78,-43,-492,575,
2021-05-26,118,-3,-72,-458,343,
2021-05-27,61,45,210,379,-485,
2021-05-28,-1,18,201,-212,195,
2021-05-31,-1597,-94,284,-300,1990,
2021-06-01,-584,-8,202,-123,714,
2021-06-02,-1328,115,437,111,1103,
2021-06-03,-1045,0,-296,-511,1556,
2021-06-04,-1118,-394,178,204,1307,
2021-06-07,-683,33,241,42,609,
2021-06-08,-413,53,334,413,-54,
2021-06-09,-684,41,-244,-154,797,
2021-06-10,262,-10,-429,-269,18,
2021-06-11,564,49,-7,-194,-419,
2021-06-14,71,-150,161,-587,666,
2021-06-15,188,-75,21,34,-147,
2021-06-16,85,-151,-211,-335,401,
2021-06-17,-165,51,-456,-565,679,
2021-06-18,-105,470,118,45,-411,
2021-06-21,-1168,71,-233,-54,1151,
2021-06-22,57,44,10,-516,415,
2021-06-23,97,67,-189,-516,352,
2021-06-24,28,155,68,-105,-79,
2021-06-25,82,0,50,690,-772,
2021-06-28,-355,138,-171,-362,578,
2021-06-29,14,29,142,-53,10,
2021-06-30,66,1688,-207,-448,-1307,
2021-07-01,-418,185,-146,-772,1005,
2021-07-02,34,1899,-549,-1278,-655,
2021-07-05,-136,71,-249,-565,630,
2021-07-06,34,13,217,272,-318,
2021-07-07,2155,-61,509,756,-2850,
2021-07-08,-203,-32,-252,-735,970,
2021-07-09,802,-12,-42,-417,-372,
2021-07-12,1367,35,553,1209,-2611,
2021-07-13,-207,-3,-97,-168,378,
2021-07-14,312,23,-154,224,-559,
2021-07-15,732,5,-750,-1318,581,
2021-07-16,26,43,-238,-607,538,
2021-07-19,119,-219,361,762,-662,
2021-07-20,-363,53,-120,367,-57,
2021-07-21,-188,-1263,-171,-401,1852,
2021-07-22,-107,-423,-194,-347,877,
2021-07-23,-84,-126,-501,-1140,1351,
2021-07-26,-262,191,160,175,-104,
2021-07-27,-221,507,332,-1099,813,
2021-07-28,-64,125,-67,-58,-3,
2021-07-29,-185,113,118,-1022,1095,
2021-07-30,459,-9,51,19,-469,
2021-08-02,197,99,-327,-827,531,
2021-08-03,43,114,-24,-386,228,
2021-08-04,391,426,-242,45,-863,
2021-08-05,655,449,-38,-243,-861,
2021-08-06,35,1,283,-354,318,
2021-08-09,-335,446,-70,-565,455,
2021-08-10,-1076,487,-204,-962,1551,
2021-08-11,-935,193,303,-825,1567,
2021-08-12,-144,0,-93,-732,876,
2021-08-13,-615,-165,-9,-357,1176,
2021-08-16,-960,1,-210,-813,1771,
2021-08-17,-1384,0,-40,-663,2048,
2021-08-18,-1869,-13,658,-15,1897,
2021-08-19,150,-819,-368,-839,1508,
2021-08-20,-428,-346,744,1140,-367,
2021-08-23,-377,-4,212,694,-313,
2021-08-24,134,-1,-130,242,-375,
2021-08-25,-91,81,-278,-439,449,
2021-08-26,-458,55,-243,172,231,
2021-08-27,-130,-256,0,547,-162,
2021-08-30,-391,0,125,-8,399,
2021-08-31,-190,0,-168,-126,316,
2021-09-01,-327,-290,-60,-867,1485,
2021-09-06,-327,37,-24,141,151,
2021-09-07,-545,-281,62,-351,1176,
2021-09-08,-374,-109,28,-584,1066,
2021-09-09,-537,22,42,-639,1153,
2021-09-10,-850,99,56,-322,1073,
2021-09-13,-409,-24,121,761,-328,
2021-09-14,-428,-326,128,1020,-265,
2021-09-15,-4,-12,360,271,-255,
2021-09-16,-1303,-20,21,165,1158,
2021-09-17,-1693,-1,390,398,1296,
2021-09-20,-137,183,28,-21,-25,
2021-09-21,-353,-96,237,79,370,
2021-09-22,-250,47,-138,-806,1009,
2021-09-23,-372,0,15,-203,575,
2021-09-24,49,100,-54,-366,217,
2021-09-27,-272,9,-199,-61,324,
2021-09-28,492,-6,384,826,-1312,
2021-09-29,-529,15,-70,4,510,
2021-09-30,-210,32,92,-42,221,
2021-10-01,-465,-79,-148,166,378,
2021-10-04,-318,-25,173,494,-152,
2021-10-05,-478,1037,-26,-940,380,
2021-10-06,-452,-74,213,-121,646,
2021-10-07,-599,20,281,-76,655,
2021-10-08,-130,0,58,11,119,
2021-10-11,208,215,345,1016,-1439,
2021-10-12,-307,268,88,213,-174,
2021-10-13,-540,22,454,803,-284,
2021-10-14,-662,19,-60,-334,977,
2021-10-15,85,0,354,92,-176,
2021-10-18,-618,13,-46,-386,992,
2021-10-19,-465,-2,-66,-444,911,
2021-10-20,-1423,60,-49,411,951,
2021-10-21,-850,61,-585,-1239,2028,
2021-10-22,-288,74,-134,-6,220,
2021-10-25,-771,-444,-63,522,692,
2021-10-26,-28,-32,350,-76,136,
2021-10-27,1047,-19,809,1885,-2913,
2021-10-28,617,10,596,917,-1543,
2021-10-29,-112,174,255,89,-151,
2021-11-01,-1290,29,-244,-848,2109,
2021-11-02,-626,-542,-211,233,934,
2021-11-03,205,75,-927,-245,-35,
2021-11-04,-191,118,-352,-548,619,
2021-11-05,200,31,140,317,-547,
2021-11-08,479,30,-55,511,-1021,
2021-11-09,29,-20,-330,-2266,2256,
2021-11-10,-409,-362,-205,-366,1136,
2021-11-11,-1236,26,116,169,1040,
2021-11-12,216,1,162,-155,-62,
2021-11-15,-125,232,196,239,-345,
2021-11-16,79,131,-149,-1116,905,
2021-11-17,-361,149,-92,177,36,
2021-11-18,-488,17,-873,-1527,1998,
2021-11-19,-937,121,136,252,564,
2021-11-22,421,82,-30,-42,-462,
2021-11-23,195,32,-13,-578,351,
2021-11-24,-784,-191,-44,-561,1535,
2021-11-25,-649,-310,202,-441,1399,
2021-11-26,-1883,-214,13,210,1887,
2021-11-29,-482,126,-173,50,305,
2021-11-30,-616,12,-53,-7,611,
2021-12-01,-1092,23,131,412,657,
2021-12-02,-748,10,-70,-806,1543,
2021-12-03,-441,26,-278,167,248,
2021-12-06,303,6,201,596,-905,
2021-12-07,257,46,42,-508,205,
2021-12-08,-135,19,-185,-697,813,
2021-12-09,336,13,33,-132,-218,
2021-12-10,-479,6,-343,-169,642,
2021-12-13,-67,22,-82,16,29,
2021-12-14,-893,15,-141,-158,1037,
2021-12-15,-292,142,-213,347,-197,
2021-12-16,-138,-20,-669,-816,974,
2021-12-17,-668,-32,-3,142,558,
2021-12-20,30,-46,-289,-486,502,
2021-12-21,-17,67,-79,-36,-13,
2021-12-22,181,27,-156,-128,-80,
2021-12-23,-621,0,292,-70,690,
2021-12-24,-25,48,165,197,-219,
2021-12-27,486,-41,87,508,-954,
2021-12-28,410,-42,501,911,-1280,
2021-12-29,225,6,164,-969,739,
2021-12-30,69,-1,-105,-232,163,
2021-12-31,121,0,266,210,-331,
2022-01-04,464,-30,199,122,-556,
2022-01-05,-168,-93,187,312,-50,
2022-01-06,-315,43,105,577,-306,
2022-01-07,-471,-3,301,69,405,
2022-01-10,-466,-8,283,206,268,
2022-01-11,103,1,-57,1553,-1657,
2022-01-12,424,9,-29,-191,-242,
2022-01-13,-142,24,-119,-284,403,
2022-01-14,664,106,92,-351,-418,
2022-01-17,132,70,-227,-505,303,
2022-01-18,874,25,481,624,-1522,
2022-01-19,-15,-4790,251,176,4629,
2022-01-20,-144,-7,-53,-118,269,
2022-01-21,-1064,-55,-296,-1087,2206,
2022-01-24,-135,-87,-490,-716,938,
2022-01-25,1279,14,25,-262,-1030,
2022-01-26,482,-166,-297,-728,412,
2022-01-27,229,-84,-95,3,-149,
2022-01-28,365,-30,539,611,-946,
2022-02-07,355,-47,47,-328,21,
2022-02-08,-340,-7,224,-718,1065,
2022-02-09,257,-36,-407,-884,663,
2022-02-10,-708,-26,-180,-337,1071,
2022-02-11,-503,-28,194,24,508,
2022-02-14,-290,0,65,175,116,
2022-02-15,1001,-18,272,268,-1279,
2022-02-16,-24,14,-100,129,-119,
2022-02-17,613,156,67,600,-1369,
2022-02-18,100,2,-223,-389,287,
2022-02-21,195,-19,149,369,-545,
2022-02-22,-108,0,-364,-429,537,
2022-02-23,151,4,-95,-315,159,
2022-02-24,-352,179,-18,633,-460,
2022-02-25,-68,4,-76,-511,575,
2022-02-28,-929,135,41,-222,1016,
2022-03-01,-249,399,-137,-838,688,
2022-03-02,-1168,2,648,1077,90,
2022-03-03,582,-36,,307,-853,
2022-03-04,-124,599,,-600,126,
2022-03-07,-1312,-154,,-291,1757,
2022-03-08,-1505,-15,,-384,1904,
2022-03-09,-1030,-39,,606,463,
2022-03-10,-743,0,,-429,1171,
2022-03-11,-518,-25,,-695,1239,
2022-03-14,-648,-76,,159,565,
2022-03-15,-468,39,,-798,1226,
2022-03-16,-290,-8,,-295,593,
2022-03-17,147,-10,,-1191,1054,
2022-03-18,-199,-18,,397,-180,
2022-03-21,952,149,,290,-1392,
2022-03-22,449,91,,-75,-465,
2022-03-23,817,203,,-501,-518,
2022-03-24,-100,-14,,-336,450,
2022-03-25,-35,-14,,149,-100,
2022-03-28,-47,-38,,267,-182,
2022-03-29,-218,241,,-388,365,
2022-03-30,65,60,,-20,-104,
2022-03-31,336,2,,339,-677,
2022-04-01,432,-18,,258,-672,
2022-04-04,-55,53,,-215,217,
2022-04-05,-255,-21,,-102,378,
2022-04-06,98,14,,-635,523,
2022-04-07,-532,6,,-231,759,
2022-04-08,-298,-9,,434,-126,
2022-04-12,-371,102,,698,-428,
2022-04-13,-3,1496,,-269,-1223,
2022-04-14,-217,0,,-293,510,
2022-04-15,50,57,,-396,289,
2022-04-18,-49,60,,621,-631,
2022-04-19,276,0,,-286,11,
2022-04-20,451,-11,,516,-956,
2022-04-21,912,25,,-79,-858,
2022-04-22,906,18,,1929,-2853,
2022-04-25,99,127,,-56,-170,
2022-04-26,1042,-2,,195,-1234,
2022-04-27,-248,-5,,-974,1227,
2022-04-28,-315,6,,-375,683,
2022-04-29,-94,190,,31,-127,
2022-05-04,-257,-48,,-787,1092,
2022-05-05,348,-43,,-73,-231,
2022-05-06,-39,-28,,93,-26,
2022-05-09,595,-21,,1118,-1692,
2022-05-10,737,-15,,793,-1515,
2022-05-11,-138,43,,-216,311,
2022-05-12,-106,0,,-637,743,
2022-05-13,7,580,,747,-1334,
2022-05-16,257,0,,-7,-250,
2022-05-17,-35,0,154,-138,173,
2022-05-18,227,-47,-639,-909,729,
2022-05-19,-121,-4,-252,-343,468,
2022-05-20,-420,0,133,-187,608,
2022-05-23,-472,36,-106,-162,598,
2022-05-24,197,-1,13,-20,-176,
2022-05-25,5,-1,5,-115,110,
2022-05-26,-280,4,-122,-477,753,
2022-05-27,41,82,1058,730,-854,
2022-05-30,304,1404,162,-1570,-138,
2022-05-31,155,237,-221,-536,144,
2022-06-01,579,21,358,145,-745,
2022-06-02,-560,24,-233,-665,1201,
2022-06-03,-182,0,29,-191,373,
2022-06-06,-10,65,-338,-298,244,
2022-06-07,129,31,-94,-495,335,
2022-06-08,239,34,-77,-76,-197,
2022-06-09,156,26,5,-263,82,
2022-06-10,87,1,-79,217,-304,
2022-06-13,-219,37,70,30,-42,
2022-06-14,312,0,98,685,-1199,
2022-06-15,-222,42,114,940,-760,
2022-06-16,704,-6,-240,-42,-657,
2022-06-17,352,-36,28,101,-417,
2022-06-20,-604,0,223,190,415,
2022-06-21,392,-9,412,591,-973,
2022-06-22,29,0,211,302,-332,
2022-06-23,355,0,-390,-649,67,
2022-06-24,-82,33,-203,-262,311,
2022-06-27,254,-4,31,-90,-160,
2022-06-28,105,52,79,-784,627,
2022-06-29,-43,11,180,18,171,
2022-06-30,0,6,-22,-62,56,
2022-07-01,-62,31,-91,21,61,
2022-07-04,-130,0,26,-76,199,
2022-07-05,-289,21,89,-2,201,
2022-07-06,-777,28,390,508,214,
2022-07-07,486,5,233,327,-840,
2022-07-08,-413,14,-223,-320,709,
2022-07-11,7,0,-98,-284,261,
2022-07-12,-299,16,-5,-222,476,
2022-07-13,-353,-204,-144,-314,872,
2022-07-14,150,-1,-79,-174,-46,
2022-07-15,-179,-316,85,-115,610,
2022-07-18,-101,-14,-8,13,102,
2022-07-19,-290,-1,107,15,301,
2022-07-20,161,7,-101,-300,102,
2022-07-21,362,27,1,296,-684,
2022-07-22,349,29,135,202,-585,
2022-07-25,158,0,212,199,-398,
2022-07-26,55,0,1,-230,173,
2022-07-27,-3,623,186,-81,-539,
2022-07-28,331,344,114,-146,-530,
2022-07-29,411,-444,-89,-313,-33,
2022-08-01,648,13,79,304,-964,
2022-08-02,570,-196,418,89,-466,
2022-08-03,658,-7,-379,-197,-444,
2022-08-04,266,-207,515,492,-530,
2022-08-05,-297,-7,22,-469,759,
2022-08-08,-210,112,53,-129,239,
2022-08-09,-38,-32,-1,-40,109,
2022-08-10,16,34,-62,-21,-41,
2022-08-11,82,-7,421,609,-708,
2022-08-12,140,-1,-22,42,-175,
2022-08-15,-24,89,-90,-7,-80,
2022-08-16,437,94,173,306,-770,
2022-08-17,-7,-40,170,555,-548,
2022-08-18,124,-4,-86,949,-1080,
2022-08-19,-136,33,215,213,-34,
2022-08-22,-228,0,72,-490,676,
2022-08-23,-45,-29,-360,-142,171,
2022-08-24,-168,5,-156,-1017,1115,
2022-08-25,53,38,-38,-435,333,
2022-08-26,-61,0,-104,-855,920,
2022-08-29,-371,0,209,67,333,
2022-08-30,-8,-5,87,72,-54,
2022-08-31,-79,-102,-45,-283,468,
2022-09-05,-174,-243,-156,-292,601,
2022-09-06,-274,5,35,72,198,
2022-09-07,-449,0,-218,-278,727,
2022-09-08,75,0,144,339,-495,
2022-09-09,164,14,27,218,-416,
2022-09-12,167,11,-405,-352,123,
2022-09-13,-280,16,-157,120,127,
2022-09-14,-16,-37,-220,-282,332,
2022-09-15,-345,13,-99,-559,900,
2022-09-16,-359,-63,-6,-127,565,
2022-09-19,149,0,129,221,-385,
2022-09-20,407,18,63,100,-545,
2022-09-21,-133,11,-419,-613,720,
2022-09-22,-393,-81,-32,-69,544,
2022-09-23,-276,-53,-328,-411,733,
2022-09-26,-558,2,390,411,20,
2022-09-27,-385,-2,159,21,366,
2022-09-28,-37,32,-119,33,-29,
2022-09-29,-150,-12,104,40,76,
2022-09-30,289,-106,782,1037,-1457,
2022-10-03,-552,20,-576,-762,1239,
2022-10-04,-434,-37,27,237,73,
2022-10-05,211,15,-316,-372,78,
2022-10-06,-147,13,-578,-410,463,
2022-10-07,258,1,-543,-718,459,
2022-10-10,378,201,-650,-2198,1619,
2022-10-11,140,19,-501,-652,493,
2022-10-12,1231,5,-258,18,-1254,
2022-10-13,442,10,-262,-167,-286,
2022-10-14,216,0,-156,-2584,2368,
2022-10-17,243,-8,-42,-371,135,
2022-10-18,-30,2,-25,-132,161,
2022-10-19,-56,-25,-30,135,-55,
2022-10-20,163,22,-120,410,-595,
2022-10-21,-435,-3,-212,-280,718,
2022-10-24,74,0,-79,-226,152,
2022-10-25,-85,1,86,279,-194,
2022-10-26,-79,22,43,115,-58,
2022-10-27,-168,-1,252,225,-56,
2022-10-28,-77,-3335,-208,-180,3592,
2022-10-31,-128,356,-263,-64,-165,
2022-11-01,-711,-50,25,244,517,
2022-11-02,-249,0,26,-209,457,
2022-11-03,251,0,128,94,-345,
2022-11-04,-10,1,609,144,-135,
2022-11-07,540,-19,-31,558,-1080,
2022-11-08,517,19,-507,466,-1002,
2022-11-09,351,214,-422,-570,5,
2022-11-10,68,-54,30,463,-477,
2022-11-11,2027,459,161,516,-3001,
2022-11-14,1667,35,94,746,-2448,
2022-11-15,1128,60,-408,123,-1312,
2022-11-16,619,38,-44,491,-1148,
2022-11-17,1435,71,341,489,-1995,
2022-11-18,-92,67,-169,453,-428,
2022-11-21,-9,49,-218,-289,249,
2022-11-22,191,70,-291,-391,131,
2022-11-23,57,2,-14,156,-215,
2022-11-24,312,-23,66,297,-586,
2022-11-25,952,10,159,313,-1276,
2022-11-28,1681,4,-79,284,-1968,
2022-11-29,2555,84,-149,-256,-2382,
2022-11-30,1644,12,635,-1079,-578,
2022-12-01,986,39,-206,-628,-397,
2022-12-02,2158,22,604,671,-2850,
2022-12-05,1330,50,-16,-851,-529,
2022-12-06,781,1,-396,-670,-113,
2022-12-07,1004,0,-87,-178,-826,
2022-12-08,610,-29,82,-89,-492,
2022-12-09,447,2,562,699,-1148,
2022-12-12,142,193,-417,-12,-323,
2022-12-13,877,22,145,597,-1496,
2022-12-14,28,0,23,-62,33,
2022-12-15,318,0,182,82,-401,
2022-12-16,275,0,41,-295,20,
2022-12-19,117,-12,-396,100,-206,
2022-12-20,1042,821,54,-625,-1239,
2022-12-21,439,1219,97,-17,-1641,
2022-12-22,365,-2853,802,1420,1068,
2022-12-23,296,-61,367,392,-627,
2022-12-26,348,97,-2,-24,-421,
2022-12-27,782,-9,-24,138,-911,
2022-12-28,424,-92,-483,562,-894,
2022-12-29,320,-179,-410,10,-151,
2022-12-30,462,47,-506,-569,61,
2023-01-03,242,-1,-52,88,-329,
2023-01-04,241,124,-59,-212,-153,
2023-01-05,676,-1,91,276,-951,
2023-01-06,280,70,58,-34,-317,
2023-01-09,497,40,-158,-106,-431,
2023-01-10,400,37,-49,151,-588,
2023-01-11,247,-2,189,194,-439,
2023-01-12,318,-11,-91,-510,204,
2023-01-13,356,-3394,138,380,2658,
2023-01-16,104,125,-93,291,-520,
2023-01-17,780,16,260,527,-1324,
2023-01-18,634,64,57,152,-850,
2023-01-19,789,8,66,61,-858,
2023-01-27,530,-8,460,416,-938,
2023-01-30,762,-17,-375,-421,-325,
2023-01-31,-64,-55,7,-164,283,
2023-02-01,85,7,-331,-832,740,
2023-02-02,433,0,322,433,-865,
2023-02-03,514,16,95,-441,-89,
2023-02-06,395,-2,-141,-82,-311,
2023-02-07,42,-7,-543,378,-413,
2023-02-08,382,2,274,308,-692,
2023-02-09,103,-83,80,77,-97,
2023-02-10,27,1,-196,-135,107,
2023-02-13,-81,0,161,360,-279,
2023-02-14,50,6,-151,-232,175,
2023-02-15,-329,2,57,206,121,
2023-02-16,-122,12,-20,-229,339,
2023-02-17,-25,13,-47,-65,77,
2023-02-20,-90,0,284,193,-103,
2023-02-21,-74,2,107,26,47,
2023-02-22,-364,0,47,-41,405,
2023-02-23,-620,-58,-13,30,648,
2023-02-24,-220,2,-206,-449,667,
2023-02-27,-641,-18,505,219,439,
2023-02-28,3,-3,-44,-439,440,
2023-03-01,-301,-13,305,128,186,
2023-03-02,-116,-5,-120,-111,232,
2023-03-03,-118,-9,-189,-291,418,
2023-03-06,-106,5,-205,-197,297,
2023-03-07,158,0,165,367,-525,
2023-03-08,260,-16,-212,-250,6,
2023-03-09,188,4,-137,-12,-180,
2023-03-10,421,0,-206,-185,-236,
2023-03-13,874,-29,123,348,-1193,
2023-03-14,414,-28,241,222,-608,
2023-03-15,217,2,383,595,-815,
2023-03-16,94,-4,54,-140,50,
2023-03-17,589,36,57,-189,-437,
2023-03-20,-341,-5,-301,-309,654,
2023-03-21,127,-8,-212,-488,368,
2023-03-22,183,-8,-289,-330,155,
2023-03-23,297,42,-149,-564,226,
2023-03-24,59,38,82,-204,108,
2023-03-27,180,-6,16,-327,153,
2023-03-28,137,-6,-28,-214,83,
2023-03-29,-223,15,-9,-50,258,
2023-03-30,-402,-6,173,92,317,
2023-03-31,129,37,266,299,-465,
2023-04-03,-314,1,-22,224,88,
2023-04-04,-269,0,-19,-185,453,
2023-04-05,215,10,19,-146,-79,
2023-04-06,-221,-1,-33,-20,242,
2023-04-07,-159,0,10,189,-30,
2023-04-10,-321,16,1,-65,370,
2023-04-11,-566,-5,147,35,536,
2023-04-12,-338,-4,-99,-247,589,
2023-04-13,-324,25,23,-59,358,
2023-04-14,-218,0,164,137,81,
2023-04-17,205,2,30,178,-385,
2023-04-18,129,10,112,245,-383,
2023-04-19,-115,-373,-27,301,186,
2023-04-20,54,-1,94,-16,-37,
2023-04-21,-239,9,-15,-285,515,
2023-04-24,-163,404,145,-554,313,
2023-04-25,-139,-1,-213,-416,557,
2023-04-26,-44,91,25,-90,42,
2023-04-27,-298,0,3,260,39,
2023-04-28,170,-1,355,-87,-81,
2023-05-04,-329,4,-53,125,200,
2023-05-05,-197,22,-421,-213,389,
2023-05-08,-9,-4,-30,76,-63,
2023-05-09,-234,4,-64,-175,405,
2023-05-10,-40,12,51,18,9,
2023-05-11,111,13,-40,-125,1,
2023-05-12,55,-54,-25,0,-2,
2023-05-15,-375,-2,73,-266,643,
2023-05-16,0,-26,28,210,-184,
2023-05-17,102,1,240,-193,90,
2023-05-18,119,-15,164,-34,-70,
2023-05-19,-268,1248,7,-1516,537,
2023-05-22,-471,3,-125,-608,1076,
2023-05-23,-631,26,-81,-731,1335,
2023-05-24,-522,-46,66,-86,654,
2023-05-25,-375,-23,183,177,220,
2023-05-26,-245,-88,67,-179,511,
2023-05-29,135,-11,368,273,-396,
2023-05-30,-197,-319,55,-660,1177,
2023-05-31,-399,-54,67,-614,1066,
2023-06-01,-119,3,-69,-103,219,
2023-06-02,-331,108,-121,-371,594,
2023-06-05,-110,-3,-61,-27,139,
2023-06-06,128,-58,-60,43,-112,
2023-06-07,-210,41,-19,-525,694,
2023-06-08,-391,75,437,29,287,
2023-06-09,144,-100,232,460,-505,
2023-06-12,225,-168,-419,-213,156,
2023-06-13,240,-59,182,413,-594,
2023-06-14,518,87,292,716,-1320,
2023-06-15,455,-56,223,493,-892,
2023-06-16,375,101,430,77,-554,
2023-06-19,-187,84,-302,-131,234,
2023-06-20,-400,-8,-72,-397,805,
2023-06-21,31,11,-290,-133,92,
2023-06-22,177,-585,32,-329,737,
2023-06-23,-42,2,-300,-396,437,
2023-06-26,-460,13,34,79,369,
2023-06-27,-135,-332,-57,-76,543,
2023-06-28,111,-35,57,-323,247,
2023-06-29,92,23,41,-203,88,
2023-06-30,257,125,100,-156,-226,
2023-07-03,130,3,92,-78,-55,
2023-07-04,-75,-371,284,2,444,
2023-07-05,127,60,212,-84,-102,
2023-07-06,-318,0,219,-4,322,
2023-07-07,-238,-1177,64,56,1163,
2023-07-10,-317,-33,-183,-397,747,
2023-07-11,-125,-13,-28,-155,293,
2023-07-12,-481,42,176,181,258,
2023-07-13,-23,242,239,483,-702,
2023-07-14,-147,-162,59,235,-106,
2023-07-17,312,197,206,169,-679,
2023-07-18,258,139,131,-45,-352,
2023-07-19,406,-190,61,506,-723,
2023-07-20,-25,-22,236,194,-147,
2023-07-21,-59,143,88,-214,158,
2023-07-24,-345,16,176,244,85,
2023-07-25,103,-113,41,-147,157,
2023-07-26,323,88,-69,-79,-332,
2023-07-27,-17,335,249,131,-449,
2023-07-28,175,241,127,378,-795,
2023-07-31,-71,166,53,206,-301,
2023-08-01,-420,140,627,727,-448,
2023-08-02,-69,227,25,-247,90,
2023-08-03,-135,60,39,-372,447,
2023-08-04,362,-182,920,-13,-167,
2023-08-07,-310,-84,-185,-48,443,
2023-08-08,-14,-222,-769,151,85,
2023-08-09,212,127,-317,-541,202,
2023-08-10,-323,-18,65,-272,613,
2023-08-11,-68,9,174,59,0,
2023-08-14,-698,-254,-98,-584,1536,
2023-08-15,-448,-86,-375,-226,760,
2023-08-16,-55,31,64,-19,43,
2023-08-17,-241,361,-344,-613,492,
2023-08-18,255,174,1146,814,-1243,
2023-08-21,287,-193,460,417,-511,
2023-08-22,-731,6,390,554,171,
2023-08-23,-606,51,-626,-833,1388,
2023-08-24,234,0,254,130,-364,
2023-08-25,-781,-63,31,128,716,
2023-08-28,97,35,14,244,-377,
2023-08-29,-226,28,-112,-73,272,
2023-08-30,375,151,-34,-232,-294,
2023-08-31,471,-15,-65,22,-477,
2023-09-05,-593,205,-72,-142,529,
2023-09-06,-562,451,227,180,-69,
2023-09-07,-868,-19,46,-80,967,
2023-09-08,-414,494,355,-54,-26,
2023-09-11,-1070,70,-289,-948,1948,
2023-09-12,354,-216,209,210,-347,
2023-09-13,-1187,-15,-695,-1083,2284,
2023-09-14,-191,-15,-584,-1317,1523,
2023-09-15,135,-10,422,207,-332,
2023-09-18,-252,-243,-198,-164,660,
2023-09-19,-374,2,124,629,-257,
2023-09-20,-168,-56,-99,-120,345,
2023-09-21,-497,135,79,-178,540,
2023-09-22,-35,-158,147,-303,497,
2023-09-25,702,0,492,809,-1511,
2023-09-26,742,-90,271,311,-962,
2023-09-27,134,181,276,303,-618,
2023-09-28,-544,42,-770,-1114,1615,
2023-09-29,-552,17,-46,-534,1069,
2023-10-02,90,88,-624,-428,250,
2023-10-03,-161,1,264,540,-380,
2023-10-04,137,53,-28,-264,74,
2023-10-05,-725,-8,-224,-287,1020,
2023-10-06,133,3,149,281,-417,
2023-10-09,-663,-47,-202,-119,829,
2023-10-10,-296,10,-211,-168,454,
2023-10-11,44,-21,253,197,-219,
2023-10-12,-561,-95,-88,7,649,
2023-10-13,-267,-8,-363,-194,469,
2023-10-16,-839,11,-12,-226,1054,
2023-10-17,75,-55,153,111,-131,
2023-10-18,555,2,757,1103,-1660,
2023-10-19,243,29,157,147,-419,
2023-10-20,179,585,514,465,-1229,
2023-10-23,-1073,1130,-599,-566,508,
2023-10-24,-459,1,389,393,65,
2023-10-25,-546,-10,-463,-592,1148,
2023-10-26,-161,66,1,-98,193,
2023-10-27,-377,29,68,-170,518,
2023-10-30,120,-226,-43,-136,242,
2023-10-31,521,-229,140,264,-556,
2023-11-01,401,-508,250,4,104,
2023-11-02,-200,53,-72,-86,233,
2023-11-03,178,88,641,-222,-44,
2023-11-06,273,80,191,125,-477,
2023-11-07,9,-273,-917,330,-66,
2023-11-08,-261,-7,1032,1026,-758,
2023-11-09,-662,-145,326,458,349,
2023-11-10,-140,-95,-458,-508,743,
2023-11-13,-152,-222,-9,131,242,
2023-11-14,-524,186,-334,-309,647,
2023-11-15,217,25,562,741,-983,
2023-11-16,-134,9,458,103,23,
2023-11-17,-670,-80,163,432,318,
2023-11-20,517,-51,-32,-238,-228,
2023-11-21,-242,-341,-54,52,531,
2023-11-22,-373,-371,-3,92,652,
2023-11-23,-332,-118,-137,-161,610,
2023-11-24,407,0,-11,113,-520,
2023-11-27,38,3,-279,-8,-33,
2023-11-28,-27,74,-55,-219,171,
2023-11-29,-18,-84,305,342,-240,
2023-11-30,-294,-92,-203,-262,648,
2023-12-01,-211,-97,-278,-146,454,
2023-12-04,-509,-71,722,473,107,
2023-12-05,-1329,-229,-233,-393,1951,
2023-12-06,-531,-17,189,440,109,
2023-12-07,-820,4,-32,97,719,
2023-12-08,-463,12,37,163,288,
2023-12-11,-316,-113,-47,-93,522,
2023-12-12,-308,1,-87,-121,428,
2023-12-13,-897,-14,-19,-412,1324,
2023-12-14,-353,-4,322,148,209,
2023-12-15,-1403,-63,9,410,1056,
2023-12-18,-684,-88,1766,29,743,
2023-12-19,-328,-137,-41,-245,711,
2023-12-20,-348,-66,-1831,-150,564,
2023-12-21,-481,-55,-245,213,322,
2023-12-22,-496,-11,-129,-379,886,
2023-12-25,-69,-54,407,1524,-1401,
2023-12-26,-314,1,-232,-294,608,
2023-12-27,124,-9,375,4513,-4627,
2023-12-28,301,142,24,282,-726,
2023-12-29,351,-9,300,93,-436,
2024-01-02,-152,-201,102,-48,401,
2024-01-03,-16,-188,-210,-227,430,
2024-01-04,-13,-7,653,986,-966,
2024-01-05,-459,37,265,371,51,
2024-01-08,-283,34,267,71,177,
2024-01-09,-235,118,167,-67,183,
2024-01-10,-217,0,-69,-439,655,
2024-01-11,69,86,-53,93,-248,
2024-01-12,97,-79,-512,-761,743,
2024-01-15,85,-30,204,333,-388,
2024-01-16,119,31,49,20,-170,
2024-01-17,180,-39,-438,-175,34,
2024-01-18,115,-54,518,672,-733,
2024-01-19,263,-83,291,498,-677,
2024-01-22,208,252,478,190,-649,
2024-01-23,41,198,-818,-719,480,
2024-01-24,-152,241,-20,259,-349,
2024-01-25,-239,103,-24,5,131,
2024-01-26,-98,339,546,435,-676,
2024-01-29,-108,-31,81,66,73,
2024-01-30,157,-27,101,-257,128,
2024-01-31,-61,185,-10,-153,29,
2024-02-01,-232,315,171,-388,305,
2024-02-02,-222,11,452,50,160,
2024-02-05,44,13,110,-135,78,
2024-02-06,-373,-37,-664,23,387,
2024-02-07,-15,5,78,112,-102,
2024-02-15,-328,0,-418,-590,917,
2024-02-16,-410,9,-38,140,260,
2024-02-19,147,-9,-365,-246,108,
2024-02-20,-119,242,-402,-322,199,
2024-02-21,-467,460,-570,-1016,1024,
2024-02-22,-1011,71,-291,25,914,
2024-02-23,-797,23,229,143,630,
2024-02-26,12,21,148,75,-108,
2024-02-27,23,20,-453,-825,782,
2024-02-28,186,34,-89,-632,412,
2024-02-29,-484,97,171,-140,527,
2024-03-01,200,0,187,181,-381,
2024-03-04,100,2,-54,-214,111,
2024-03-05,-41,-60,-16,-113,214,
2024-03-06,-148,-15,-353,-244,407,
2024-03-07,-285,135,338,277,-127,
2024-03-08,-678,14,199,-271,936,
2024-03-11,199,46,285,-20,-224,
2024-03-12,-175,3,-122,-393,565,
2024-03-13,-470,6,407,690,-227,
2024-03-14,-910,0,-132,-27,937,
2024-03-15,-1244,-62,73,369,936,
2024-03-18,-121,-808,1287,1745,-815,
2024-03-19,-637,-230,-785,-941,1808,
2024-03-20,-431,-133,-101,-42,607,
2024-03-21,-244,-115,639,1396,-1037,
2024-03-22,-468,7,-407,-407,868,
2024-03-25,-552,12,-483,-943,1483,
2024-03-26,-168,-7,-85,-517,692,
2024-03-27,-898,-981,-137,292,1588,
2024-03-28,-1337,8,235,-163,1491,
2024-03-29,-768,-24,94,-521,1314,
2024-04-01,-735,12,240,83,640,
2024-04-02,-699,-37,97,-377,1113,
2024-04-03,-1242,12,-1142,-1365,2595,
2024-04-04,604,-119,657,698,-1182,
2024-04-05,55,-30,413,350,-374,
2024-04-08,-122,-30,-371,-600,752,
2024-04-09,286,-12,-234,-246,-28,
2024-04-10,-967,359,-571,-867,1474,
2024-04-11,-17,68,422,483,-534,
2024-04-12,-860,132,68,120,608,
2024-04-15,-1306,36,645,994,276,
2024-04-16,57,6,1399,1157,-1220,
2024-04-17,-846,-147,-29,271,722,
2024-04-19,648,33,533,937,-1618,
2024-04-22,82,-321,572,732,-492,
2024-04-23,-369,74,-1078,-827,1122,
2024-04-24,663,-905,993,1024,-782,
2024-04-25,-313,-149,-557,-578,1039,
2024-04-26,103,7,-178,-133,23,
2024-05-02,-334,-533,89,-63,930,
2024-05-03,694,-140,872,172,-726,
2024-05-06,387,-145,72,303,-545,
2024-05-07,198,-85,-1051,101,-214,
2024-05-08,-436,-856,-216,-581,1874,
2024-05-09,-790,-912,-95,147,1555,
2024-05-10,-507,7,42,-289,789,
2024-05-13,-855,3,232,4,849,
2024-05-14,-753,-45,10,-81,879,
2024-05-15,243,52,281,-183,-111,
2024-05-16,-110,112,667,302,-304,
2024-05-17,-843,48,-87,-321,1116,
2024-05-20,-853,32,166,14,807,
2024-05-21,-1009,280,-540,-473,1203,
2024-05-22,-922,62,-345,62,798,
2024-05-23,-18,89,-279,-203,133,
2024-05-24,-1671,139,-617,-1266,2798,
2024-05-27,-509,-23,25,-442,974,
2024-05-28,-1209,60,-96,-277,1425,
2024-05-29,-1554,-102,-141,-625,2281,
2024-05-30,-1428,78,-241,-118,1469,
2024-05-31,-793,-639,220,-515,1947,
2024-06-03,-250,3,180,36,211,
2024-06-04,-158,23,-211,-784,919,
2024-06-05,-17,56,438,-253,213,
2024-06-06,-690,-52,-223,-416,1158,
2024-06-07,-406,-71,152,-270,746,
2024-06-10,-1129,25,-25,58,1046,
2024-06-11,-1750,-95,59,643,1202,
2024-06-12,-607,17,-366,201,389,
2024-06-13,-1262,-152,385,867,547,
2024-06-14,-570,-1,230,604,-33,
2024-06-17,-857,69,0,-323,1111,
2024-06-18,-668,14,168,-100,754,
2024-06-19,-1325,-196,-194,-366,1887,
2024-06-20,-974,-19,461,646,346,
2024-06-21,-1035,29,-736,-791,1797,
2024-06-24,-965,34,385,789,142,
2024-06-25,-183,-521,729,128,576,
2024-06-26,-595,-3,-296,-484,1082,
2024-06-27,-457,-684,12,281,860,
2024-06-28,-1181,10,593,541,629,
2024-07-01,-794,5,280,81,708,
2024-07-02,-224,189,-770,-638,674,
2024-07-03,-490,-46,-316,16,520,
2024-07-04,-576,0,-52,-158,734,
2024-07-05,-264,-107,-64,-392,763,
2024-07-08,-1239,-1026,329,439,1826,
2024-07-09,-1190,739,264,12,439,
2024-07-10,-970,-60,325,59,971,
2024-07-11,-1044,1050,-355,-532,526,
2024-07-12,-508,-253,-19,1,761,
2024-07-15,-592,-1026,793,844,774,
2024-07-16,-252,15,-52,35,202,
2024-07-17,329,197,-131,-709,183,
2024-07-18,-158,1072,-1405,-1665,751,
2024-07-19,-602,238,-1,-323,687,
2024-07-22,58,351,639,872,-1281,
2024-07-23,-135,8,599,760,-633,
2024-07-24,400,-161,679,856,-1095,
2024-07-25,-496,6,-16,-82,571,
2024-07-26,-281,669,-278,-338,-51,
2024-07-29,-216,-8,-102,-10,233,
2024-07-30,-313,6,-14,144,163,
2024-07-31,290,-964,-343,-134,808,
2024-08-01,69,-10,1098,1085,-1144,
2024-08-02,743,2,343,-137,-608,
2024-08-05,-789,51,-157,153,585,
2024-08-06,-69,-660,-234,509,220,
2024-08-07,-1352,-6,-319,602,757,
2024-08-08,-915,-260,-253,530,645,
2024-08-09,457,-401,-69,217,-274,
2024-08-12,-43,68,-309,-71,45,
2024-08-13,-73,389,272,487,-804,
2024-08-14,-87,773,135,89,-776,
2024-08-15,102,18,33,260,-380,
2024-08-16,147,-220,-438,-244,317,
2024-08-19,-304,-8,17,92,219,
2024-08-20,345,-17,57,45,-373,
2024-08-21,-215,-2,-55,799,-582,
2024-08-22,-444,-28,106,118,354,
2024-08-23,-72,-6,272,861,-783,
2024-08-26,-375,-16,209,311,79,
2024-08-27,-44,-198,383,274,-32,
2024-08-28,-90,-23,-272,-261,374,
2024-08-29,-105,-11,-49,91,25,
2024-08-30,24,41,1067,1427,-1492,
2024-09-04,-767,-7,-414,-239,1013,
2024-09-05,-681,-5,-116,0,686,
2024-09-06,644,-411,304,374,-607,
2024-09-09,-477,-6,-172,-396,879,
2024-09-10,-380,-7,152,26,361,
2024-09-11,16,-8,109,264,-271,
2024-09-12,-171,-16,306,70,118,
2024-09-13,162,-234,-66,-159,231,
2024-09-16,208,9,41,-241,23,
2024-09-17,556,-31,64,167,-692,
2024-09-18,221,91,-110,-1387,1075,
2024-09-19,501,-30,108,-788,317,
2024-09-20,-346,42,-502,-293,597,
2024-09-23,136,80,-757,-451,235,
2024-09-24,159,-2591,583,-779,3210,
2024-09-25,487,38,-473,-352,-174,
2024-09-26,942,16,149,769,-1728,
2024-09-27,264,-14,-126,116,-366,
2024-09-30,-469,-34,-33,67,437,
2024-10-01,690,-1,121,35,-725,
2024-10-02,167,91,1114,765,-1023,
2024-10-03,571,2,136,414,-988,
2024-10-04,-319,-254,519,432,141,
2024-10-07,-339,2,-33,10,327,
2024-10-08,-62,-54,29,101,15,
2024-10-09,-15,-31,54,118,-71,
2024-10-10,398,105,499,220,-723,
2024-10-11,70,-377,135,-139,446,
2024-10-14,-603,-12,-472,-526,1141,
2024-10-15,-431,-144,-106,-530,1105,
2024-10-16,-304,-27,589,-52,383,
2024-10-17,-359,-45,262,50,354,
2024-10-18,-210,52,448,309,-152,
2024-10-21,-270,0,17,-70,339,
2024-10-22,-208,70,355,-26,164,
2024-10-23,73,-63,-91,477,-487,
2024-10-24,-235,0,69,460,-224,
2024-10-25,-399,-13,328,565,-152,
2024-10-28,-386,-71,27,87,370,
2024-10-29,98,-5223,679,2178,2948,
2024-10-30,-261,111,-101,99,51,
2024-10-31,-497,-1121,115,748,869,
2024-11-01,-311,4,513,-211,518,
2024-11-04,-684,11,-28,191,481,
2024-11-05,-578,-277,-531,979,-123,
2024-11-06,-321,-61,610,684,-301,
2024-11-07,-397,6,94,382,9,
2024-11-08,-1055,-114,89,243,926,
2024-11-11,-747,-210,66,535,422,
2024-11-12,-608,0,52,308,300,
2024-11-13,-163,-11,574,777,-602,
2024-11-14,-775,-182,-22,213,744,
2024-11-15,-550,-780,250,987,342,
2024-11-18,-1078,-396,-186,11,1462,
2024-11-19,-1459,-216,-151,289,1387,
2024-11-20,-1074,-144,-386,344,874,
2024-11-21,-525,-337,-292,1464,-602,
2024-11-22,-242,271,-199,26,-55,
2024-11-25,189,-134,13,44,-100,
2024-11-26,390,-161,36,648,-877,
2024-11-27,275,64,-146,-19,-320,
2024-11-28,31,14,-29,509,-554,
2024-11-29,227,103,-84,-201,-129,
2024-12-02,-310,6,70,-138,442,
2024-12-03,-222,-4,-283,-270,496,
2024-12-04,-650,-2,-394,-265,917,
2024-12-05,674,-8,957,1186,-1852,
2024-12-06,359,-1,304,288,-645,
2024-12-09,-327,-154,-122,9,472,
2024-12-10,-221,86,-210,-163,298,
2024-12-11,-228,32,-510,-661,856,
2024-12-12,-295,0,-12,-94,390,
2024-12-13,-129,100,53,-285,314,
2024-12-16,-152,-53,180,-285,489,
2024-12-17,-672,3,-86,-132,801,
2024-12-18,-51,45,109,33,-27,
2024-12-19,-480,0,-1251,-1293,1772,
2024-12-20,-59,89,-1242,-865,835,
2024-12-23,-169,-111,19,71,209,
2024-12-24,69,-24,292,-522,477,
2024-12-25,119,130,924,1372,-1620,
2024-12-26,-363,-2,652,269,96,
2024-12-27,588,30,751,1138,-1756,
2024-12-30,342,19,-112,-61,-299,
2024-12-31,-317,16,-141,8,293,
2025-01-02,-97,0,-766,-1152,1249,
2025-01-03,-709,-27,-991,-820,1555,
2025-01-06,123,-10,290,593,-706,
2025-01-07,-92,0,-163,84,8,
2025-01-08,-436,-8,456,961,-516,
2025-01-09,-442,2,8,-73,513,
2025-01-10,-223,0,217,166,57,
2025-01-13,-70,-1,353,1150,-1079,
2025-01-14,-635,5,24,-8,638,
2025-01-15,-405,0,34,-60,465,
2025-01-16,-1049,-2057,-515,-519,3625,
2025-01-17,-460,-15,223,780,-305,
2025-01-20,-223,-25,159,-32,279,
2025-01-21,-157,-6,272,235,-71,
2025-01-22,-207,-43,379,454,-205,
2025-01-23,174,-28,471,879,-1026,
2025-01-24,590,44,535,788,-1422,
2025-02-03,-1461,-1,-1,-583,2044,
2025-02-04,-633,-322,-949,-437,1392,
2025-02-05,-364,-1,320,587,-222,
2025-02-06,-338,-8,-181,-7,352,
2025-02-07,-377,-735,-81,2,1110,
2025-02-10,-529,86,-183,-446,889,
2025-02-11,-573,-7,196,129,451,
2025-02-12,-416,7,13,54,354,
2025-02-13,-309,76,0,163,70,
2025-02-14,-266,87,147,316,-136,
2025-02-17,-595,-6,201,380,221,
2025-02-18,-158,14,49,174,-30,
2025-02-19,299,55,1,225,-578,
2025-02-20,-365,-29,205,-4,398,
2025-02-21,-73,-121,-37,-290,484,
2025-02-24,-309,43,-281,-150,415,
2025-02-25,-593,252,-173,64,277,
2025-02-26,-520,222,-300,-44,342,
2025-02-27,-625,-15,201,613,27,
2025-02-28,-1038,52,-181,-205,1191,
2025-03-03,-244,-133,441,579,-201,
2025-03-04,-353,27,-143,-159,485,
2025-03-05,-432,73,-363,-460,819,
2025-03-06,442,-10,67,-788,356,
2025-03-07,-171,25,-325,-574,720,
2025-03-10,-733,156,-131,-193,771,
2025-03-11,-220,6,508,631,-417,
2025-03-12,-899,66,135,769,65,
2025-03-13,198,-45,-128,-156,3,
2025-03-14,-584,357,-594,-557,784,
2025-03-17,240,-35,-357,-77,-128,
2025-03-18,-438,3,-12,285,150,
2025-03-19,-1368,-37,1192,793,613,
2025-03-20,-1446,38,255,-666,2075,
2025-03-21,-925,-24,309,343,607,
2025-03-24,-736,16,118,266,455,
2025-03-25,-436,34,141,1675,-1273,
2025-03-26,-536,22,373,175,339,
2025-03-27,-74,10,32,-2183,2246,
2025-03-28,-603,199,-279,-221,626,
2025-03-31,-1408,129,-375,917,361,
2025-04-01,-448,8,139,349,91,
2025-04-02,-738,29,285,-1194,1903,
2025-04-03,-3688,-1,1060,485,3204,
2025-04-04,-3179,417,1071,-32,2794,
2025-04-08,-1740,12,-1312,-2321,4049,
2025-04-09,140,131,-2260,-2076,1804,
2025-04-10,-886,31,-45,81,774,
2025-04-11,996,-16,-1314,-1343,363,
2025-04-14,-112,-1,-108,-109,222,
2025-04-15,198,16,-613,-998,784,
2025-04-16,-331,55,-231,-748,1024,
2025-04-17,-172,-4469,-213,-765,5407,
2025-04-18,-19,28,240,439,-448,
2025-04-21,69,100,-437,-789,621,
2025-04-22,374,144,58,-125,-393,
2025-04-23,-111,19,663,608,-516,
2025-04-24,583,-5,-220,-505,-74,
2025-04-25,-624,31,1233,36,557,
2025-04-28,-70,69,-367,-158,159,
2025-04-29,-261,8,-1240,259,-5,
2025-05-05,93,37,-503,-736,606,
2025-05-06,44,28,-324,-57,-15,
2025-05-07,879,20,192,-472,-427,
2025-05-08,241,8,-276,-391,142,
2025-05-09,-89,0,-195,207,-117,
2025-05-12,-299,5,433,270,24,
2025-05-13,952,26,-303,-222,-756,
2025-05-14,2417,-144,181,-996,-1277,
2025-05-15,897,21,58,-976,58,
2025-05-16,-771,-183,-192,188,766,
2025-05-19,330,-827,15,564,-67,
2025-05-20,-475,-45,-576,331,189,
2025-05-21,467,11,-395,-490,12,
2025-05-22,106,7,-358,-84,-29,
2025-05-23,-142,7,197,341,-206,
2025-05-26,-2,-33,-231,-88,123,
2025-05-27,-1098,-27,-159,99,1026,
2025-05-28,-241,41,-468,-422,622,
2025-05-29,-341,81,-610,-211,471,
2025-05-30,-1086,0,-802,105,981,
2025-06-02,-129,-82,-147,-1008,1219,
2025-06-03,465,388,-420,-773,-81,
2025-06-04,-32,18,-23,59,-46,
2025-06-05,-477,1,131,630,-154,
2025-06-06,-520,-1740,-143,592,1667,
2025-06-09,-324,-22,809,689,-343,
2025-06-10,325,-16,439,216,-525,
2025-06-11,-232,73,6,76,84,
2025-06-12,420,29,331,-354,-95,
2025-06-13,103,-8,-245,-547,452,
2025-06-16,943,42,-678,-1346,361,
2025-06-17,570,-11,-195,-321,-237,
2025-06-18,-370,93,182,96,181,
2025-06-19,-872,-22,-443,257,637,
2025-06-20,-445,-128,-36,-100,673,
2025-06-23,-142,-24,358,663,-497,
2025-06-24,29,200,641,203,-432,
2025-06-25,184,-6,362,-80,-98,
2025-06-26,-489,218,602,-1033,1305,
2025-06-27,-63,52,333,-556,567,
2025-06-30,589,3,182,-462,-130,
2025-07-01,400,-766,-986,38,328,
2025-07-02,918,-33,-841,-124,-762,
2025-07-03,2259,17,-789,-611,-1665,
2025-07-04,1528,251,462,-840,-938,
2025-07-07,1249,-22,124,-391,-836,
2025-07-08,1495,17,356,-263,-1250,
2025-07-09,1896,43,273,-1171,-767,
2025-07-10,1092,-16,272,-51,-1025,
2025-07-11,1103,113,487,-283,-933,
2025-07-14,146,-18,280,154,-282,
2025-07-15,857,250,-313,-662,-444,
2025-07-16,314,-77,180,-570,333,
2025-07-17,82,-236,875,571,-417,
2025-07-18,-118,21,143,536,-439,
2025-07-21,19,157,-29,33,-209,
2025-07-22,125,-1876,-51,-101,1853,
2025-07-23,-157,403,-149,91,-337,
2025-07-24,-404,196,92,510,-302,
2025-07-25,-49,-15,-289,516,-453,
2025-07-28,-1065,17,-205,-499,1547,
2025-07-29,-667,-297,1154,1217,-253,
2025-07-30,1688,-190,-1294,-871,-627,
2025-07-31,-1760,-171,-164,1377,553,
2025-08-01,-2444,139,360,232,2073,
2025-08-04,-272,-9846,-287,7082,3036,
2025-08-05,679,-3018,-1314,-386,2725,
2025-08-06,359,169,-205,-245,-283,
2025-08-07,-103,24,-637,-61,140,
2025-08-08,-853,11,247,523,319,
2025-08-11,-626,5,-393,0,621,
2025-08-12,-657,-34,-628,283,409,
2025-08-13,-1515,20,379,1267,228,
2025-08-14,-2538,142,421,1091,1305,
2025-08-15,-2824,-189,1056,2472,541,
2025-08-18,-1905,-45,328,1176,774,
2025-08-19,-1376,-128,1250,133,1372,
2025-08-20,-389,-48,125,1649,-1212,
2025-08-21,-2346,-77,415,953,1469,
2025-08-22,-1341,-37,1330,1968,-590,
2025-08-25,-1749,-7,1046,2051,-295,
2025-08-26,228,647,-348,314,-1189,
2025-08-27,-3984,-83,-1088,522,3545,
2025-08-28,-2149,-417,-219,-12,2578,
2025-08-29,-3621,-3,-667,517,3107,
2025-09-03,-2873,-4,578,1258,1619,
2025-09-04,-1188,398,275,87,703,
2025-09-05,-1414,31,178,1187,196,
2025-09-08,964,2,244,1773,-2739,
2025-09-09,-968,90,107,119,759,
2025-09-10,-2939,6,-674,1241,1692,
2025-09-11,-927,-152,775,1388,-309,
2025-09-12,-1044,-115,-197,69,1090,
2025-09-15,-1330,10,-134,170,1149,
2025-09-16,-146,181,-453,-2193,2158,
2025-09-17,-312,175,111,342,-204,
2025-09-18,-1488,-24,756,1488,24,
2025-09-19,-2763,-18,271,1220,1560,
2025-09-22,-1737,11,357,775,952,
2025-09-23,-88,77,58,-206,217,
2025-09-24,-1497,-9,-223,-511,2016,
2025-09-25,-2123,60,-299,535,1529,
2025-09-26,-2079,32,-408,706,1341,
2025-09-29,-756,3,-461,-619,1373,
2025-09-30,-996,-290,-524,531,755,
2025-10-01,-1595,-55,274,785,865,
2025-10-02,-2278,-77,342,1262,1093,
2025-10-03,-1200,-21,620,754,467,
2025-10-06,-1650,-208,422,75,1783,
2025-10-07,-1342,2,109,112,1229,
2025-10-08,103,115,-1076,-754,536,
2025-10-09,-1631,27,-1008,-148,1752,
2025-10-10,-567,105,-731,-220,681,
2025-10-13,-1622,380,-775,-915,2157,
2025-10-14,-1563,154,-645,-1859,3268,
2025-10-15,-857,25,365,217,615,
2025-10-16,704,-159,-82,131,-676,
2025-10-17,-1020,-880,-197,1691,210,
2025-10-20,-2061,8,1054,2500,-448,
2025-10-21,2306,71,448,372,-2749,
2025-10-22,-1527,-107,-173,-1018,2652,
2025-10-23,-1844,555,224,130,1160,
2025-10-24,-2012,250,932,1451,310,
2025-10-27,-1187,70,-697,1790,-673,
2025-10-28,964,557,-216,-345,-1176,
2025-10-29,-843,-647,-337,639,850,
2025-10-30,-988,-189,76,589,588,
2025-10-31,-461,1,1104,424,36,
2025-11-03,-131,-22,875,1061,-908,
2025-11-04,1180,22,-1160,-1949,746,
2025-11-05,-791,-17,-75,714,93,
2025-11-06,-1225,163,-369,270,792,
2025-11-07,-1348,36,11,1244,68,
2025-11-10,-208,25,-92,395,-212,
2025-11-11,-75,0,457,542,-467,
2025-11-12,-391,10,145,312,69,
2025-11-13,-1367,397,-393,-57,1027,
2025-11-14,-692,20,1162,1122,-449,
2025-11-17,-915,7,256,903,4,
2025-11-18,-120,73,-366,-222,269,
2025-11-19,-651,-1,-28,655,-4,
2025-11-20,261,33,-49,326,-620,
2025-11-21,-601,16,208,947,-362,
2025-11-24,-1179,26,380,356,798,
2025-11-25,-340,-23,68,-29,392,
2025-11-26,622,5,254,84,-712,
2025-11-27,-308,290,626,1040,-1022,
2025-11-28,311,25,-393,1781,-2117,
2025-12-01,-98,-200,24,2405,-2107,
2025-12-02,619,17,-99,1776,-2413,
2025-12-03,366,3280,-628,-3961,315,
2025-12-04,1067,-25,581,-564,-478,
2025-12-05,-616,9,181,459,148,
2025-12-08,-244,-1638,-384,548,1333,
2025-12-09,-1388,-1067,209,1776,679,
2025-12-10,-422,55,18,529,-162,
2025-12-11,-381,-112,194,-216,710,
2025-12-12,-544,-50,339,749,-155,
2025-12-15,663,32,-65,-251,-444,
2025-12-16,8,-2,497,-301,295,
2025-12-17,-6,11,-200,-36,31,
2025-12-18,-438,-441,-373,923,-45,
2025-12-19,479,42,297,295,-816,
2025-12-22,471,50,223,-125,-396,
2025-12-23,717,-2,-154,-741,26,
2025-12-24,1115,-37,913,-1089,10,
2025-12-25,676,-70,614,212,-818,
2025-12-26,-1102,-46,1414,903,245,
2025-12-29,247,-335,777,811,-723,
2025-12-30,959,42,667,-411,-591,
2025-12-31,504,210,310,-569,-145,
2026-01-05,-801,65,-588,968,-233,
2026-01-06,-213,-202,209,245,171,
2026-01-07,421,101,-743,-290,-232,
2026-01-08,927,-474,-448,-404,-49,
2026-01-09,923,-119,-1333,-777,-27,
2026-01-12,981,89,-293,-1050,-21,
2026-01-13,-239,-244,-168,585,-102,
2026-01-14,-468,5,-63,-630,1093,
2026-01-15,-920,78,29,-343,1184,
2026-01-16,-1083,-44,-206,180,947,
2026-01-19,518,-16,-28,-261,-241,
2026-01-20,-796,-881,905,1111,566,
2026-01-21,-321,8,-79,913,-600,
2026-01-22,-1468,8,-285,807,654,
2026-01-23,53,-261,-46,321,-113,
2026-01-26,240,-131,350,1052,-1162,
2026-01-27,-118,8,639,406,-297,
2026-01-28,-1556,-232,119,1350,438,
2026-01-29,-453,-4,53,734,-277,
2026-01-30,284,401,187,23,-708,
2026-02-02,-2474,7,-156,445,2022,
2026-02-03,-584,-40,-251,774,-151,
2026-02-04,-1007,43,150,-763,1727,
2026-02-05,-1381,124,-209,1336,-79,
2026-02-06,-1035,116,17,1921,-1002,
2026-02-09,-359,106,204,672,-419,
2026-02-10,697,61,-874,-379,-379,
2026-02-11,1959,130,562,-1226,-864,
2026-02-12,344,-1,-147,448,-791,
2026-02-13,-159,351,-1401,-258,65,
2026-02-23,-924,-193,117,991,126,
2026-02-24,267,55,-161,-877,555,
2026-02-25,-1087,24,-22,869,193,
2026-02-26,-1337,-1734,699,2520,550,
2026-02-27,-80,270,-254,-80,-110,
2026-03-02,647,115,202,-53,-708,
2026-03-03,-968,181,-163,3561,-2773,
2026-03-04,-1538,-154,-337,1473,219,
2026-03-05,-2962,-155,-638,1680,1437,
2026-03-06,-1325,15,-93,2012,-702,
2026-03-09,-437,65,204,2834,-2461,
2026-03-10,1083,46,-337,-1720,591,
2026-03-11,1055,26,557,-231,-850,
2026-03-12,-170,-37,-302,-145,352,
2026-03-13,-651,234,-51,-681,1098,
2026-03-16,-1322,-55,359,686,691,
2026-03-17,179,-848,1302,930,-261,
2026-03-18,-957,-1595,701,1275,1277,
2026-03-19,-1082,98,-1317,-409,1393,
2026-03-20,-2841,952,-755,672,1217,
2026-03-23,-301,-204,521,1104,-599,
2026-03-24,-621,39,269,-41,624,
2026-03-25,-1000,-4,817,538,465,
2026-03-26,-787,45,-620,388,354,
2026-03-27,-141,-7,685,24,125,
2026-03-30,-1399,36,279,324,1038,
2026-03-31,-874,25,1164,460,389,
2026-04-01,197,-1064,24,606,261,
2026-04-02,-970,3898,-812,-641,-2287,
2026-04-03,-1419,-150,169,1037,531,
2026-04-06,-143,27,-415,-394,510,
2026-04-07,-834,10,386,863,-39,
2026-04-08,580,-1165,-65,-979,1564,
2026-04-09,778,-3272,69,289,2205,
2026-04-10,844,-4,398,-108,-732,
2026-04-13,-152,54,-247,-1139,1237,
2026-04-14,152,1,-54,-186,33,
2026-04-15,-300,-3205,62,2473,1032,
2026-04-16,-899,-255,611,506,647,
2026-04-17,129,-23,133,-336,230,
2026-04-20,235,-850,1071,780,-165,
2026-04-21,-152,-233,-10,78,307,
2026-04-22,-15,-81,-1198,-1242,1338,
2026-04-23,-1652,-8,-479,1085,575,
2026-04-24,-1836,-99,-89,888,1047,
2026-04-28,-533,-1,132,724,-191,
2026-04-29,-1390,43,321,272,1075,
2026-05-04,-858,-172,179,-1451,2481,
2026-05-05,-969,-27,-359,235,761,
2026-05-06,-1039,-63,262,585,518,
2026-05-07,-280,-33,201,-647,960,
2026-05-08,-761,-128,-20,-333,1221,
2026-05-11,-1028,5,-408,278,745,
2026-05-12,-685,-135,-160,-148,969,
2026-05-13,-2005,534,-354,1456,15,
2026-05-14,73,181,-525,-1478,1224,
2026-05-15,-819,19,-864,-1146,1947,
2026-05-18,-603,-12,-635,-1303,1918,
2026-05-19,-517,-207,-178,787,-63,
2026-05-20,0,-27,186,350,-323,
2026-05-21,-1997,290,527,1088,618,
2026-05-22,-1871,-1302,17,485,2688,
2026-05-25,-443,-1472,-667,1782,132,
2026-05-26,-382,-516,115,303,594,
2026-05-27,-854,35,457,2345,-1527,
2026-05-28,-587,0,-36,-44,630,
2026-05-29,-696,-7,225,1124,-421,
2026-06-01,-663,16,-35,-522,1169,
2026-06-02,-604,57,-5,628,-81,
2026-06-03,-560,-132,-232,444,248,
2026-06-04,-773,-4983,-373,5542,213,
2026-06-05,267,40,-277,-278,-28,
2026-06-08,-720,49,-81,319,352,
2026-06-09,-862,-8,261,830,39,
2026-06-10,-604,24,-30,712,-133,
2026-06-11,-556,51,34,562,-58,
2026-06-12,-541,49,-276,826,-334,
2026-06-15,-577,4732,1263,421,-4577,
2026-06-16,-395,27,-253,203,165,
2026-06-17,-1085,-2090,-183,75,3100,
2026-06-18,-1898,13,-58,330,1555,
2026-06-19,-1497,-128,449,224,1401,
2026-06-22,-185,11,-154,-151,325,
2026-06-23,-629,2141,-304,-3509,1997,
2026-06-24,-603,-9,62,359,253,
2026-06-25,-963,-110,135,816,258,
2026-06-26,325,6,353,50,-381,
2026-06-29,-788,-1,87,169,619,
2026-06-30,-771,-417,15,101,1086,
2026-07-01,26,304,298,933,-1264,
2026-07-02,-457,18,-325,494,-55,
2026-07-03,-811,8,551,402,401,
2026-07-06,-545,-2250,-523,203,2592,
2026-07-07,-131,165,-197,-2102,2069,
2026-07-08,-558,11,3,-248,795,
2026-07-09,-460,7,181,459,-6,
2026-07-10,203,1170,-253,-149,-1224,
2026-07-13,-266,5,230,-872,1133,
2026-07-14,-214,21,-94,264,-71,
2026-07-15,-990,20,-330,48,922,
2026-07-16,-20,-9,65,-18,47,
2026-07-17,-688,7,-490,18,663,
2026-07-20,-91,45,440,300,-254,
2026-07-21,24,49,75,-4837,4765,
2026-07-22,-1947,10,473,74,1864,
2026-07-23,-440,-49,-44,-358,847,
2026-07-24,-1394,67,-431,-238,1565,
2026-07-27,-748,7,522,725,16,
2026-07-28,922,-2900,-171,-86,2064,
2026-07-29,120,-202,-235,399,-317,
2026-07-30,648,30,-190,-218,-461,
2026-07-31,-312,1,122,434,-124,
2026-08-03,1082,-25,542,-35,-1022,
2026-08-04,932,-41,-1157,-516,-375,
2026-08-05,492,7,-724,-1038,540,
2026-08-06,-135,15,-285,-475,595,
2026-08-07,-778,702,-605,-1148,1224,
2026-08-10,-446,166,313,435,-155,
2026-08-11,-746,-23,250,910,-140,
2026-08-12,283,31,1095,476,-790,
2026-08-13,-604,31,-192,264,310,
2026-08-14,-853,-25,-446,-401,1279,
2026-08-17,-607,5,234,207,396,
2026-08-18,-836,68,-430,-193,961,
2026-08-19,-708,-4,156,1375,-664,
2026-08-20,-613,-4,589,515,102,
2026-08-21,40,0,162,-468,428,
2026-08-24,178,-2,-198,-415,239,
2026-08-25,293,-13,-384,674,-954,
2026-08-26,7,-42,299,484,-449,
2026-08-27,256,-46,-618,-19,-191,
2026-08-28,315,6,-713,330,-651,
2026-09-03,-1453,-73,-280,,,lin_eq_pn_unavail|provisional
2026-09-04,90,7,-168,,,lin_eq_pn_unavail|provisional
2026-09-07,-475,10,-214,,,lin_eq_pn_unavail|provisional
2026-09-08,-402,2,-145,,,lin_eq_pn_unavail|provisional
2026-09-09,-269,1,-259,,,lin_eq_pn_unavail|provisional
2026-09-10,283,86,296,,,lin_eq_pn_unavail|provisional
2026-09-11,-769,-101,-94,,,lin_eq_pn_unavail|provisional
2026-09-14,822,0,-1,,,lin_eq_pn_unavail|provisional
